--
-- PostgreSQL database dump
--

-- Dumped from database version 9.5.4
-- Dumped by pg_dump version 9.5.4

SET statement_timeout = 0;
SET lock_timeout = 0;
SET client_encoding = 'UTF8';
SET standard_conforming_strings = on;
SET check_function_bodies = false;
SET client_min_messages = warning;
SET row_security = off;

--
-- Name: plpgsql; Type: EXTENSION; Schema: -; Owner: 
--

CREATE EXTENSION IF NOT EXISTS plpgsql WITH SCHEMA pg_catalog;


--
-- Name: EXTENSION plpgsql; Type: COMMENT; Schema: -; Owner: 
--

COMMENT ON EXTENSION plpgsql IS 'PL/pgSQL procedural language';


SET search_path = public, pg_catalog;

SET default_tablespace = '';

SET default_with_oids = false;

--
-- Name: allergy_intolerance; Type: TABLE; Schema: public; Owner: postgres
--

CREATE TABLE allergy_intolerance (
    id integer NOT NULL,
    identifier_system character(100),
    identifier_value character(100),
    patient integer,
    recorder integer,
    substance_code character(100),
    substance_display character(100),
    status character(100),
    criticality character(100),
    category character(100),
    reaction json,
    substance_system character varying
);


ALTER TABLE allergy_intolerance OWNER TO postgres;

--
-- Name: auth_temp; Type: TABLE; Schema: public; Owner: postgres
--

CREATE TABLE auth_temp (
    id integer NOT NULL,
    client_id character varying(255),
    client_secret character varying(255),
    auth_code character varying(255),
    access_token character varying(255),
    aud character varying(255),
    expiry character varying(255),
    scope text,
    last_updated_ts timestamp without time zone DEFAULT timezone('UTC'::text, now()) NOT NULL,
    redirect_uri character(255),
    state character(255),
    transaction_id character(255),
    refresh_token character varying(255),
    launch_patient_id integer
);


ALTER TABLE auth_temp OWNER TO postgres;

--
-- Name: auth_temp_id_seq; Type: SEQUENCE; Schema: public; Owner: postgres
--

CREATE SEQUENCE auth_temp_id_seq
    START WITH 1
    INCREMENT BY 1
    NO MINVALUE
    NO MAXVALUE
    CACHE 1;


ALTER TABLE auth_temp_id_seq OWNER TO postgres;

--
-- Name: auth_temp_id_seq; Type: SEQUENCE OWNED BY; Schema: public; Owner: postgres
--

ALTER SEQUENCE auth_temp_id_seq OWNED BY auth_temp.id;


--
-- Name: authenticator; Type: TABLE; Schema: public; Owner: postgres
--

CREATE TABLE authenticator (
    id integer NOT NULL,
    name character varying(100)
);


ALTER TABLE authenticator OWNER TO postgres;

--
-- Name: authenticator_id_seq; Type: SEQUENCE; Schema: public; Owner: postgres
--

CREATE SEQUENCE authenticator_id_seq
    START WITH 1
    INCREMENT BY 1
    NO MINVALUE
    NO MAXVALUE
    CACHE 1;


ALTER TABLE authenticator_id_seq OWNER TO postgres;

--
-- Name: authenticator_id_seq; Type: SEQUENCE OWNED BY; Schema: public; Owner: postgres
--

ALTER SEQUENCE authenticator_id_seq OWNED BY authenticator.id;


--
-- Name: author; Type: TABLE; Schema: public; Owner: postgres
--

CREATE TABLE author (
    id integer NOT NULL,
    name character varying(100)
);


ALTER TABLE author OWNER TO postgres;

--
-- Name: author_id_seq; Type: SEQUENCE; Schema: public; Owner: postgres
--

CREATE SEQUENCE author_id_seq
    START WITH 1
    INCREMENT BY 1
    NO MINVALUE
    NO MAXVALUE
    CACHE 1;


ALTER TABLE author_id_seq OWNER TO postgres;

--
-- Name: author_id_seq; Type: SEQUENCE OWNED BY; Schema: public; Owner: postgres
--

ALTER SEQUENCE author_id_seq OWNED BY author.id;


--
-- Name: careplan; Type: TABLE; Schema: public; Owner: postgres
--

CREATE TABLE careplan (
    id integer NOT NULL,
    patient integer,
    status character varying(150),
    cat_code character varying(255),
    cat_system character varying(255)
);


ALTER TABLE careplan OWNER TO postgres;

--
-- Name: careplan_participant; Type: TABLE; Schema: public; Owner: postgres
--

CREATE TABLE careplan_participant (
    id integer NOT NULL,
    careteam integer,
    role_system character varying(255),
    role_code character varying(255),
    role_display character varying(255),
    member_reference character varying(255),
    member_display character varying(255)
);


ALTER TABLE careplan_participant OWNER TO postgres;

--
-- Name: careteam_id_seq; Type: SEQUENCE; Schema: public; Owner: postgres
--

CREATE SEQUENCE careteam_id_seq
    START WITH 1
    INCREMENT BY 1
    NO MINVALUE
    NO MAXVALUE
    CACHE 1;


ALTER TABLE careteam_id_seq OWNER TO postgres;

--
-- Name: careteam_id_seq; Type: SEQUENCE OWNED BY; Schema: public; Owner: postgres
--

ALTER SEQUENCE careteam_id_seq OWNED BY careplan.id;


--
-- Name: careteam_participant_id_seq; Type: SEQUENCE; Schema: public; Owner: postgres
--

CREATE SEQUENCE careteam_participant_id_seq
    START WITH 1
    INCREMENT BY 1
    NO MINVALUE
    NO MAXVALUE
    CACHE 1;


ALTER TABLE careteam_participant_id_seq OWNER TO postgres;

--
-- Name: careteam_participant_id_seq; Type: SEQUENCE OWNED BY; Schema: public; Owner: postgres
--

ALTER SEQUENCE careteam_participant_id_seq OWNED BY careplan_participant.id;


--
-- Name: clients; Type: TABLE; Schema: public; Owner: postgres
--

CREATE TABLE clients (
    id integer NOT NULL,
    user_id integer NOT NULL,
    client_id character varying(255) NOT NULL,
    client_secret character varying(255) NOT NULL,
    register_token character varying(255),
    name character varying(255),
    org_name character varying(255),
    contact_name character varying(255),
    contact_mail character varying(255),
    scope text,
    redirect_uri character varying(255),
    last_updated_ts timestamp without time zone DEFAULT timezone('UTC'::text, now()) NOT NULL,
    status boolean
);


ALTER TABLE clients OWNER TO postgres;

--
-- Name: clients_id_seq; Type: SEQUENCE; Schema: public; Owner: postgres
--

CREATE SEQUENCE clients_id_seq
    START WITH 1
    INCREMENT BY 1
    NO MINVALUE
    NO MAXVALUE
    CACHE 1;


ALTER TABLE clients_id_seq OWNER TO postgres;

--
-- Name: clients_id_seq; Type: SEQUENCE OWNED BY; Schema: public; Owner: postgres
--

ALTER SEQUENCE clients_id_seq OWNED BY clients.id;


--
-- Name: condition; Type: TABLE; Schema: public; Owner: postgres
--

CREATE TABLE condition (
    id integer NOT NULL,
    identifier_system character(100),
    identifier_value character(100),
    patient integer,
    asserter integer,
    code character(100),
    code_display character(100),
    category_code character(100),
    clinical_status character(100),
    severity_code character(100),
    onset json,
    date_recorded date,
    severity_display character(100),
    code_system character varying,
    category_display character varying(100),
    category_system character varying(100),
    verification_status character varying(100)
);


ALTER TABLE condition OWNER TO postgres;

--
-- Name: confidentiality; Type: TABLE; Schema: public; Owner: postgres
--

CREATE TABLE confidentiality (
    id integer NOT NULL,
    code character varying(100),
    display character varying(200),
    system character varying(100)
);


ALTER TABLE confidentiality OWNER TO postgres;

--
-- Name: confidentiality_id_seq; Type: SEQUENCE; Schema: public; Owner: postgres
--

CREATE SEQUENCE confidentiality_id_seq
    START WITH 1
    INCREMENT BY 1
    NO MINVALUE
    NO MAXVALUE
    CACHE 1;


ALTER TABLE confidentiality_id_seq OWNER TO postgres;

--
-- Name: confidentiality_id_seq; Type: SEQUENCE OWNED BY; Schema: public; Owner: postgres
--

ALTER SEQUENCE confidentiality_id_seq OWNED BY confidentiality.id;


--
-- Name: content; Type: TABLE; Schema: public; Owner: postgres
--

CREATE TABLE content (
    id integer NOT NULL,
    content_type character varying(30),
    language character varying(10),
    url character varying(100),
    content_size integer,
    title character varying(100)
);


ALTER TABLE content OWNER TO postgres;

--
-- Name: content_id_seq; Type: SEQUENCE; Schema: public; Owner: postgres
--

CREATE SEQUENCE content_id_seq
    START WITH 1
    INCREMENT BY 1
    NO MINVALUE
    NO MAXVALUE
    CACHE 1;


ALTER TABLE content_id_seq OWNER TO postgres;

--
-- Name: content_id_seq; Type: SEQUENCE OWNED BY; Schema: public; Owner: postgres
--

ALTER SEQUENCE content_id_seq OWNED BY content.id;


--
-- Name: context_event; Type: TABLE; Schema: public; Owner: postgres
--

CREATE TABLE context_event (
    id integer NOT NULL,
    code character varying(100),
    display character varying(200),
    system character varying(100)
);


ALTER TABLE context_event OWNER TO postgres;

--
-- Name: context_event_id_seq; Type: SEQUENCE; Schema: public; Owner: postgres
--

CREATE SEQUENCE context_event_id_seq
    START WITH 1
    INCREMENT BY 1
    NO MINVALUE
    NO MAXVALUE
    CACHE 1;


ALTER TABLE context_event_id_seq OWNER TO postgres;

--
-- Name: context_event_id_seq; Type: SEQUENCE OWNED BY; Schema: public; Owner: postgres
--

ALTER SEQUENCE context_event_id_seq OWNED BY context_event.id;


--
-- Name: context_facility_type; Type: TABLE; Schema: public; Owner: postgres
--

CREATE TABLE context_facility_type (
    id integer NOT NULL,
    code character varying(100),
    display character varying(200),
    system character varying(100)
);


ALTER TABLE context_facility_type OWNER TO postgres;

--
-- Name: context_facility_type_id_seq; Type: SEQUENCE; Schema: public; Owner: postgres
--

CREATE SEQUENCE context_facility_type_id_seq
    START WITH 1
    INCREMENT BY 1
    NO MINVALUE
    NO MAXVALUE
    CACHE 1;


ALTER TABLE context_facility_type_id_seq OWNER TO postgres;

--
-- Name: context_facility_type_id_seq; Type: SEQUENCE OWNED BY; Schema: public; Owner: postgres
--

ALTER SEQUENCE context_facility_type_id_seq OWNED BY context_facility_type.id;


--
-- Name: context_period; Type: TABLE; Schema: public; Owner: postgres
--

CREATE TABLE context_period (
    id integer NOT NULL,
    start timestamp with time zone,
    "end" timestamp with time zone
);


ALTER TABLE context_period OWNER TO postgres;

--
-- Name: custodian; Type: TABLE; Schema: public; Owner: postgres
--

CREATE TABLE custodian (
    id integer NOT NULL,
    name character varying(100)
);


ALTER TABLE custodian OWNER TO postgres;

--
-- Name: custodian_id_seq; Type: SEQUENCE; Schema: public; Owner: postgres
--

CREATE SEQUENCE custodian_id_seq
    START WITH 1
    INCREMENT BY 1
    NO MINVALUE
    NO MAXVALUE
    CACHE 1;


ALTER TABLE custodian_id_seq OWNER TO postgres;

--
-- Name: custodian_id_seq; Type: SEQUENCE OWNED BY; Schema: public; Owner: postgres
--

ALTER SEQUENCE custodian_id_seq OWNED BY custodian.id;


--
-- Name: device; Type: TABLE; Schema: public; Owner: postgres
--

CREATE TABLE device (
    id integer NOT NULL,
    status character varying(150),
    udi text,
    patient integer,
    type_code character varying(255),
    type_system character varying(255),
    type_display character varying(255),
    text_status character varying(255),
    text_div text,
    identifier_value character varying(255),
    identifier_system character varying(255),
    identifier_type_code character varying(255),
    identifier_type_system character varying(255),
    identifier_type_text character varying(255),
    identifier_type_value character varying(255)
);


ALTER TABLE device OWNER TO postgres;

--
-- Name: device_id_seq; Type: SEQUENCE; Schema: public; Owner: postgres
--

CREATE SEQUENCE device_id_seq
    START WITH 1
    INCREMENT BY 1
    NO MINVALUE
    NO MAXVALUE
    CACHE 1;


ALTER TABLE device_id_seq OWNER TO postgres;

--
-- Name: device_id_seq; Type: SEQUENCE OWNED BY; Schema: public; Owner: postgres
--

ALTER SEQUENCE device_id_seq OWNED BY device.id;


--
-- Name: diagnosticreport; Type: TABLE; Schema: public; Owner: postgres
--

CREATE TABLE diagnosticreport (
    id integer NOT NULL,
    status character varying(255),
    cat_code character varying(255),
    cat_system character varying(255),
    cat_display character varying(255),
    cat_text character varying(255),
    code character varying(255),
    code_system character varying(255),
    code_display character varying(255),
    code_text character varying(255),
    patient integer,
    effectivedate date,
    issued date,
    performer integer,
    result integer,
    identifier_system character varying(255),
    identifier_value character varying(255),
    last_updated_ts timestamp without time zone DEFAULT timezone('UTC'::text, now()) NOT NULL
);


ALTER TABLE diagnosticreport OWNER TO postgres;

--
-- Name: diagnosticreport_id_seq; Type: SEQUENCE; Schema: public; Owner: postgres
--

CREATE SEQUENCE diagnosticreport_id_seq
    START WITH 1
    INCREMENT BY 1
    NO MINVALUE
    NO MAXVALUE
    CACHE 1;


ALTER TABLE diagnosticreport_id_seq OWNER TO postgres;

--
-- Name: diagnosticreport_id_seq; Type: SEQUENCE OWNED BY; Schema: public; Owner: postgres
--

ALTER SEQUENCE diagnosticreport_id_seq OWNED BY diagnosticreport.id;


--
-- Name: doc_class_codes; Type: TABLE; Schema: public; Owner: postgres
--

CREATE TABLE doc_class_codes (
    id integer NOT NULL,
    code character varying(100),
    display character varying(200),
    system character varying(100)
);


ALTER TABLE doc_class_codes OWNER TO postgres;

--
-- Name: doc_class_codes_id_seq; Type: SEQUENCE; Schema: public; Owner: postgres
--

CREATE SEQUENCE doc_class_codes_id_seq
    START WITH 1
    INCREMENT BY 1
    NO MINVALUE
    NO MAXVALUE
    CACHE 1;


ALTER TABLE doc_class_codes_id_seq OWNER TO postgres;

--
-- Name: doc_class_codes_id_seq; Type: SEQUENCE OWNED BY; Schema: public; Owner: postgres
--

ALTER SEQUENCE doc_class_codes_id_seq OWNED BY doc_class_codes.id;


--
-- Name: doc_type_codes; Type: TABLE; Schema: public; Owner: postgres
--

CREATE TABLE doc_type_codes (
    id integer NOT NULL,
    code character varying(100),
    display character varying(200),
    system character varying(100)
);


ALTER TABLE doc_type_codes OWNER TO postgres;

--
-- Name: doc_type_codes_id_seq; Type: SEQUENCE; Schema: public; Owner: postgres
--

CREATE SEQUENCE doc_type_codes_id_seq
    START WITH 1
    INCREMENT BY 1
    NO MINVALUE
    NO MAXVALUE
    CACHE 1;


ALTER TABLE doc_type_codes_id_seq OWNER TO postgres;

--
-- Name: doc_type_codes_id_seq; Type: SEQUENCE OWNED BY; Schema: public; Owner: postgres
--

ALTER SEQUENCE doc_type_codes_id_seq OWNED BY doc_type_codes.id;


--
-- Name: document_reference; Type: TABLE; Schema: public; Owner: postgres
--

CREATE TABLE document_reference (
    id integer NOT NULL,
    master_dentifier_system character varying(100),
    master_dentifier_value character varying(100),
    identifier_use character varying(100),
    identifier_system character varying(100),
    identifier_value character varying(100),
    subject integer,
    type integer,
    class_code integer,
    document_format character varying(100),
    author integer,
    custodian integer,
    authenticator integer,
    created timestamp without time zone,
    indexed timestamp with time zone,
    status character varying(50),
    doc_status character varying(50),
    description character varying(1000),
    confidentiality integer,
    content integer,
    context_event integer,
    context_period integer,
    context_facility_type integer
);


ALTER TABLE document_reference OWNER TO postgres;

--
-- Name: document_reference_json; Type: TABLE; Schema: public; Owner: postgres
--

CREATE TABLE document_reference_json (
    id integer NOT NULL,
    master_dentifier json,
    identifier json,
    subject integer,
    type integer,
    class_code integer,
    document_format character varying(100)
);


ALTER TABLE document_reference_json OWNER TO postgres;

--
-- Name: document_reference_id_seq; Type: SEQUENCE; Schema: public; Owner: postgres
--

CREATE SEQUENCE document_reference_id_seq
    START WITH 1
    INCREMENT BY 1
    NO MINVALUE
    NO MAXVALUE
    CACHE 1;


ALTER TABLE document_reference_id_seq OWNER TO postgres;

--
-- Name: document_reference_id_seq; Type: SEQUENCE OWNED BY; Schema: public; Owner: postgres
--

ALTER SEQUENCE document_reference_id_seq OWNED BY document_reference_json.id;


--
-- Name: document_reference_id_seq1; Type: SEQUENCE; Schema: public; Owner: postgres
--

CREATE SEQUENCE document_reference_id_seq1
    START WITH 1
    INCREMENT BY 1
    NO MINVALUE
    NO MAXVALUE
    CACHE 1;


ALTER TABLE document_reference_id_seq1 OWNER TO postgres;

--
-- Name: document_reference_id_seq1; Type: SEQUENCE OWNED BY; Schema: public; Owner: postgres
--

ALTER SEQUENCE document_reference_id_seq1 OWNED BY document_reference.id;


--
-- Name: event_period_id_seq; Type: SEQUENCE; Schema: public; Owner: postgres
--

CREATE SEQUENCE event_period_id_seq
    START WITH 1
    INCREMENT BY 1
    NO MINVALUE
    NO MAXVALUE
    CACHE 1;


ALTER TABLE event_period_id_seq OWNER TO postgres;

--
-- Name: event_period_id_seq; Type: SEQUENCE OWNED BY; Schema: public; Owner: postgres
--

ALTER SEQUENCE event_period_id_seq OWNED BY context_period.id;


--
-- Name: goals; Type: TABLE; Schema: public; Owner: postgres
--

CREATE TABLE goals (
    id integer NOT NULL,
    status character varying(150),
    date date,
    patient integer,
    description text,
    textstatus character varying(255)
);


ALTER TABLE goals OWNER TO postgres;

--
-- Name: goals_id_seq; Type: SEQUENCE; Schema: public; Owner: postgres
--

CREATE SEQUENCE goals_id_seq
    START WITH 1
    INCREMENT BY 1
    NO MINVALUE
    NO MAXVALUE
    CACHE 1;


ALTER TABLE goals_id_seq OWNER TO postgres;

--
-- Name: goals_id_seq; Type: SEQUENCE OWNED BY; Schema: public; Owner: postgres
--

ALTER SEQUENCE goals_id_seq OWNED BY goals.id;


--
-- Name: immunization; Type: TABLE; Schema: public; Owner: postgres
--

CREATE TABLE immunization (
    id integer NOT NULL,
    status character varying(150),
    date date,
    vaccine_system character varying(255),
    vaccine_code character varying(255),
    vaccine_display character varying(255),
    patient integer,
    wasnotgiven boolean,
    reported boolean
);


ALTER TABLE immunization OWNER TO postgres;

--
-- Name: immunization_id_seq; Type: SEQUENCE; Schema: public; Owner: postgres
--

CREATE SEQUENCE immunization_id_seq
    START WITH 1
    INCREMENT BY 1
    NO MINVALUE
    NO MAXVALUE
    CACHE 1;


ALTER TABLE immunization_id_seq OWNER TO postgres;

--
-- Name: immunization_id_seq; Type: SEQUENCE OWNED BY; Schema: public; Owner: postgres
--

ALTER SEQUENCE immunization_id_seq OWNED BY immunization.id;


--
-- Name: location; Type: TABLE; Schema: public; Owner: postgres
--

CREATE TABLE location (
    location_id integer NOT NULL,
    identifier json,
    status character varying(255),
    name character varying(255),
    description character varying(255),
    mode character varying(255),
    type json,
    telecom json,
    address json,
    physicaltype json,
    "position" json,
    managingorganization character varying(255),
    partof character varying(255)
);


ALTER TABLE location OWNER TO postgres;

--
-- Name: location_location_id_seq; Type: SEQUENCE; Schema: public; Owner: postgres
--

CREATE SEQUENCE location_location_id_seq
    START WITH 1
    INCREMENT BY 1
    NO MINVALUE
    NO MAXVALUE
    CACHE 1;


ALTER TABLE location_location_id_seq OWNER TO postgres;

--
-- Name: location_location_id_seq; Type: SEQUENCE OWNED BY; Schema: public; Owner: postgres
--

ALTER SEQUENCE location_location_id_seq OWNED BY location.location_id;


--
-- Name: manufacturer; Type: TABLE; Schema: public; Owner: postgres
--

CREATE TABLE manufacturer (
    id integer NOT NULL,
    name character(100)
);


ALTER TABLE manufacturer OWNER TO postgres;

--
-- Name: marital_status; Type: TABLE; Schema: public; Owner: postgres
--

CREATE TABLE marital_status (
    code character(1) NOT NULL,
    display character varying(30)
);


ALTER TABLE marital_status OWNER TO postgres;

--
-- Name: medication; Type: TABLE; Schema: public; Owner: postgres
--

CREATE TABLE medication (
    id integer NOT NULL,
    med_code character varying(100),
    med_isbrand boolean,
    med_form character varying(100),
    med_ingredient json,
    med_manufacturer integer,
    med_display character(100),
    med_system character varying
);


ALTER TABLE medication OWNER TO postgres;

--
-- Name: medication_administration; Type: TABLE; Schema: public; Owner: postgres
--

CREATE TABLE medication_administration (
    id integer NOT NULL,
    identifier_system character(100),
    identifier_value character(100),
    status character(50),
    patient integer,
    practitioner integer,
    prescription integer,
    wasnotgiven boolean,
    reasonnotgiven character(255),
    medicationcodeableconcept json,
    medicationreference integer,
    dosage json,
    effectivetimeperiod json
);


ALTER TABLE medication_administration OWNER TO postgres;

--
-- Name: medication_dispense; Type: TABLE; Schema: public; Owner: postgres
--

CREATE TABLE medication_dispense (
    id integer NOT NULL,
    identifier_system character(100),
    identifier_value character(100),
    patient integer,
    dispenser integer,
    authorizingprescription integer,
    medicationreference integer,
    dosageinstruction json,
    status character(100),
    medicationcodeableconcept json
);


ALTER TABLE medication_dispense OWNER TO postgres;

--
-- Name: medication_order; Type: TABLE; Schema: public; Owner: postgres
--

CREATE TABLE medication_order (
    id integer NOT NULL,
    datewritten date,
    patient integer,
    prescriber integer,
    medicationcodeableconcept json,
    medicationreference integer,
    dosageinstruction json,
    dispencerequest json,
    status character(50),
    identifier_system character(100),
    identifier_value character(100)
);


ALTER TABLE medication_order OWNER TO postgres;

--
-- Name: medication_statement; Type: TABLE; Schema: public; Owner: postgres
--

CREATE TABLE medication_statement (
    id integer NOT NULL,
    patient integer,
    wasnottaken boolean,
    reasonnottaken character(100),
    effectiveperiod date,
    medicationcodeableconcept json,
    medicationreference integer,
    dosage json,
    identifier_system character(100),
    identifier_value character(100),
    status character(50)
);


ALTER TABLE medication_statement OWNER TO postgres;

--
-- Name: observation; Type: TABLE; Schema: public; Owner: postgres
--

CREATE TABLE observation (
    id integer NOT NULL,
    code character varying(255),
    code_system character varying(100),
    code_display character varying(255),
    code_text character varying(255),
    cat_code character varying(255),
    cat_system character varying(255),
    cat_display character varying(255),
    cat_text character varying(255),
    val_code character varying(255),
    val_system character varying(255),
    val_display character varying(255),
    val_text character varying(255),
    status character varying(255),
    patient integer,
    last_updated_ts timestamp without time zone DEFAULT timezone('UTC'::text, now()) NOT NULL,
    val_quan_value double precision,
    val_quan_sys character varying(100),
    val_quan_unit character varying(100),
    effective_date timestamp without time zone,
    val_quan_code character varying(100),
    bp_code character varying(255),
    issued_date date,
    identifier_system character varying(255),
    identifier_value character varying(255)
);


ALTER TABLE observation OWNER TO postgres;

--
-- Name: observation_id_seq; Type: SEQUENCE; Schema: public; Owner: postgres
--

CREATE SEQUENCE observation_id_seq
    START WITH 1
    INCREMENT BY 1
    NO MINVALUE
    NO MAXVALUE
    CACHE 1;


ALTER TABLE observation_id_seq OWNER TO postgres;

--
-- Name: observation_id_seq; Type: SEQUENCE OWNED BY; Schema: public; Owner: postgres
--

ALTER SEQUENCE observation_id_seq OWNED BY observation.id;


--
-- Name: organization; Type: TABLE; Schema: public; Owner: postgres
--

CREATE TABLE organization (
    id integer NOT NULL,
    identifier json,
    active boolean,
    telecom json,
    type json,
    address json,
    name character varying(255)
);


ALTER TABLE organization OWNER TO postgres;

--
-- Name: patient; Type: TABLE; Schema: public; Owner: postgres
--

CREATE TABLE patient (
    id integer NOT NULL,
    identifier_system character varying(100),
    identifier_value character varying(100),
    name character varying(100)
);


ALTER TABLE patient OWNER TO postgres;

--
-- Name: patient_contact; Type: TABLE; Schema: public; Owner: postgres
--

CREATE TABLE patient_contact (
    id integer NOT NULL,
    patient_id integer,
    relationship character varying(20),
    contact_name character varying(100),
    phone character varying(15),
    address_use character varying(10),
    address_line_1 character varying(100),
    address_line_2 character varying(100),
    address_city character varying(50),
    address_state character varying(50),
    address_zip character varying(10),
    address_country character varying
);


ALTER TABLE patient_contact OWNER TO postgres;

--
-- Name: patient_contact_id_seq; Type: SEQUENCE; Schema: public; Owner: postgres
--

CREATE SEQUENCE patient_contact_id_seq
    START WITH 1
    INCREMENT BY 1
    NO MINVALUE
    NO MAXVALUE
    CACHE 1;


ALTER TABLE patient_contact_id_seq OWNER TO postgres;

--
-- Name: patient_contact_id_seq; Type: SEQUENCE OWNED BY; Schema: public; Owner: postgres
--

ALTER SEQUENCE patient_contact_id_seq OWNED BY patient_contact.id;


--
-- Name: patient_json; Type: TABLE; Schema: public; Owner: postgres
--

CREATE TABLE patient_json (
    id integer NOT NULL,
    identifier json,
    full_name character varying(100),
    telecom json,
    gender character varying(10),
    birth_date date,
    marital_status character(1),
    communication_language character varying(100),
    active boolean,
    race character varying(10),
    ethnicity character varying(10),
    religion character varying(10),
    mothers_maiden_name character varying(100),
    address_line1 character varying(100),
    address_line2 character varying(100),
    address_city character varying(50),
    address_state character varying(50),
    address_zip character varying(15),
    address_country character varying(100),
    family_name character varying(100),
    given_name character varying(50),
    birth_place json,
    birthsex character varying
);


ALTER TABLE patient_json OWNER TO postgres;

--
-- Name: patient_id_seq; Type: SEQUENCE; Schema: public; Owner: postgres
--

CREATE SEQUENCE patient_id_seq
    START WITH 1
    INCREMENT BY 1
    NO MINVALUE
    NO MAXVALUE
    CACHE 1;


ALTER TABLE patient_id_seq OWNER TO postgres;

--
-- Name: patient_id_seq; Type: SEQUENCE OWNED BY; Schema: public; Owner: postgres
--

ALTER SEQUENCE patient_id_seq OWNED BY patient_json.id;


--
-- Name: patient_id_seq1; Type: SEQUENCE; Schema: public; Owner: postgres
--

CREATE SEQUENCE patient_id_seq1
    START WITH 1
    INCREMENT BY 1
    NO MINVALUE
    NO MAXVALUE
    CACHE 1;


ALTER TABLE patient_id_seq1 OWNER TO postgres;

--
-- Name: patient_id_seq1; Type: SEQUENCE OWNED BY; Schema: public; Owner: postgres
--

ALTER SEQUENCE patient_id_seq1 OWNED BY patient.id;


--
-- Name: practitioner; Type: TABLE; Schema: public; Owner: postgres
--

CREATE TABLE practitioner (
    id integer NOT NULL,
    telecom json,
    practitionerrole character varying,
    text json,
    identifier json,
    family_name character varying,
    given_name character varying
);


ALTER TABLE practitioner OWNER TO postgres;

--
-- Name: procedure; Type: TABLE; Schema: public; Owner: postgres
--

CREATE TABLE procedure (
    procedure_id integer NOT NULL,
    identifier json,
    subject integer,
    status character varying(255),
    category json,
    code json,
    notperformed boolean,
    reasonnotperformed json,
    bodysite json,
    reason json,
    performer_actor json,
    performer_role json,
    encounter integer,
    location integer,
    outcome json,
    report integer,
    complication json,
    followup json,
    request integer,
    notes text,
    focaldevice json,
    used integer,
    performed date
);


ALTER TABLE procedure OWNER TO postgres;

--
-- Name: procedure_procedure_id_seq; Type: SEQUENCE; Schema: public; Owner: postgres
--

CREATE SEQUENCE procedure_procedure_id_seq
    START WITH 1
    INCREMENT BY 1
    NO MINVALUE
    NO MAXVALUE
    CACHE 1;


ALTER TABLE procedure_procedure_id_seq OWNER TO postgres;

--
-- Name: procedure_procedure_id_seq; Type: SEQUENCE OWNED BY; Schema: public; Owner: postgres
--

ALTER SEQUENCE procedure_procedure_id_seq OWNED BY procedure.procedure_id;


--
-- Name: questionnaire; Type: TABLE; Schema: public; Owner: postgres
--

CREATE TABLE questionnaire (
    id integer NOT NULL,
    questionnaire json
);


ALTER TABLE questionnaire OWNER TO postgres;

--
-- Name: questionnaire_id_seq; Type: SEQUENCE; Schema: public; Owner: postgres
--

CREATE SEQUENCE questionnaire_id_seq
    START WITH 1
    INCREMENT BY 1
    NO MINVALUE
    NO MAXVALUE
    CACHE 1;


ALTER TABLE questionnaire_id_seq OWNER TO postgres;

--
-- Name: questionnaire_id_seq; Type: SEQUENCE OWNED BY; Schema: public; Owner: postgres
--

ALTER SEQUENCE questionnaire_id_seq OWNED BY questionnaire.id;


--
-- Name: questionnaireresponse; Type: TABLE; Schema: public; Owner: postgres
--

CREATE TABLE questionnaireresponse (
    qr_id integer NOT NULL,
    questionnaire_id integer,
    questionnaire_response json
);


ALTER TABLE questionnaireresponse OWNER TO postgres;

--
-- Name: questionnaireresponse_qr_id_seq; Type: SEQUENCE; Schema: public; Owner: postgres
--

CREATE SEQUENCE questionnaireresponse_qr_id_seq
    START WITH 1
    INCREMENT BY 1
    NO MINVALUE
    NO MAXVALUE
    CACHE 1;


ALTER TABLE questionnaireresponse_qr_id_seq OWNER TO postgres;

--
-- Name: questionnaireresponse_qr_id_seq; Type: SEQUENCE OWNED BY; Schema: public; Owner: postgres
--

ALTER SEQUENCE questionnaireresponse_qr_id_seq OWNED BY questionnaireresponse.qr_id;


--
-- Name: register; Type: TABLE; Schema: public; Owner: postgres
--

CREATE TABLE register (
    id integer NOT NULL,
    client_id character varying(255),
    client_secret character varying(255),
    contact_mail character varying(255),
    contact_name character varying(255),
    name character varying(255),
    org_name character varying(255),
    redirect_uri character varying(255),
    register_token character varying(255),
    scope character varying(255)
);


ALTER TABLE register OWNER TO postgres;

--
-- Name: register_id_seq; Type: SEQUENCE; Schema: public; Owner: postgres
--

CREATE SEQUENCE register_id_seq
    START WITH 1
    INCREMENT BY 1
    NO MINVALUE
    NO MAXVALUE
    CACHE 1;


ALTER TABLE register_id_seq OWNER TO postgres;

--
-- Name: register_id_seq; Type: SEQUENCE OWNED BY; Schema: public; Owner: postgres
--

ALTER SEQUENCE register_id_seq OWNED BY register.id;


--
-- Name: us_core_birthsex; Type: TABLE; Schema: public; Owner: postgres
--

CREATE TABLE us_core_birthsex (
    code character varying(10) NOT NULL,
    display character varying(200),
    code_system character varying(255)
);


ALTER TABLE us_core_birthsex OWNER TO postgres;

--
-- Name: us_core_ethnicity; Type: TABLE; Schema: public; Owner: postgres
--

CREATE TABLE us_core_ethnicity (
    code character varying(10) NOT NULL,
    display character varying(200)
);


ALTER TABLE us_core_ethnicity OWNER TO postgres;

--
-- Name: us_core_race; Type: TABLE; Schema: public; Owner: postgres
--

CREATE TABLE us_core_race (
    code character varying(10) NOT NULL,
    display character varying(200)
);


ALTER TABLE us_core_race OWNER TO postgres;

--
-- Name: us_core_religion; Type: TABLE; Schema: public; Owner: postgres
--

CREATE TABLE us_core_religion (
    code character varying(10) NOT NULL,
    display character varying(200)
);


ALTER TABLE us_core_religion OWNER TO postgres;

--
-- Name: users; Type: TABLE; Schema: public; Owner: postgres
--

CREATE TABLE users (
    user_id integer NOT NULL,
    user_name character varying(255),
    user_email character varying(150),
    user_full_name character varying(255),
    user_password character varying(100) NOT NULL,
    last_updated_ts timestamp without time zone DEFAULT timezone('UTC'::text, now()) NOT NULL
);


ALTER TABLE users OWNER TO postgres;

--
-- Name: users_user_id_seq; Type: SEQUENCE; Schema: public; Owner: postgres
--

CREATE SEQUENCE users_user_id_seq
    START WITH 1
    INCREMENT BY 1
    NO MINVALUE
    NO MAXVALUE
    CACHE 1;


ALTER TABLE users_user_id_seq OWNER TO postgres;

--
-- Name: users_user_id_seq; Type: SEQUENCE OWNED BY; Schema: public; Owner: postgres
--

ALTER SEQUENCE users_user_id_seq OWNED BY users.user_id;


--
-- Name: id; Type: DEFAULT; Schema: public; Owner: postgres
--

ALTER TABLE ONLY auth_temp ALTER COLUMN id SET DEFAULT nextval('auth_temp_id_seq'::regclass);


--
-- Name: id; Type: DEFAULT; Schema: public; Owner: postgres
--

ALTER TABLE ONLY authenticator ALTER COLUMN id SET DEFAULT nextval('authenticator_id_seq'::regclass);


--
-- Name: id; Type: DEFAULT; Schema: public; Owner: postgres
--

ALTER TABLE ONLY author ALTER COLUMN id SET DEFAULT nextval('author_id_seq'::regclass);


--
-- Name: id; Type: DEFAULT; Schema: public; Owner: postgres
--

ALTER TABLE ONLY careplan ALTER COLUMN id SET DEFAULT nextval('careteam_id_seq'::regclass);


--
-- Name: id; Type: DEFAULT; Schema: public; Owner: postgres
--

ALTER TABLE ONLY careplan_participant ALTER COLUMN id SET DEFAULT nextval('careteam_participant_id_seq'::regclass);


--
-- Name: id; Type: DEFAULT; Schema: public; Owner: postgres
--

ALTER TABLE ONLY clients ALTER COLUMN id SET DEFAULT nextval('clients_id_seq'::regclass);


--
-- Name: id; Type: DEFAULT; Schema: public; Owner: postgres
--

ALTER TABLE ONLY confidentiality ALTER COLUMN id SET DEFAULT nextval('confidentiality_id_seq'::regclass);


--
-- Name: id; Type: DEFAULT; Schema: public; Owner: postgres
--

ALTER TABLE ONLY content ALTER COLUMN id SET DEFAULT nextval('content_id_seq'::regclass);


--
-- Name: id; Type: DEFAULT; Schema: public; Owner: postgres
--

ALTER TABLE ONLY context_event ALTER COLUMN id SET DEFAULT nextval('context_event_id_seq'::regclass);


--
-- Name: id; Type: DEFAULT; Schema: public; Owner: postgres
--

ALTER TABLE ONLY context_facility_type ALTER COLUMN id SET DEFAULT nextval('context_facility_type_id_seq'::regclass);


--
-- Name: id; Type: DEFAULT; Schema: public; Owner: postgres
--

ALTER TABLE ONLY context_period ALTER COLUMN id SET DEFAULT nextval('event_period_id_seq'::regclass);


--
-- Name: id; Type: DEFAULT; Schema: public; Owner: postgres
--

ALTER TABLE ONLY custodian ALTER COLUMN id SET DEFAULT nextval('custodian_id_seq'::regclass);


--
-- Name: id; Type: DEFAULT; Schema: public; Owner: postgres
--

ALTER TABLE ONLY device ALTER COLUMN id SET DEFAULT nextval('device_id_seq'::regclass);


--
-- Name: id; Type: DEFAULT; Schema: public; Owner: postgres
--

ALTER TABLE ONLY diagnosticreport ALTER COLUMN id SET DEFAULT nextval('diagnosticreport_id_seq'::regclass);


--
-- Name: id; Type: DEFAULT; Schema: public; Owner: postgres
--

ALTER TABLE ONLY doc_class_codes ALTER COLUMN id SET DEFAULT nextval('doc_class_codes_id_seq'::regclass);


--
-- Name: id; Type: DEFAULT; Schema: public; Owner: postgres
--

ALTER TABLE ONLY doc_type_codes ALTER COLUMN id SET DEFAULT nextval('doc_type_codes_id_seq'::regclass);


--
-- Name: id; Type: DEFAULT; Schema: public; Owner: postgres
--

ALTER TABLE ONLY document_reference ALTER COLUMN id SET DEFAULT nextval('document_reference_id_seq1'::regclass);


--
-- Name: id; Type: DEFAULT; Schema: public; Owner: postgres
--

ALTER TABLE ONLY document_reference_json ALTER COLUMN id SET DEFAULT nextval('document_reference_id_seq'::regclass);


--
-- Name: id; Type: DEFAULT; Schema: public; Owner: postgres
--

ALTER TABLE ONLY goals ALTER COLUMN id SET DEFAULT nextval('goals_id_seq'::regclass);


--
-- Name: id; Type: DEFAULT; Schema: public; Owner: postgres
--

ALTER TABLE ONLY immunization ALTER COLUMN id SET DEFAULT nextval('immunization_id_seq'::regclass);


--
-- Name: location_id; Type: DEFAULT; Schema: public; Owner: postgres
--

ALTER TABLE ONLY location ALTER COLUMN location_id SET DEFAULT nextval('location_location_id_seq'::regclass);


--
-- Name: id; Type: DEFAULT; Schema: public; Owner: postgres
--

ALTER TABLE ONLY observation ALTER COLUMN id SET DEFAULT nextval('observation_id_seq'::regclass);


--
-- Name: id; Type: DEFAULT; Schema: public; Owner: postgres
--

ALTER TABLE ONLY patient ALTER COLUMN id SET DEFAULT nextval('patient_id_seq1'::regclass);


--
-- Name: id; Type: DEFAULT; Schema: public; Owner: postgres
--

ALTER TABLE ONLY patient_contact ALTER COLUMN id SET DEFAULT nextval('patient_contact_id_seq'::regclass);


--
-- Name: id; Type: DEFAULT; Schema: public; Owner: postgres
--

ALTER TABLE ONLY patient_json ALTER COLUMN id SET DEFAULT nextval('patient_id_seq'::regclass);


--
-- Name: procedure_id; Type: DEFAULT; Schema: public; Owner: postgres
--

ALTER TABLE ONLY procedure ALTER COLUMN procedure_id SET DEFAULT nextval('procedure_procedure_id_seq'::regclass);


--
-- Name: id; Type: DEFAULT; Schema: public; Owner: postgres
--

ALTER TABLE ONLY questionnaire ALTER COLUMN id SET DEFAULT nextval('questionnaire_id_seq'::regclass);


--
-- Name: qr_id; Type: DEFAULT; Schema: public; Owner: postgres
--

ALTER TABLE ONLY questionnaireresponse ALTER COLUMN qr_id SET DEFAULT nextval('questionnaireresponse_qr_id_seq'::regclass);


--
-- Name: id; Type: DEFAULT; Schema: public; Owner: postgres
--

ALTER TABLE ONLY register ALTER COLUMN id SET DEFAULT nextval('register_id_seq'::regclass);


--
-- Name: user_id; Type: DEFAULT; Schema: public; Owner: postgres
--

ALTER TABLE ONLY users ALTER COLUMN user_id SET DEFAULT nextval('users_user_id_seq'::regclass);


--
-- Data for Name: allergy_intolerance; Type: TABLE DATA; Schema: public; Owner: postgres
--

COPY allergy_intolerance (id, identifier_system, identifier_value, patient, recorder, substance_code, substance_display, status, criticality, category, reaction, substance_system) FROM stdin;
1	SITE                                                                                                	7799                                                                                                	1	1	N0000175503                                                                                         	sulfonamide antibacterial                                                                           	CONFIRMED                                                                                           	LOW_RISK                                                                                            	MEDICATION                                                                                          	{"substance_code":"340005","substance_display":"Enzyme variant (substance)","mainfest_code":"271807003","manifest_display":"skin rash","manifest_system":"http://snomed.info/sct","manifest_text":"skin rash","severity":"MILD"}	http://rxnav.nlm.nih.gov/REST/Ndfrt
7	SITE                                                                                                	7706                                                                                                	5	1	EYO007VX98                                                                                          	Dust                                                                                                	CONFIRMED                                                                                           	HIGH_RISK                                                                                           	ENVIRONMENT                                                                                         	{"substance_code":"389145006","substance_display":"Allergic Asthma","mainfest_code":"389145006","manifest_display":"Allergic Asthma","manifest_system":"http://snomed.info/sct","manifest_text":"Allergic Asthma","severity":"SEVERE"}	http://fda.gov/UNII/
3	SITE                                                                                                	7702                                                                                                	1	1	QE1QX6B99R                                                                                          	peanut                                                                                              	CONFIRMED                                                                                           	HIGH_RISK                                                                                           	FOOD                                                                                                	{"substance_code":"39579001","substance_display":"Anaphylaxis","mainfest_code":"39579001","manifest_display":"Anaphylaxis","manifest_system":"http://snomed.info/sct","manifest_text":"Anaphylaxis","severity":"SEVERE"}	http://fda.gov/UNII/
2	SITE                                                                                                	7701                                                                                                	2	1	N0000175503                                                                                         	sulfonamide antibacteria                                                                            	CONFIRMED                                                                                           	LOW_RISK                                                                                            	MEDICATION                                                                                          	{"substance_code":"340005","substance_display":"Enzyme variant (substance)","mainfest_code":"271807003","manifest_display":"skin rash","manifest_system":"http://snomed.info/sct","manifest_text":"skin rash","severity":"MILD"}	http://rxnav.nlm.nih.gov/REST/Ndfrt
4	SITE                                                                                                	7703                                                                                                	3	1	N0000175503                                                                                         	sulfonamide antibacteria                                                                            	CONFIRMED                                                                                           	LOW_RISK                                                                                            	MEDICATION                                                                                          	{"substance_code":"340005","substance_display":"Enzyme variant (substance)","mainfest_code":"271807003","manifest_display":"skin rash","manifest_system":"http://snomed.info/sct","manifest_text":"skin rash","severity":"MILD"}	http://rxnav.nlm.nih.gov/REST/Ndfrt
5	SITE                                                                                                	7704                                                                                                	1	1	4053                                                                                                	Erythromycin                                                                                        	CONFIRMED                                                                                           	HIGH_RISK                                                                                           	MEDICATION                                                                                          	{"substance_code":"4053","substance_display":"Pruritic Rash","mainfest_code":"64144002","manifest_display":"Pruritic Rash","manifest_system":"http://snomed.info/sct","manifest_text":"Pruritic Rash","severity":"SEVERE"}	http://www.nlm.nih.gov/research/umls/rxnorm
6	SITE                                                                                                	7705                                                                                                	4	1	316153                                                                                              	Lisinopril 20mg                                                                                     	CONFIRMED                                                                                           	HIGH_RISK                                                                                           	MEDICATION                                                                                          	{"substance_code":"49727002","substance_display":"Caugh","mainfest_code":"49727002","manifest_display":"Caugh","manifest_system":"http://snomed.info/sct","manifest_text":"Caugh","severity":"SEVERE"}	http://www.nlm.nih.gov/research/umls/rxnorm
11	SITE                                                                                                	7710                                                                                                	9	1	203563                                                                                              	Ciprofloxacin                                                                                       	CONFIRMED                                                                                           	HIGH_RISK                                                                                           	MEDICATION                                                                                          	{"substance_code":"422400008","substance_display":"Vomiting","mainfest_code":"422400008","manifest_display":"Vomiting","manifest_system":"http://snomed.info/sct","manifest_text":"Vomiting","severity":"SEVERE"}	http://www.nlm.nih.gov/research/umls/rxnorm
8	SITE                                                                                                	7707                                                                                                	6	1	JQ5HI5004M                                                                                          	tree pollens                                                                                        	CONFIRMED                                                                                           	HIGH_RISK                                                                                           	ENVIRONMENT                                                                                         	{"substance_code":"389145006","substance_display":"Allergic Asthma","mainfest_code":"389145006","manifest_display":"Allergic Asthma","manifest_system":"http://snomed.info/sct","manifest_text":"Allergic Asthma","severity":"SEVERE"}	http://fda.gov/UNII/
10	SITE                                                                                                	7709                                                                                                	8	1	2LQ0UUW8IN                                                                                          	Latex                                                                                               	CONFIRMED                                                                                           	HIGH_RISK                                                                                           	ENVIRONMENT                                                                                         	{"substance_code":"238575004","substance_display":"Allergic contact dermatitis","mainfest_code":"238575004","manifest_display":"Allergic contact dermatitis","manifest_system":"http://snomed.info/sct","manifest_text":"Allergic contact dermatitis","severity":"SEVERE"}	http://fda.gov/UNII/
12	SITE                                                                                                	7711                                                                                                	10	1	1891LE191T                                                                                          	Shrimp                                                                                              	CONFIRMED                                                                                           	HIGH_RISK                                                                                           	ENVIRONMENT                                                                                         	{"substance_code":"39579001","substance_display":"Anaphylaxis","mainfest_code":"39579001","manifest_display":"Anaphylaxis","manifest_system":"http://snomed.info/sct","manifest_text":"Anaphylaxis","severity":"SEVERE"}	http://fda.gov/UNII/
9	SITE                                                                                                	7708                                                                                                	7	1	1891LE191T                                                                                          	Shrimp                                                                                              	CONFIRMED                                                                                           	HIGH_RISK                                                                                           	ENVIRONMENT                                                                                         	{"substance_code":"39579001","substance_display":"Anaphylaxis","mainfest_code":"39579001","manifest_display":"Anaphylaxis","manifest_system":"http://snomed.info/sct","manifest_text":"Anaphylaxis","severity":"SEVERE"}	http://fda.gov/UNII/
17	SITE                                                                                                	7716                                                                                                	2	1	316153                                                                                              	Lisinopril 20mg                                                                                     	CONFIRMED                                                                                           	HIGH_RISK                                                                                           	MEDICATION                                                                                          	{"substance_code":"49727002","substance_display":"Caugh","mainfest_code":"49727002","manifest_display":"Caugh","manifest_system":"http://snomed.info/sct","manifest_text":"Caugh","severity":"SEVERE"}	http://www.nlm.nih.gov/research/umls/rxnorm
18	SITE                                                                                                	7717                                                                                                	2	1	EYO007VX98                                                                                          	Dust                                                                                                	CONFIRMED                                                                                           	HIGH_RISK                                                                                           	ENVIRONMENT                                                                                         	{"substance_code":"389145006","substance_display":"Allergic Asthma","mainfest_code":"389145006","manifest_display":"Allergic Asthma","manifest_system":"http://snomed.info/sct","manifest_text":"Allergic Asthma","severity":"SEVERE"}	http://fda.gov/UNII/
13	SITE                                                                                                	7712                                                                                                	1	1	316153                                                                                              	Lisinopril 20mg                                                                                     	CONFIRMED                                                                                           	HIGH_RISK                                                                                           	MEDICATION                                                                                          	{"substance_code":"49727002","substance_display":"Caugh","mainfest_code":"49727002","manifest_display":"Caugh","manifest_system":"http://snomed.info/sct","manifest_text":"Caugh","severity":"SEVERE"}	http://www.nlm.nih.gov/research/umls/rxnorm
20	SITE                                                                                                	7718                                                                                                	3	1	QE1QX6B99R                                                                                          	peanut                                                                                              	CONFIRMED                                                                                           	HIGH_RISK                                                                                           	FOOD                                                                                                	{"substance_code":"39579001","substance_display":"Anaphylaxis","mainfest_code":"39579001","manifest_display":"Anaphylaxis","manifest_system":"http://snomed.info/sct","manifest_text":"Anaphylaxis","severity":"SEVERE"}	http://fda.gov/UNII/
21	SITE                                                                                                	7719                                                                                                	3	1	4053                                                                                                	Erythromycin                                                                                        	CONFIRMED                                                                                           	LOW_RISK                                                                                            	MEDICATION                                                                                          	{"substance_code":"4053","substance_display":"Pruritic Rash","mainfest_code":"64144002","manifest_display":"Pruritic Rash","manifest_system":"http://snomed.info/sct","manifest_text":"Pruritic Rash","severity":"SEVERE"}	http://www.nlm.nih.gov/research/umls/rxnorm
22	SITE                                                                                                	7720                                                                                                	3	1	316153                                                                                              	Lisinopril 20mg                                                                                     	CONFIRMED                                                                                           	HIGH_RISK                                                                                           	MEDICATION                                                                                          	{"substance_code":"49727002","substance_display":"Caugh","mainfest_code":"49727002","manifest_display":"Caugh","manifest_system":"http://snomed.info/sct","manifest_text":"Caugh","severity":"SEVERE"}	http://www.nlm.nih.gov/research/umls/rxnorm
23	SITE                                                                                                	7721                                                                                                	3	1	EYO007VX98                                                                                          	Dust                                                                                                	CONFIRMED                                                                                           	HIGH_RISK                                                                                           	ENVIRONMENT                                                                                         	{"substance_code":"389145006","substance_display":"Allergic Asthma","mainfest_code":"389145006","manifest_display":"Allergic Asthma","manifest_system":"http://snomed.info/sct","manifest_text":"Allergic Asthma","severity":"SEVERE"}	http://fda.gov/UNII/
16	SITE                                                                                                	7715                                                                                                	2	1	4053                                                                                                	Erythromycin                                                                                        	CONFIRMED                                                                                           	LOW_RISK                                                                                            	MEDICATION                                                                                          	{"substance_code":"4053","substance_display":"Pruritic Rash","mainfest_code":"64144002","manifest_display":"Pruritic Rash","manifest_system":"http://snomed.info/sct","manifest_text":"Pruritic Rash","severity":"SEVERE"}	http://www.nlm.nih.gov/research/umls/rxnorm
14	SITE                                                                                                	7713                                                                                                	1	1	EYO007VX98                                                                                          	Dust                                                                                                	CONFIRMED                                                                                           	HIGH_RISK                                                                                           	ENVIRONMENT                                                                                         	{"substance_code":"389145006","substance_display":"Allergic Asthma","mainfest_code":"389145006","manifest_display":"Allergic Asthma","manifest_system":"http://snomed.info/sct","manifest_text":"Allergic Asthma","severity":"SEVERE"}	http://fda.gov/UNII/
15	SITE                                                                                                	7714                                                                                                	2	1	QE1QX6B99R                                                                                          	peanut                                                                                              	CONFIRMED                                                                                           	HIGH_RISK                                                                                           	FOOD                                                                                                	{"substance_code":"39579001","substance_display":"Anaphylaxis","mainfest_code":"39579001","manifest_display":"Anaphylaxis","manifest_system":"http://snomed.info/sct","manifest_text":"Anaphylaxis","severity":"SEVERE"}	http://fda.gov/UNII/
24	SITE                                                                                                	7722                                                                                                	4	1	QE1QX6B99R                                                                                          	peanut                                                                                              	CONFIRMED                                                                                           	HIGH_RISK                                                                                           	FOOD                                                                                                	{"substance_code":"39579001","substance_display":"Anaphylaxis","mainfest_code":"39579001","manifest_display":"Anaphylaxis","manifest_system":"http://snomed.info/sct","manifest_text":"Anaphylaxis","severity":"SEVERE"}	http://fda.gov/UNII/
25	SITE                                                                                                	7723                                                                                                	4	1	4053                                                                                                	Erythromycin                                                                                        	CONFIRMED                                                                                           	LOW_RISK                                                                                            	MEDICATION                                                                                          	{"substance_code":"4053","substance_display":"Pruritic Rash","mainfest_code":"64144002","manifest_display":"Pruritic Rash","manifest_system":"http://snomed.info/sct","manifest_text":"Pruritic Rash","severity":"SEVERE"}	http://www.nlm.nih.gov/research/umls/rxnorm
26	SITE                                                                                                	7724                                                                                                	4	1	N0000175503                                                                                         	sulfonamide antibacterial                                                                           	CONFIRMED                                                                                           	LOW_RISK                                                                                            	MEDICATION                                                                                          	{"substance_code":"340005","substance_display":"Enzyme variant (substance)","mainfest_code":"271807003","manifest_display":"skin rash","manifest_system":"http://snomed.info/sct","manifest_text":"skin rash","severity":"MILD"}	http://rxnav.nlm.nih.gov/REST/Ndfrt
27	SITE                                                                                                	7725                                                                                                	4	1	EYO007VX98                                                                                          	Dust                                                                                                	CONFIRMED                                                                                           	HIGH_RISK                                                                                           	ENVIRONMENT                                                                                         	{"substance_code":"389145006","substance_display":"Allergic Asthma","mainfest_code":"389145006","manifest_display":"Allergic Asthma","manifest_system":"http://snomed.info/sct","manifest_text":"Allergic Asthma","severity":"SEVERE"}	http://fda.gov/UNII/
28	SITE                                                                                                	7726                                                                                                	5	1	QE1QX6B99R                                                                                          	peanut                                                                                              	CONFIRMED                                                                                           	HIGH_RISK                                                                                           	FOOD                                                                                                	{"substance_code":"39579001","substance_display":"Anaphylaxis","mainfest_code":"39579001","manifest_display":"Anaphylaxis","manifest_system":"http://snomed.info/sct","manifest_text":"Anaphylaxis","severity":"SEVERE"}	http://fda.gov/UNII/
29	SITE                                                                                                	7727                                                                                                	5	1	316153                                                                                              	Lisinopril 20mg                                                                                     	CONFIRMED                                                                                           	HIGH_RISK                                                                                           	MEDICATION                                                                                          	{"substance_code":"49727002","substance_display":"Caugh","mainfest_code":"49727002","manifest_display":"Caugh","manifest_system":"http://snomed.info/sct","manifest_text":"Caugh","severity":"SEVERE"}	http://www.nlm.nih.gov/research/umls/rxnorm
30	SITE                                                                                                	7728                                                                                                	5	1	N0000175503                                                                                         	sulfonamide antibacterial                                                                           	CONFIRMED                                                                                           	LOW_RISK                                                                                            	MEDICATION                                                                                          	{"substance_code":"340005","substance_display":"Enzyme variant (substance)","mainfest_code":"271807003","manifest_display":"skin rash","manifest_system":"http://snomed.info/sct","manifest_text":"skin rash","severity":"MILD"}	http://rxnav.nlm.nih.gov/REST/Ndfrt
31	SITE                                                                                                	7729                                                                                                	5	1	EYO007VX98                                                                                          	Dust                                                                                                	CONFIRMED                                                                                           	HIGH_RISK                                                                                           	ENVIRONMENT                                                                                         	{"substance_code":"389145006","substance_display":"Allergic Asthma","mainfest_code":"389145006","manifest_display":"Allergic Asthma","manifest_system":"http://snomed.info/sct","manifest_text":"Allergic Asthma","severity":"SEVERE"}	http://fda.gov/UNII/
32	SITE                                                                                                	7730                                                                                                	6	1	QE1QX6B99R                                                                                          	peanut                                                                                              	CONFIRMED                                                                                           	HIGH_RISK                                                                                           	FOOD                                                                                                	{"substance_code":"39579001","substance_display":"Anaphylaxis","mainfest_code":"39579001","manifest_display":"Anaphylaxis","manifest_system":"http://snomed.info/sct","manifest_text":"Anaphylaxis","severity":"SEVERE"}	http://fda.gov/UNII/
33	SITE                                                                                                	7731                                                                                                	6	1	316153                                                                                              	Lisinopril 20mg                                                                                     	CONFIRMED                                                                                           	HIGH_RISK                                                                                           	MEDICATION                                                                                          	{"substance_code":"49727002","substance_display":"Caugh","mainfest_code":"49727002","manifest_display":"Caugh","manifest_system":"http://snomed.info/sct","manifest_text":"Caugh","severity":"SEVERE"}	http://www.nlm.nih.gov/research/umls/rxnorm
34	SITE                                                                                                	7732                                                                                                	6	1	N0000175503                                                                                         	sulfonamide antibacterial                                                                           	CONFIRMED                                                                                           	LOW_RISK                                                                                            	MEDICATION                                                                                          	{"substance_code":"340005","substance_display":"Enzyme variant (substance)","mainfest_code":"271807003","manifest_display":"skin rash","manifest_system":"http://snomed.info/sct","manifest_text":"skin rash","severity":"MILD"}	http://rxnav.nlm.nih.gov/REST/Ndfrt
35	SITE                                                                                                	7733                                                                                                	6	1	EYO007VX98                                                                                          	Dust                                                                                                	CONFIRMED                                                                                           	HIGH_RISK                                                                                           	ENVIRONMENT                                                                                         	{"substance_code":"389145006","substance_display":"Allergic Asthma","mainfest_code":"389145006","manifest_display":"Allergic Asthma","manifest_system":"http://snomed.info/sct","manifest_text":"Allergic Asthma","severity":"SEVERE"}	http://fda.gov/UNII/
36	SITE                                                                                                	7734                                                                                                	7	1	QE1QX6B99R                                                                                          	peanut                                                                                              	CONFIRMED                                                                                           	HIGH_RISK                                                                                           	FOOD                                                                                                	{"substance_code":"39579001","substance_display":"Anaphylaxis","mainfest_code":"39579001","manifest_display":"Anaphylaxis","manifest_system":"http://snomed.info/sct","manifest_text":"Anaphylaxis","severity":"SEVERE"}	http://fda.gov/UNII/
37	SITE                                                                                                	7735                                                                                                	7	1	316153                                                                                              	Lisinopril 20mg                                                                                     	CONFIRMED                                                                                           	HIGH_RISK                                                                                           	MEDICATION                                                                                          	{"substance_code":"49727002","substance_display":"Caugh","mainfest_code":"49727002","manifest_display":"Caugh","manifest_system":"http://snomed.info/sct","manifest_text":"Caugh","severity":"SEVERE"}	http://www.nlm.nih.gov/research/umls/rxnorm
38	SITE                                                                                                	7736                                                                                                	7	1	N0000175503                                                                                         	sulfonamide antibacterial                                                                           	CONFIRMED                                                                                           	LOW_RISK                                                                                            	MEDICATION                                                                                          	{"substance_code":"340005","substance_display":"Enzyme variant (substance)","mainfest_code":"271807003","manifest_display":"skin rash","manifest_system":"http://snomed.info/sct","manifest_text":"skin rash","severity":"MILD"}	http://rxnav.nlm.nih.gov/REST/Ndfrt
39	SITE                                                                                                	7737                                                                                                	7	1	EYO007VX98                                                                                          	Dust                                                                                                	CONFIRMED                                                                                           	HIGH_RISK                                                                                           	ENVIRONMENT                                                                                         	{"substance_code":"389145006","substance_display":"Allergic Asthma","mainfest_code":"389145006","manifest_display":"Allergic Asthma","manifest_system":"http://snomed.info/sct","manifest_text":"Allergic Asthma","severity":"SEVERE"}	http://fda.gov/UNII/
40	SITE                                                                                                	7738                                                                                                	8	1	QE1QX6B99R                                                                                          	peanut                                                                                              	CONFIRMED                                                                                           	HIGH_RISK                                                                                           	FOOD                                                                                                	{"substance_code":"39579001","substance_display":"Anaphylaxis","mainfest_code":"39579001","manifest_display":"Anaphylaxis","manifest_system":"http://snomed.info/sct","manifest_text":"Anaphylaxis","severity":"SEVERE"}	http://fda.gov/UNII/
41	SITE                                                                                                	7739                                                                                                	8	1	316153                                                                                              	Lisinopril 20mg                                                                                     	CONFIRMED                                                                                           	HIGH_RISK                                                                                           	MEDICATION                                                                                          	{"substance_code":"49727002","substance_display":"Caugh","mainfest_code":"49727002","manifest_display":"Caugh","manifest_system":"http://snomed.info/sct","manifest_text":"Caugh","severity":"SEVERE"}	http://www.nlm.nih.gov/research/umls/rxnorm
42	SITE                                                                                                	7740                                                                                                	8	1	N0000175503                                                                                         	sulfonamide antibacterial                                                                           	CONFIRMED                                                                                           	LOW_RISK                                                                                            	MEDICATION                                                                                          	{"substance_code":"340005","substance_display":"Enzyme variant (substance)","mainfest_code":"271807003","manifest_display":"skin rash","manifest_system":"http://snomed.info/sct","manifest_text":"skin rash","severity":"MILD"}	http://rxnav.nlm.nih.gov/REST/Ndfrt
43	SITE                                                                                                	7741                                                                                                	8	1	EYO007VX98                                                                                          	Dust                                                                                                	CONFIRMED                                                                                           	HIGH_RISK                                                                                           	ENVIRONMENT                                                                                         	{"substance_code":"389145006","substance_display":"Allergic Asthma","mainfest_code":"389145006","manifest_display":"Allergic Asthma","manifest_system":"http://snomed.info/sct","manifest_text":"Allergic Asthma","severity":"SEVERE"}	http://fda.gov/UNII/
44	SITE                                                                                                	7742                                                                                                	9	1	QE1QX6B99R                                                                                          	peanut                                                                                              	CONFIRMED                                                                                           	HIGH_RISK                                                                                           	FOOD                                                                                                	{"substance_code":"39579001","substance_display":"Anaphylaxis","mainfest_code":"39579001","manifest_display":"Anaphylaxis","manifest_system":"http://snomed.info/sct","manifest_text":"Anaphylaxis","severity":"SEVERE"}	http://fda.gov/UNII/
45	SITE                                                                                                	7743                                                                                                	9	1	316153                                                                                              	Lisinopril 20mg                                                                                     	CONFIRMED                                                                                           	HIGH_RISK                                                                                           	MEDICATION                                                                                          	{"substance_code":"49727002","substance_display":"Caugh","mainfest_code":"49727002","manifest_display":"Caugh","manifest_system":"http://snomed.info/sct","manifest_text":"Caugh","severity":"SEVERE"}	http://www.nlm.nih.gov/research/umls/rxnorm
46	SITE                                                                                                	7744                                                                                                	9	1	N0000175503                                                                                         	sulfonamide antibacterial                                                                           	CONFIRMED                                                                                           	LOW_RISK                                                                                            	MEDICATION                                                                                          	{"substance_code":"340005","substance_display":"Enzyme variant (substance)","mainfest_code":"271807003","manifest_display":"skin rash","manifest_system":"http://snomed.info/sct","manifest_text":"skin rash","severity":"MILD"}	http://rxnav.nlm.nih.gov/REST/Ndfrt
47	SITE                                                                                                	7745                                                                                                	9	1	EYO007VX98                                                                                          	Dust                                                                                                	CONFIRMED                                                                                           	HIGH_RISK                                                                                           	ENVIRONMENT                                                                                         	{"substance_code":"389145006","substance_display":"Allergic Asthma","mainfest_code":"389145006","manifest_display":"Allergic Asthma","manifest_system":"http://snomed.info/sct","manifest_text":"Allergic Asthma","severity":"SEVERE"}	http://fda.gov/UNII/
48	SITE                                                                                                	7746                                                                                                	10	1	QE1QX6B99R                                                                                          	peanut                                                                                              	CONFIRMED                                                                                           	HIGH_RISK                                                                                           	FOOD                                                                                                	{"substance_code":"39579001","substance_display":"Anaphylaxis","mainfest_code":"39579001","manifest_display":"Anaphylaxis","manifest_system":"http://snomed.info/sct","manifest_text":"Anaphylaxis","severity":"SEVERE"}	http://fda.gov/UNII/
49	SITE                                                                                                	7747                                                                                                	10	1	316153                                                                                              	Lisinopril 20mg                                                                                     	CONFIRMED                                                                                           	HIGH_RISK                                                                                           	MEDICATION                                                                                          	{"substance_code":"49727002","substance_display":"Caugh","mainfest_code":"49727002","manifest_display":"Caugh","manifest_system":"http://snomed.info/sct","manifest_text":"Caugh","severity":"SEVERE"}	http://www.nlm.nih.gov/research/umls/rxnorm
50	SITE                                                                                                	7748                                                                                                	10	1	N0000175503                                                                                         	sulfonamide antibacterial                                                                           	CONFIRMED                                                                                           	LOW_RISK                                                                                            	MEDICATION                                                                                          	{"substance_code":"340005","substance_display":"Enzyme variant (substance)","mainfest_code":"271807003","manifest_display":"skin rash","manifest_system":"http://snomed.info/sct","manifest_text":"skin rash","severity":"MILD"}	http://rxnav.nlm.nih.gov/REST/Ndfrt
51	SITE                                                                                                	7749                                                                                                	10	1	EYO007VX98                                                                                          	Dust                                                                                                	CONFIRMED                                                                                           	HIGH_RISK                                                                                           	ENVIRONMENT                                                                                         	{"substance_code":"389145006","substance_display":"Allergic Asthma","mainfest_code":"389145006","manifest_display":"Allergic Asthma","manifest_system":"http://snomed.info/sct","manifest_text":"Allergic Asthma","severity":"SEVERE"}	http://fda.gov/UNII/
\.


--
-- Data for Name: auth_temp; Type: TABLE DATA; Schema: public; Owner: postgres
--

COPY auth_temp (id, client_id, client_secret, auth_code, access_token, aud, expiry, scope, last_updated_ts, redirect_uri, state, transaction_id, refresh_token, launch_patient_id) FROM stdin;
1	demo	demo secret	demo code	demoe2dd7906d6cbaccf4576fba1fd65		2025-01-01 01:01:01	launch,launch/patient,user/Patient.read,user/*.read	2016-09-13 17:11:52.189	https://fhirtest.sitenv.org/FHIR                                                                                                                                                                                                                               	demo                                                                                                                                                                                                                                                           	demo1                                                                                                                                                                                                                                                          	teste2dd7906d6cbaccf4576fba1fd65	1
6	b5A8IR7w2plRoicW3bz97oINasQDf9	V0dXU3JOTGFDMHM5c3QyQkJRYTBrczFUTkUtVjV4YWhZWkNGRDQ0bTZIVFZSS01icEM=	ba3897f2a0344a1cad71ca8e4b341c72	56f5e2eee3c6aa4875734f51181d0a96	\N	2016-10-17 13:52:07	patient/*.read,user/Patient.read,user/*.read,user/*.*	2016-10-17 13:39:02.760065	https://fhir.sitenv.org/fhirconformance/                                                                                                                                                                                                                       	58122757                                                                                                                                                                                                                                                       	Sm2ZO                                                                                                                                                                                                                                                          	\N	\N
3	93mxM-1VoSqJmjSEjaf59oP7yZLqPj	SldmZGhkZGpPT3ktaHAwcm1UUXVZTzFLbDJvU3E5dWQxdGFyUHdmWWFsVjg5c2RwZmQ=	7efda127c3026e8cd3a40005f11478b1	44658ef87c8440c3bdde42a7fe9d290c	\N	2016-09-26 22:19:16	launch,launch/patient	2016-09-26 22:18:05.269431	https://fhir.sitenv.org/fhirconformance/                                                                                                                                                                                                                       	18856164                                                                                                                                                                                                                                                       	hFwYm                                                                                                                                                                                                                                                          	\N	1
5	9bnQ9zK-4MsKTr9NmUH35YPZCzksVJ	\N	48094785ff1f9e81ae6a16d3ffd19855	\N	\N	\N	patient/*.read,patient/Patient.read	2016-10-06 13:43:45.311302	https://fhir.sitenv.org/fhirclient/                                                                                                                                                                                                                            	47488511                                                                                                                                                                                                                                                       	mMql3                                                                                                                                                                                                                                                          	\N	\N
8	qdEQRH8k4UMt5xaoqlqgcSopNazVYG	T21IOW1lQW1iaGFCTDFUTHRhMkdPM0xUMmJzbktxeHZNcGlObndhbXRUTnZFR3Z3U2M=	dec3104c26b0a5d2b0a61e500a9eb115	3321ae4124f86edd18a24640ede73cde	\N	2016-11-01 05:19:37	patient/*.read,user/*.read	2016-11-01 05:19:20.462586	https://fhir.sitenv.org/fhirclient/                                                                                                                                                                                                                            	37880959                                                                                                                                                                                                                                                       	OUjhX                                                                                                                                                                                                                                                          	\N	\N
4	yQZALVAc4Jcsuuu15EiodG7paUsVNu	bDBwaGdwYjFKMDc3cWphc3VTTXY1TDE3Ykcwa0wyN0hZVU1FVDVTM2ZIVUY4LXo5MlE=	fb04b9e896b00fef8ead5c3de3170a0c	df14c695318f0984e1f6b45bd0171ad7	\N	2017-01-05 22:17:36	launch,launch/patient,patient/*.read,patient/Patient.read,patient/DocumentReference.read,patient/MedicationOrder.read,patient/MedicationStatement.read,fhir_complete,user/Patient.read,user/*.read,user/*.*,openid,profile,offline_access,online_access	2016-10-05 14:33:03.575607	https://fhir.sitenv.org/fhirclient/                                                                                                                                                                                                                            	73019698                                                                                                                                                                                                                                                       	F4iUl                                                                                                                                                                                                                                                          	374c8caf27ef713d69498aec2b3be06f	1
9	V3ksiO6Yxe9fC6vS6TvE4CZKax85IP	V2NJeEVOWHBZWnBBZUllS0NmandwLWpQaG5qOXVUSTBFeFN3VkZhdUItZGJVQ2x1TEQ=	e09af54af6189506c2bc664b88ef4a29	b3d0e05c8d68920714a84846525d035f	\N	2016-11-09 05:49:35	patient/*.read	2016-11-08 06:51:35.96552	https://fhir.sitenv.org/fhirclient/                                                                                                                                                                                                                            	79787372                                                                                                                                                                                                                                                       	a9m4e                                                                                                                                                                                                                                                          	\N	\N
10	lqqjjYb82GEDHKBlNLh2YtOr6r0yHh	RkE3RE5yOXJFQktlWmtZWUpVVkd4cnVldkttZ0I0ekNodWZhWEJNS2prZFBPOEZVU0k=	dd7c5ed60804d62d8105300402312582	df0c80ebb7e9aa3c718351c02e5b2ca6	\N	2017-01-04 22:11:18	user/*.*	2016-12-05 16:55:35.84702	smartapp://callback                                                                                                                                                                                                                                            	F0AC0505                                                                                                                                                                                                                                                       	WHNwl                                                                                                                                                                                                                                                          	\N	\N
12	Fgc08G6fxzP9RR6WbsVdFoPLTHlVb0	WHVKWVA4SFo0dFJuWEw3ZkxyOFhoUHBzTXVIdFg0WmRJUHJycS1jbXpGOWVwdE02dVQ=	a95f7f8412ffd546d8d0b890bbf7b0a8	5dff53d09742f0d65088c5af900ad938	\N	2017-03-17 11:19:16	user/*.*	2017-03-10 12:39:55.969291	ctdemoapp://callback                                                                                                                                                                                                                                           	0708643E                                                                                                                                                                                                                                                       	aRe2A                                                                                                                                                                                                                                                          	\N	\N
11	lSbGfY95XUeXrF5uSx4GbeF2708mUY	\N	ad3e4dcc7b9cb0f440f677e197416762	\N	\N	\N	user/*.*	2016-12-06 14:21:05.53255	smartapp://callback                                                                                                                                                                                                                                            	DFD6A6FF                                                                                                                                                                                                                                                       	WaYmm                                                                                                                                                                                                                                                          	\N	\N
7	KDblHHbNilqMSsyMBYSa6XZhlKcaTQ	\N	9923568bdcb82f8fafcd448ca6c425f3	\N	\N	\N	patient/*.read,patient/Patient.read	2016-10-19 06:38:26.221158	https://fhirtest.sitenv.org/fhirclient/                                                                                                                                                                                                                        	22046566                                                                                                                                                                                                                                                       	DGWe-                                                                                                                                                                                                                                                          	\N	\N
13	KJEqPEeFnqrsn5iu9ogqfNyqinmLgq	QnlGU3FEelY3T3R0U2F4M0tFQkE4RFlvSlFqTWE4NkREYmhKRk9DcXRYUDZjbHhNQjk=	a3f8da735a31c2f84d536b41f9a8e32f	bac6aacbb3c7a56a5eb8810cac5ab72f	\N	2017-05-05 15:45:11	launch/patient	2017-05-05 14:32:42.11186	https://fhirtest.sitenv.org/fhirconformance/                                                                                                                                                                                                                   	92582437                                                                                                                                                                                                                                                       	MSRKe                                                                                                                                                                                                                                                          	\N	2
14	LHduhWvJno2-qA8EyuopJ0ZTQf3Ulu	WWlWNW13VXp2RWR6QXRHS09POEdWd1EyTENpZHB3dVpkRlpUTUt1dFA3cXY1cTlGNWE=	194c322655a6d252d1e77b71accc526a	4c3cb6c71624df53b45b422ad26ff7fc	\N	2018-01-11 08:53:45	patient/DocumentReference.read	2017-06-21 12:53:05.953108	https://fhirtest.sitenv.org/fhirclient/                                                                                                                                                                                                                        	76480989                                                                                                                                                                                                                                                       	VC2L2                                                                                                                                                                                                                                                          	\N	\N
2	Q33YtcsVdMt4kB32zumn9jSAznyXim	xMaRMa3-izrr2tqN6rkBhkdIaX1qBPt9DCeRELM43WwP8Na8cC	efde1a2774c7fbd7cb6ed6ef6d8832f4	8ba60414bdc2a1ebb0af6fc22f585518	\N	2018-01-23 10:38:02	user/*.*	2016-09-20 17:14:16.760776	http://localhost:4200/fhir-client                                                                                                                                                                                                                              	yz4e597rl9d                                                                                                                                                                                                                                                    	QONqT                                                                                                                                                                                                                                                          	\N	\N
16	wVZNOEr8kC2yalAZK9Tv6L6iMypam6	\N	240ff864205f116ec169abb434fed584	\N	\N	\N	user/*.read	2018-06-05 11:35:50.423145	http://localhost:2224/OAuth/                                                                                                                                                                                                                                   	State123                                                                                                                                                                                                                                                       	x16xw                                                                                                                                                                                                                                                          	\N	\N
15	548OQMHwPUjY03inBwHIg6OUKbqT95	QVZ3WnYtWC0tVEhubmR6YXYwNU5NbUlrLU9mYXZhNTUxSzFHaElxWU95THZlenF3MUE=	96c5488065050d2ec179c354258d40cb	4f3d4e060a621c61743f46b0f8df203b	\N	2017-10-31 09:21:07	user/*.*,user/*.read	2017-07-13 09:01:46.92924	http://localhost:4200/fhir-conformance                                                                                                                                                                                                                         	rm4t7u60wb                                                                                                                                                                                                                                                     	AuXt6                                                                                                                                                                                                                                                          	\N	\N
\.


--
-- Name: auth_temp_id_seq; Type: SEQUENCE SET; Schema: public; Owner: postgres
--

SELECT pg_catalog.setval('auth_temp_id_seq', 16, true);


--
-- Data for Name: authenticator; Type: TABLE DATA; Schema: public; Owner: postgres
--

COPY authenticator (id, name) FROM stdin;
1	Practitioner/1
2	Practitioner/1
\.


--
-- Name: authenticator_id_seq; Type: SEQUENCE SET; Schema: public; Owner: postgres
--

SELECT pg_catalog.setval('authenticator_id_seq', 2, true);


--
-- Data for Name: author; Type: TABLE DATA; Schema: public; Owner: postgres
--

COPY author (id, name) FROM stdin;
1	Organization/1
2	Organization/1
3	Organization/1
4	Organization/1
5	Organization/1
\.


--
-- Name: author_id_seq; Type: SEQUENCE SET; Schema: public; Owner: postgres
--

SELECT pg_catalog.setval('author_id_seq', 5, true);


--
-- Data for Name: careplan; Type: TABLE DATA; Schema: public; Owner: postgres
--

COPY careplan (id, patient, status, cat_code, cat_system) FROM stdin;
1	1	ACTIVE	careteam	http://argonaut.hl7.org/ValueSet/extension-codes
\.


--
-- Data for Name: careplan_participant; Type: TABLE DATA; Schema: public; Owner: postgres
--

COPY careplan_participant (id, careteam, role_system, role_code, role_display, member_reference, member_display) FROM stdin;
2	1	http://snomed.info/sct	116154003	Patient (person)	Patient/1	John Doe
1	1	http://www.nucc.org	207RC0000X	Allopathic and Osteopathic Physicians:Internal Medicine:Cardiovascular Disease	Practitioner/1	Dr. Cayr (BMC PCP)
\.


--
-- Name: careteam_id_seq; Type: SEQUENCE SET; Schema: public; Owner: postgres
--

SELECT pg_catalog.setval('careteam_id_seq', 1, false);


--
-- Name: careteam_participant_id_seq; Type: SEQUENCE SET; Schema: public; Owner: postgres
--

SELECT pg_catalog.setval('careteam_participant_id_seq', 1, false);


--
-- Data for Name: clients; Type: TABLE DATA; Schema: public; Owner: postgres
--

COPY clients (id, user_id, client_id, client_secret, register_token, name, org_name, contact_name, contact_mail, scope, redirect_uri, last_updated_ts, status) FROM stdin;
1	1	LHduhWvJno2-qA8EyuopJ0ZTQf3Ulu	WWlWNW13VXp2RWR6QXRHS09POEdWd1EyTENpZHB3dVpkRlpUTUt1dFA3cXY1cTlGNWE=	8kQYqZEiKmjlf4HmctBhVQMWYCsGKNPxskIzstJUs5qejx8VDg6ggAKhSCHwm7ZS9w1JtPqdq6AKTnVXewQ2ecZRukEyJCITBmkLJd2vDsvFInCmfjOPuQDtcaIsWRZySys4Xbb5kLNA21PnEH48vL5LWRZj98P04Pu1iaaqL1P2lRRwe6lWsClax2CyIhy1yniEjbMkvelynL-h5aF2TGrZ7IUwHj5ersYbHucnVl4QyT9hz8D3ZfgdXG	democlient	FHIR	FHIR Demo	demo@sitenv.org	launch,launch/patient,patient/*.read,patient/Patient.read,patient/DocumentReference.read,patient/MedicationOrder.read,patient/MedicationStatement.read,fhir_complete,user/Patient.read,user/*.read,user/*.*,openid,offline_access,online_access	https://fhirtest.sitenv.org/fhirclient/	2017-06-21 12:39:30.458897	\N
\.


--
-- Name: clients_id_seq; Type: SEQUENCE SET; Schema: public; Owner: postgres
--

SELECT pg_catalog.setval('clients_id_seq', 30, true);


--
-- Data for Name: condition; Type: TABLE DATA; Schema: public; Owner: postgres
--

COPY condition (id, identifier_system, identifier_value, patient, asserter, code, code_display, category_code, clinical_status, severity_code, onset, date_recorded, severity_display, code_system, category_display, category_system, verification_status) FROM stdin;
38	https://sitenv.org                                                                                  	7736                                                                                                	7	1	25374005                                                                                            	Other and unspecified noninfectious gastroenteritis and colitis                                     	problem                                                                                             	active                                                                                              	25374005                                                                                            	{"onsetQuantityAge":"25","onsetDateTime":"2005-11-28"}	2011-11-28	mild                                                                                                	http://snomed.info/sct	Problem	http://argonautwiki.hl7.org/index.php?title=Argonaut_Extension_Codes	CONFIRMED
2	https://sitenv.org                                                                                  	7799                                                                                                	1	1	310249008                                                                                           	Follow-up encounter                                                                                 	health-concern                                                                                      	active                                                                                              	255604002                                                                                           	{"onsetQuantityAge":"25","onsetDateTime":"2005-10-09"}	2005-10-24	                                                                                                    	http://snomed.info/sct	Health Concern	http://argonaut.hl7.org/extension-codes	CONFIRMED
1	https://sitenv.org                                                                                  	7788                                                                                                	1	1	442311008                                                                                           	Single liveborn, born in hospital, delivered without mention of cesarean section                    	problem                                                                                             	active                                                                                              	255604002                                                                                           	{"onsetQuantityAge":"25","onsetDateTime":"2002-11-22"}	2015-11-24	mild                                                                                                	http://snomed.info/sct	Problem	http://argonautwiki.hl7.org/index.php?title=Argonaut_Extension_Codes	CONFIRMED
4	https://sitenv.org                                                                                  	7702                                                                                                	3	1	267024001                                                                                           	Abnormal weight loss                                                                                	problem                                                                                             	active                                                                                              	267024001                                                                                           	{"onsetQuantityAge":"25","onsetDateTime":"2005-12-05"}	2005-01-22	mild                                                                                                	http://snomed.info/sct	Problem	http://argonautwiki.hl7.org/index.php?title=Argonaut_Extension_Codes	CONFIRMED
3	https://sitenv.org                                                                                  	7701                                                                                                	2	1	442311008                                                                                           	Single liveborn, born in hospital, delivered without mention of cesarean section                    	problem                                                                                             	active                                                                                              	255604002                                                                                           	{"onsetQuantityAge":"25","onsetDateTime":"2001-02-01"}	2011-11-24	mild                                                                                                	http://snomed.info/sct	Problem	http://argonautwiki.hl7.org/index.php?title=Argonaut_Extension_Codes	CONFIRMED
8	https://sitenv.org                                                                                  	7706                                                                                                	7	1	65363002                                                                                            	Otitis media                                                                                        	problem                                                                                             	active                                                                                              	65363002                                                                                            	{"onsetQuantityAge":"25","onsetDateTime":"2015-01-04"}	2013-08-12	mild                                                                                                	http://snomed.info/sct	Problem	http://argonautwiki.hl7.org/index.php?title=Argonaut_Extension_Codes	CONFIRMED
10	https://sitenv.org                                                                                  	7708                                                                                                	9	1	25374005                                                                                            	Other and unspecified noninfectious gastroenteritis and colitis                                     	problem                                                                                             	active                                                                                              	25374005                                                                                            	{"onsetQuantityAge":"25","onsetDateTime":"2002-10-14"}	2015-10-22	mild                                                                                                	http://snomed.info/sct	Problem	http://argonautwiki.hl7.org/index.php?title=Argonaut_Extension_Codes	CONFIRMED
5	https://sitenv.org                                                                                  	7703                                                                                                	4	1	310249008                                                                                           	Follow-up encounter                                                                                 	problem                                                                                             	active                                                                                              	310249008                                                                                           	{"onsetQuantityAge":"25","onsetDateTime":"2006-12-02"}	2002-11-05	mild                                                                                                	http://snomed.info/sct	Problem	http://argonautwiki.hl7.org/index.php?title=Argonaut_Extension_Codes	CONFIRMED
11	https://sitenv.org                                                                                  	7709                                                                                                	10	1	62315008                                                                                            	Diarrhea                                                                                            	problem                                                                                             	active                                                                                              	62315008                                                                                            	{"onsetQuantityAge":"25","onsetDateTime":"2005-01-11"}	2014-11-22	mild                                                                                                	http://snomed.info/sct	Problem	http://argonautwiki.hl7.org/index.php?title=Argonaut_Extension_Codes	CONFIRMED
7	https://sitenv.org                                                                                  	7705                                                                                                	6	1	185903001                                                                                           	Needs influenza immunization                                                                        	problem                                                                                             	active                                                                                              	185903001                                                                                           	{"onsetQuantityAge":"25","onsetDateTime":"2007-01-14"}	2014-07-07	mild                                                                                                	http://snomed.info/sct	Problem	http://argonautwiki.hl7.org/index.php?title=Argonaut_Extension_Codes	CONFIRMED
6	https://sitenv.org                                                                                  	7704                                                                                                	5	1	235595009                                                                                           	Gastroesophageal reflux disease                                                                     	problem                                                                                             	active                                                                                              	235595009                                                                                           	{"onsetQuantityAge":"25","onsetDateTime":"2007-10-14"}	2015-11-05	mild                                                                                                	http://snomed.info/sct	Problem	http://argonautwiki.hl7.org/index.php?title=Argonaut_Extension_Codes	CONFIRMED
9	https://sitenv.org                                                                                  	7707                                                                                                	8	1	68235000                                                                                            	Other diseases of nasal cavity and sinuses                                                          	problem                                                                                             	active                                                                                              	68235000                                                                                            	{"onsetQuantityAge":"25","onsetDateTime":"2008-01-19"}	2012-10-26	mild                                                                                                	http://snomed.info/sct	Problem	http://argonautwiki.hl7.org/index.php?title=Argonaut_Extension_Codes	CONFIRMED
12	https://sitenv.org                                                                                  	7710                                                                                                	1	1	442311008                                                                                           	Single liveborn, born in hospital, delivered without mention of cesarean section                    	problem                                                                                             	active                                                                                              	255604002                                                                                           	{"onsetQuantityAge":"25","onsetDateTime":"2001-02-01"}	2011-11-24	mild                                                                                                	http://snomed.info/sct	Problem	http://argonautwiki.hl7.org/index.php?title=Argonaut_Extension_Codes	CONFIRMED
13	https://sitenv.org                                                                                  	7711                                                                                                	1	1	267024001                                                                                           	Abnormal weight loss                                                                                	problem                                                                                             	active                                                                                              	267024001                                                                                           	{"onsetQuantityAge":"25","onsetDateTime":"2005-12-05"}	2011-11-22	mild                                                                                                	http://snomed.info/sct	Problem	http://argonautwiki.hl7.org/index.php?title=Argonaut_Extension_Codes	CONFIRMED
14	https://sitenv.org                                                                                  	7712                                                                                                	1	1	62315008                                                                                            	Diarrhea                                                                                            	problem                                                                                             	active                                                                                              	62315008                                                                                            	{"onsetQuantityAge":"25","onsetDateTime":"2005-01-11"}	2014-11-22	mild                                                                                                	http://snomed.info/sct	Problem	http://argonautwiki.hl7.org/index.php?title=Argonaut_Extension_Codes	CONFIRMED
15	https://sitenv.org                                                                                  	7713                                                                                                	2	1	62315008                                                                                            	Diarrhea                                                                                            	problem                                                                                             	active                                                                                              	62315008                                                                                            	{"onsetQuantityAge":"25","onsetDateTime":"2001-12-21"}	2011-11-04	mild                                                                                                	http://snomed.info/sct	Problem	http://argonautwiki.hl7.org/index.php?title=Argonaut_Extension_Codes	CONFIRMED
16	https://sitenv.org                                                                                  	7714                                                                                                	2	1	267024001                                                                                           	Abnormal weight loss                                                                                	problem                                                                                             	active                                                                                              	267024001                                                                                           	{"onsetQuantityAge":"25","onsetDateTime":"2005-12-05"}	2011-11-22	mild                                                                                                	http://snomed.info/sct	Problem	http://argonautwiki.hl7.org/index.php?title=Argonaut_Extension_Codes	CONFIRMED
18	https://sitenv.org                                                                                  	7716                                                                                                	2	1	235595009                                                                                           	Gastroesophageal reflux disease                                                                     	problem                                                                                             	active                                                                                              	235595009                                                                                           	{"onsetQuantityAge":"25","onsetDateTime":"2005-11-28"}	2011-11-28	mild                                                                                                	http://snomed.info/sct	Problem	http://argonautwiki.hl7.org/index.php?title=Argonaut_Extension_Codes	CONFIRMED
19	https://sitenv.org                                                                                  	7717                                                                                                	3	1	62315008                                                                                            	Diarrhea                                                                                            	problem                                                                                             	active                                                                                              	62315008                                                                                            	{"onsetQuantityAge":"25","onsetDateTime":"2001-12-21"}	2011-11-04	mild                                                                                                	http://snomed.info/sct	Problem	http://argonautwiki.hl7.org/index.php?title=Argonaut_Extension_Codes	CONFIRMED
20	https://sitenv.org                                                                                  	7718                                                                                                	3	1	442311008                                                                                           	Single liveborn, born in hospital, delivered without mention of cesarean section                    	problem                                                                                             	active                                                                                              	442311008                                                                                           	{"onsetQuantityAge":"25","onsetDateTime":"2005-05-05"}	2011-04-22	mild                                                                                                	http://snomed.info/sct	Problem	http://argonautwiki.hl7.org/index.php?title=Argonaut_Extension_Codes	CONFIRMED
22	https://sitenv.org                                                                                  	7720                                                                                                	3	1	235595009                                                                                           	Gastroesophageal reflux disease                                                                     	problem                                                                                             	active                                                                                              	235595009                                                                                           	{"onsetQuantityAge":"25","onsetDateTime":"2005-11-28"}	2011-11-28	mild                                                                                                	http://snomed.info/sct	Problem	http://argonautwiki.hl7.org/index.php?title=Argonaut_Extension_Codes	CONFIRMED
23	https://sitenv.org                                                                                  	7721                                                                                                	4	1	62315008                                                                                            	Diarrhea                                                                                            	problem                                                                                             	active                                                                                              	62315008                                                                                            	{"onsetQuantityAge":"25","onsetDateTime":"2001-12-21"}	2011-11-04	mild                                                                                                	http://snomed.info/sct	Problem	http://argonautwiki.hl7.org/index.php?title=Argonaut_Extension_Codes	CONFIRMED
17	https://sitenv.org                                                                                  	7715                                                                                                	2	1	310249008                                                                                           	Follow-up encounter                                                                                 	health-concern                                                                                      	active                                                                                              	310249008                                                                                           	{"onsetQuantityAge":"25","onsetDateTime":"2005-12-02"}	2011-11-05	mild                                                                                                	http://snomed.info/sct	Health Concern	http://argonautwiki.hl7.org/index.php?title=Argonaut_Extension_Codes	CONFIRMED
21	https://sitenv.org                                                                                  	7719                                                                                                	3	1	310249008                                                                                           	Follow-up encounter                                                                                 	health-concern                                                                                      	active                                                                                              	310249008                                                                                           	{"onsetQuantityAge":"25","onsetDateTime":"2005-12-02"}	2011-11-05	mild                                                                                                	http://snomed.info/sct	Health Concern	http://argonautwiki.hl7.org/index.php?title=Argonaut_Extension_Codes	CONFIRMED
24	https://sitenv.org                                                                                  	7722                                                                                                	4	1	442311008                                                                                           	Single liveborn, born in hospital, delivered without mention of cesarean section                    	problem                                                                                             	active                                                                                              	442311008                                                                                           	{"onsetQuantityAge":"25","onsetDateTime":"2005-05-05"}	2011-04-22	mild                                                                                                	http://snomed.info/sct	Problem	http://argonautwiki.hl7.org/index.php?title=Argonaut_Extension_Codes	CONFIRMED
25	https://sitenv.org                                                                                  	7723                                                                                                	4	1	267024001                                                                                           	Abnormal weight loss                                                                                	health-concern                                                                                      	active                                                                                              	267024001                                                                                           	{"onsetQuantityAge":"25","onsetDateTime":"2005-06-02"}	2011-06-05	mild                                                                                                	http://snomed.info/sct	Health Concern	http://argonautwiki.hl7.org/index.php?title=Argonaut_Extension_Codes	CONFIRMED
26	https://sitenv.org                                                                                  	7724                                                                                                	4	1	235595009                                                                                           	Gastroesophageal reflux disease                                                                     	problem                                                                                             	active                                                                                              	235595009                                                                                           	{"onsetQuantityAge":"25","onsetDateTime":"2005-11-28"}	2011-11-28	mild                                                                                                	http://snomed.info/sct	Problem	http://argonautwiki.hl7.org/index.php?title=Argonaut_Extension_Codes	CONFIRMED
27	https://sitenv.org                                                                                  	7725                                                                                                	5	1	62315008                                                                                            	Diarrhea                                                                                            	problem                                                                                             	active                                                                                              	62315008                                                                                            	{"onsetQuantityAge":"25","onsetDateTime":"2001-12-21"}	2011-11-04	mild                                                                                                	http://snomed.info/sct	Problem	http://argonautwiki.hl7.org/index.php?title=Argonaut_Extension_Codes	CONFIRMED
28	https://sitenv.org                                                                                  	7726                                                                                                	5	1	442311008                                                                                           	Single liveborn, born in hospital, delivered without mention of cesarean section                    	problem                                                                                             	active                                                                                              	442311008                                                                                           	{"onsetQuantityAge":"25","onsetDateTime":"2005-05-05"}	2011-04-22	mild                                                                                                	http://snomed.info/sct	Problem	http://argonautwiki.hl7.org/index.php?title=Argonaut_Extension_Codes	CONFIRMED
29	https://sitenv.org                                                                                  	7727                                                                                                	5	1	267024001                                                                                           	Abnormal weight loss                                                                                	health-concern                                                                                      	active                                                                                              	267024001                                                                                           	{"onsetQuantityAge":"25","onsetDateTime":"2005-06-02"}	2011-06-05	mild                                                                                                	http://snomed.info/sct	Health Concern	http://argonautwiki.hl7.org/index.php?title=Argonaut_Extension_Codes	CONFIRMED
30	https://sitenv.org                                                                                  	7728                                                                                                	5	1	25374005                                                                                            	Other and unspecified noninfectious gastroenteritis and colitis                                     	problem                                                                                             	active                                                                                              	25374005                                                                                            	{"onsetQuantityAge":"25","onsetDateTime":"2005-11-28"}	2011-11-28	mild                                                                                                	http://snomed.info/sct	Problem	http://argonautwiki.hl7.org/index.php?title=Argonaut_Extension_Codes	CONFIRMED
31	https://sitenv.org                                                                                  	7729                                                                                                	6	1	62315008                                                                                            	Diarrhea                                                                                            	problem                                                                                             	active                                                                                              	62315008                                                                                            	{"onsetQuantityAge":"25","onsetDateTime":"2001-12-21"}	2011-11-04	mild                                                                                                	http://snomed.info/sct	Problem	http://argonautwiki.hl7.org/index.php?title=Argonaut_Extension_Codes	CONFIRMED
32	https://sitenv.org                                                                                  	7730                                                                                                	6	1	442311008                                                                                           	Single liveborn, born in hospital, delivered without mention of cesarean section                    	problem                                                                                             	active                                                                                              	442311008                                                                                           	{"onsetQuantityAge":"25","onsetDateTime":"2005-05-05"}	2011-04-22	mild                                                                                                	http://snomed.info/sct	Problem	http://argonautwiki.hl7.org/index.php?title=Argonaut_Extension_Codes	CONFIRMED
33	https://sitenv.org                                                                                  	7731                                                                                                	6	1	267024001                                                                                           	Abnormal weight loss                                                                                	health-concern                                                                                      	active                                                                                              	267024001                                                                                           	{"onsetQuantityAge":"25","onsetDateTime":"2005-06-02"}	2011-06-05	mild                                                                                                	http://snomed.info/sct	Health Concern	http://argonautwiki.hl7.org/index.php?title=Argonaut_Extension_Codes	CONFIRMED
34	https://sitenv.org                                                                                  	7732                                                                                                	6	1	25374005                                                                                            	Other and unspecified noninfectious gastroenteritis and colitis                                     	problem                                                                                             	active                                                                                              	25374005                                                                                            	{"onsetQuantityAge":"25","onsetDateTime":"2005-11-28"}	2011-11-28	mild                                                                                                	http://snomed.info/sct	Problem	http://argonautwiki.hl7.org/index.php?title=Argonaut_Extension_Codes	CONFIRMED
35	https://sitenv.org                                                                                  	7733                                                                                                	7	1	62315008                                                                                            	Diarrhea                                                                                            	problem                                                                                             	active                                                                                              	62315008                                                                                            	{"onsetQuantityAge":"25","onsetDateTime":"2001-12-21"}	2011-11-04	mild                                                                                                	http://snomed.info/sct	Problem	http://argonautwiki.hl7.org/index.php?title=Argonaut_Extension_Codes	CONFIRMED
36	https://sitenv.org                                                                                  	7734                                                                                                	7	1	442311008                                                                                           	Single liveborn, born in hospital, delivered without mention of cesarean section                    	problem                                                                                             	active                                                                                              	442311008                                                                                           	{"onsetQuantityAge":"25","onsetDateTime":"2005-05-05"}	2011-04-22	mild                                                                                                	http://snomed.info/sct	Problem	http://argonautwiki.hl7.org/index.php?title=Argonaut_Extension_Codes	CONFIRMED
37	https://sitenv.org                                                                                  	7735                                                                                                	7	1	267024001                                                                                           	Abnormal weight loss                                                                                	health-concern                                                                                      	active                                                                                              	267024001                                                                                           	{"onsetQuantityAge":"25","onsetDateTime":"2005-06-02"}	2011-06-05	mild                                                                                                	http://snomed.info/sct	Health Concern	http://argonautwiki.hl7.org/index.php?title=Argonaut_Extension_Codes	CONFIRMED
39	https://sitenv.org                                                                                  	7737                                                                                                	8	1	62315008                                                                                            	Diarrhea                                                                                            	problem                                                                                             	active                                                                                              	62315008                                                                                            	{"onsetQuantityAge":"25","onsetDateTime":"2001-12-21"}	2011-11-04	mild                                                                                                	http://snomed.info/sct	Problem	http://argonautwiki.hl7.org/index.php?title=Argonaut_Extension_Codes	CONFIRMED
40	https://sitenv.org                                                                                  	7738                                                                                                	8	1	442311008                                                                                           	Single liveborn, born in hospital, delivered without mention of cesarean section                    	problem                                                                                             	active                                                                                              	442311008                                                                                           	{"onsetQuantityAge":"25","onsetDateTime":"2005-05-05"}	2011-04-22	mild                                                                                                	http://snomed.info/sct	Problem	http://argonautwiki.hl7.org/index.php?title=Argonaut_Extension_Codes	CONFIRMED
41	https://sitenv.org                                                                                  	7739                                                                                                	8	1	267024001                                                                                           	Abnormal weight loss                                                                                	health-concern                                                                                      	active                                                                                              	267024001                                                                                           	{"onsetQuantityAge":"25","onsetDateTime":"2005-06-02"}	2011-06-05	mild                                                                                                	http://snomed.info/sct	Health Concern	http://argonautwiki.hl7.org/index.php?title=Argonaut_Extension_Codes	CONFIRMED
42	https://sitenv.org                                                                                  	7740                                                                                                	8	1	25374005                                                                                            	Other and unspecified noninfectious gastroenteritis and colitis                                     	problem                                                                                             	active                                                                                              	25374005                                                                                            	{"onsetQuantityAge":"25","onsetDateTime":"2005-11-28"}	2011-11-28	mild                                                                                                	http://snomed.info/sct	Problem	http://argonautwiki.hl7.org/index.php?title=Argonaut_Extension_Codes	CONFIRMED
43	https://sitenv.org                                                                                  	7741                                                                                                	9	1	62315008                                                                                            	Diarrhea                                                                                            	problem                                                                                             	active                                                                                              	62315008                                                                                            	{"onsetQuantityAge":"25","onsetDateTime":"2001-12-21"}	2011-11-04	mild                                                                                                	http://snomed.info/sct	Problem	http://argonautwiki.hl7.org/index.php?title=Argonaut_Extension_Codes	CONFIRMED
44	https://sitenv.org                                                                                  	7742                                                                                                	9	1	442311008                                                                                           	Single liveborn, born in hospital, delivered without mention of cesarean section                    	problem                                                                                             	active                                                                                              	442311008                                                                                           	{"onsetQuantityAge":"25","onsetDateTime":"2005-05-05"}	2011-04-22	mild                                                                                                	http://snomed.info/sct	Problem	http://argonautwiki.hl7.org/index.php?title=Argonaut_Extension_Codes	CONFIRMED
45	https://sitenv.org                                                                                  	7743                                                                                                	9	1	267024001                                                                                           	Abnormal weight loss                                                                                	health-concern                                                                                      	active                                                                                              	267024001                                                                                           	{"onsetQuantityAge":"25","onsetDateTime":"2005-06-02"}	2011-06-05	mild                                                                                                	http://snomed.info/sct	Health Concern	http://argonautwiki.hl7.org/index.php?title=Argonaut_Extension_Codes	CONFIRMED
46	https://sitenv.org                                                                                  	7744                                                                                                	9	1	65363002                                                                                            	Otitis media                                                                                        	problem                                                                                             	active                                                                                              	65363002                                                                                            	{"onsetQuantityAge":"25","onsetDateTime":"2005-11-28"}	2011-11-28	mild                                                                                                	http://snomed.info/sct	Problem	http://argonautwiki.hl7.org/index.php?title=Argonaut_Extension_Codes	CONFIRMED
47	https://sitenv.org                                                                                  	7746                                                                                                	10	1	185903001                                                                                           	Needs influenza immunization                                                                        	problem                                                                                             	active                                                                                              	185903001                                                                                           	{"onsetQuantityAge":"25","onsetDateTime":"2001-12-21"}	2011-11-04	mild                                                                                                	http://snomed.info/sct	Problem	http://argonautwiki.hl7.org/index.php?title=Argonaut_Extension_Codes	CONFIRMED
48	https://sitenv.org                                                                                  	7747                                                                                                	10	1	442311008                                                                                           	Single liveborn, born in hospital, delivered without mention of cesarean section                    	problem                                                                                             	active                                                                                              	442311008                                                                                           	{"onsetQuantityAge":"25","onsetDateTime":"2005-05-05"}	2011-04-22	mild                                                                                                	http://snomed.info/sct	Problem	http://argonautwiki.hl7.org/index.php?title=Argonaut_Extension_Codes	CONFIRMED
49	https://sitenv.org                                                                                  	7748                                                                                                	10	1	267024001                                                                                           	Abnormal weight loss                                                                                	health-concern                                                                                      	active                                                                                              	267024001                                                                                           	{"onsetQuantityAge":"25","onsetDateTime":"2005-06-02"}	2011-06-05	mild                                                                                                	http://snomed.info/sct	Health Concern	http://argonautwiki.hl7.org/index.php?title=Argonaut_Extension_Codes	CONFIRMED
50	https://sitenv.org                                                                                  	7749                                                                                                	10	1	65363002                                                                                            	Otitis media                                                                                        	problem                                                                                             	active                                                                                              	65363002                                                                                            	{"onsetQuantityAge":"25","onsetDateTime":"2005-11-28"}	2011-11-28	mild                                                                                                	http://snomed.info/sct	Problem	http://argonautwiki.hl7.org/index.php?title=Argonaut_Extension_Codes	CONFIRMED
\.


--
-- Data for Name: confidentiality; Type: TABLE DATA; Schema: public; Owner: postgres
--

COPY confidentiality (id, code, display, system) FROM stdin;
1	ETH	substance abuse information sensitivity	http://hl7.org/fhir/v3/ActCode
2	GDIS	genetic disease information sensitivity	http://hl7.org/fhir/v3/ActCode
3	HIV	HIV/AIDS information sensitivity	http://hl7.org/fhir/v3/ActCode
4	PSY	psychiatry information sensitivity	http://hl7.org/fhir/v3/ActCode
5	SCA	sickle cell anemia	http://hl7.org/fhir/v3/ActCode
\.


--
-- Name: confidentiality_id_seq; Type: SEQUENCE SET; Schema: public; Owner: postgres
--

SELECT pg_catalog.setval('confidentiality_id_seq', 5, true);


--
-- Data for Name: content; Type: TABLE DATA; Schema: public; Owner: postgres
--

COPY content (id, content_type, language, url, content_size, title) FROM stdin;
7	application/xml	en-US	https://54.209.188.133/hapi/download/test.txt	99765	This is blood report4
8	application/xsd	en-US	https://54.209.188.133/hapi/download/test.docx	1297	This is blood report5
9	application/hl7-v3+xml 	en-US	https://54.209.188.133/hapi/download/test.html	4532	This is blood report6
4	application/pdf	en-US	https://54.209.188.133/hapi/download/test.html	3654	This is blood report1
5	application/ms-word	en-US	https://54.209.188.133/hapi/download/test.pdf	3154	This is blood report2
6	application/xml	en-US	http://fhirtest.direct.sitenv.org/hapi-resprint/download/CCDA_Ambulatory.xml	45333	Continuity of Care Document
\.


--
-- Name: content_id_seq; Type: SEQUENCE SET; Schema: public; Owner: postgres
--

SELECT pg_catalog.setval('content_id_seq', 9, true);


--
-- Data for Name: context_event; Type: TABLE DATA; Schema: public; Owner: postgres
--

COPY context_event (id, code, display, system) FROM stdin;
18	T-D8201	Arm 1	http://ihe.net/xds/connectathon/eventCodes
19	T-D8202	Arm 2	http://ihe.net/xds/connectathon/eventCodes
20	T-D8203	Arm 3	http://ihe.net/xds/connectathon/eventCodes
21	T-D8204	Arm 4	http://ihe.net/xds/connectathon/eventCodes
22	T-D8205	Arm 5	http://ihe.net/xds/connectathon/eventCodes
23	T-D8206	Arm 6	http://ihe.net/xds/connectathon/eventCodes
24	T-D8207	Arm 7	http://ihe.net/xds/connectathon/eventCodes
25	T-D8208	Arm 8	http://ihe.net/xds/connectathon/eventCodes
26	T-D8209	Arm 9	http://ihe.net/xds/connectathon/eventCodes
\.


--
-- Name: context_event_id_seq; Type: SEQUENCE SET; Schema: public; Owner: postgres
--

SELECT pg_catalog.setval('context_event_id_seq', 26, true);


--
-- Data for Name: context_facility_type; Type: TABLE DATA; Schema: public; Owner: postgres
--

COPY context_facility_type (id, code, display, system) FROM stdin;
1	225732001	Hospital-community	http://snomed.info/sct
2	79993009	Hospital-government	http://snomed.info/sct
3	32074000	Hospital-long term care 	http://snomed.info/sct
4	4322002	Hospital-military field 	http://snomed.info/sct
5	224687002	Hospital-prison	http://snomed.info/sct
6	62480006	Hospital-psychiatric	http://snomed.info/sct
7	80522000	Hospital-rehabilitation 	http://snomed.info/sct
8	36125001	Hospital-trauma center	http://snomed.info/sct
\.


--
-- Name: context_facility_type_id_seq; Type: SEQUENCE SET; Schema: public; Owner: postgres
--

SELECT pg_catalog.setval('context_facility_type_id_seq', 8, true);


--
-- Data for Name: context_period; Type: TABLE DATA; Schema: public; Owner: postgres
--

COPY context_period (id, start, "end") FROM stdin;
1	2004-12-22 21:00:00+00	2004-12-23 13:01:00+00
2	2004-12-20 14:00:00+00	2004-12-20 14:01:00+00
\.


--
-- Data for Name: custodian; Type: TABLE DATA; Schema: public; Owner: postgres
--

COPY custodian (id, name) FROM stdin;
1	Practitoner/1
2	Practitoner/1
3	Practitoner/1
4	Practitoner/1
5	Practitoner/1
6	Practitoner/1
\.


--
-- Name: custodian_id_seq; Type: SEQUENCE SET; Schema: public; Owner: postgres
--

SELECT pg_catalog.setval('custodian_id_seq', 6, true);


--
-- Data for Name: device; Type: TABLE DATA; Schema: public; Owner: postgres
--

COPY device (id, status, udi, patient, type_code, type_system, type_display, text_status, text_div, identifier_value, identifier_system, identifier_type_code, identifier_type_system, identifier_type_text, identifier_type_value) FROM stdin;
1	available	{01}09504000059118{17}141120{10}7654321D{21}10987654d321	1	468063009	http://snomed.info/sct	Coated femoral stem prosthesis, modular	generated	<div xmlns="http://www.w3.org/1999/xhtml">\n\t\t\t<p>Patient: http://fhirtest.direct.sitenv.org/hapi-resprint/fhir/Patient/1</p>\n\t\t\t<p>UDI: {01}09504000059118{17}141120{10}7654321D{21}10987654d321</p>\n\t\t\t<p>Type:Coated femoral stem prosthesis, modular</p>\n\t\t</div>	345675	https://sitenv.org	SNO	http://hl7.org/fhir/identifier-type	Serial Number	AMID-342135-8464
\.


--
-- Name: device_id_seq; Type: SEQUENCE SET; Schema: public; Owner: postgres
--

SELECT pg_catalog.setval('device_id_seq', 1, false);


--
-- Data for Name: diagnosticreport; Type: TABLE DATA; Schema: public; Owner: postgres
--

COPY diagnosticreport (id, status, cat_code, cat_system, cat_display, cat_text, code, code_system, code_display, code_text, patient, effectivedate, issued, performer, result, identifier_system, identifier_value, last_updated_ts) FROM stdin;
2	REGISTERED	HM	http://hl7.org/fhir/v2/0074	Hematology	Hematology	58410-2	http://loinc.org	Complete blood count (hemogram) panel - Blood by Automated count	Complete blood count (hemogram) panel - Blood by Automated count	1	2004-11-23	2004-11-21	1	1	https://sitenv.org	7799	2016-02-20 09:57:54.353
1	FINAL	CH	http://hl7.org/fhir/v2/0074	Chemistry	Chemistry	72166-2	http://loinc.org	Tobacco smoking status	Tobacco smoking status	1	2005-12-24	2005-12-23	1	1	https://sitenv.org	7766	2016-02-19 09:57:54.353
5	FINAL	LAB	http://hl7.org/fhir/v2/0074	Laboratory	Laboratory	24356-8	http://loinc.org	Urinalysis complete panel - Urine	Urinalysis complete panel - Urine	1	2013-11-03	2013-10-03	1	1	https://sitenv.org	4548	2016-02-22 09:57:54.353
4	FINAL	LAB	http://hl7.org/fhir/v2/0074	Laboratory	Laboratory	58410-2	http://loinc.org	Complete blood count (hemogram) panel - Blood by Automated count	Complete blood count (hemogram) panel - Blood by Automated count	1	2013-11-03	2013-10-03	1	1	https://sitenv.org	4545	2016-02-22 09:57:54.353
3	FINAL	LAB	http://hl7.org/fhir/v2/0074	Laboratory	Laboratory	24323-8	http://loinc.org	Comprehensive metabolic 2000 panel - Serum or Plasma	Comprehensive metabolic 2000 panel - Serum or Plasma	1	2013-11-03	2013-10-03	1	1	https://sitenv.org	4546	2016-02-21 09:57:54.353
\.


--
-- Name: diagnosticreport_id_seq; Type: SEQUENCE SET; Schema: public; Owner: postgres
--

SELECT pg_catalog.setval('diagnosticreport_id_seq', 1, true);


--
-- Data for Name: doc_class_codes; Type: TABLE DATA; Schema: public; Owner: postgres
--

COPY doc_class_codes (id, code, display, system) FROM stdin;
1	11369-6	History of Immunization 	http://loinc.org/valueset-c80-doc-classcodes.html
2	11485-0	Anesthesia records	http://loinc.org/valueset-c80-doc-classcodes.html
3	11486-8	Chemotherapy records	http://loinc.org/valueset-c80-doc-classcodes.html
4	11488-4	Consult Note	http://loinc.org/valueset-c80-doc-classcodes.html
5	11506-3	Provider-unspecified progress note	http://loinc.org/valueset-c80-doc-classcodes.html
6	11543-6	Nursery records	http://loinc.org/valueset-c80-doc-classcodes.html
7	15508-5	Labor and delivery records	http://loinc.org/valueset-c80-doc-classcodes.html
\.


--
-- Name: doc_class_codes_id_seq; Type: SEQUENCE SET; Schema: public; Owner: postgres
--

SELECT pg_catalog.setval('doc_class_codes_id_seq', 7, true);


--
-- Data for Name: doc_type_codes; Type: TABLE DATA; Schema: public; Owner: postgres
--

COPY doc_type_codes (id, code, display, system) FROM stdin;
1	55107-7	Addendum Document 	http://loinc.org
3	51851-4	Administrative note	http://loinc.org
4	67851-6	Admission evaluation note	http://loinc.org
5	34744-3	Nurse Admission evaluation note	http://loinc.org
6	34873-0	Surgery Admission evaluation note	http://loinc.org
2	34133-9	ADHD action plan	http://loinc.org
\.


--
-- Name: doc_type_codes_id_seq; Type: SEQUENCE SET; Schema: public; Owner: postgres
--

SELECT pg_catalog.setval('doc_type_codes_id_seq', 6, true);


--
-- Data for Name: document_reference; Type: TABLE DATA; Schema: public; Owner: postgres
--

COPY document_reference (id, master_dentifier_system, master_dentifier_value, identifier_use, identifier_system, identifier_value, subject, type, class_code, document_format, author, custodian, authenticator, created, indexed, status, doc_status, description, confidentiality, content, context_event, context_period, context_facility_type) FROM stdin;
1	https://sitenv.org	222-338-1234	official 	https://sitenv.org	7766	1	2	2	urn:ihe:pcc:xphr:2009	1	1	2	2005-12-24 00:00:00	2005-12-24 14:43:41+00	CURRENT	preliminary	Physical	4	6	20	1	7
2	https://sitenv.org	882-777-1134	official 	https://sitenv.org	1234	2	1	1	urn:ihe:pcc:xphr:2019	2	2	1	2005-12-23 00:00:00	2005-12-23 14:43:41+00	SUPERSEDED	appended	Physical	5	7	21	2	8
3	https://sitenv.org	222-338-1234	official 	https://sitenv.org	7766	3	2	2	urn:ihe:pcc:xphr:2009	1	1	2	2005-12-24 00:00:00	2005-12-24 14:43:41+00	CURRENT	preliminary	Physical	4	6	20	1	7
\.


--
-- Name: document_reference_id_seq; Type: SEQUENCE SET; Schema: public; Owner: postgres
--

SELECT pg_catalog.setval('document_reference_id_seq', 2, true);


--
-- Name: document_reference_id_seq1; Type: SEQUENCE SET; Schema: public; Owner: postgres
--

SELECT pg_catalog.setval('document_reference_id_seq1', 2, true);


--
-- Data for Name: document_reference_json; Type: TABLE DATA; Schema: public; Owner: postgres
--

COPY document_reference_json (id, master_dentifier, identifier, subject, type, class_code, document_format) FROM stdin;
1	 { "system": "SSN", "value": "211-778-2345" }	 {"use":"official", "system": "urn:hapitest:mrns", "value": "urn:oid:1.3.6.1.4.1.21367.2005.3.7" }	1	1	1	urn:ihe:pcc:xphr:2007
2	 { "system": "SSN", "value": "222-338-1234" }	 {"use":"official", "system": "urn:hapitest:xyz", "value": "urn:oid:2.3.4.5.6.7.21367.2005.3.7" }	2	2	2	urn:ihe:pcc:xphr:2009
\.


--
-- Name: event_period_id_seq; Type: SEQUENCE SET; Schema: public; Owner: postgres
--

SELECT pg_catalog.setval('event_period_id_seq', 2, true);


--
-- Data for Name: goals; Type: TABLE DATA; Schema: public; Owner: postgres
--

COPY goals (id, status, date, patient, description, textstatus) FROM stdin;
1	in-progress	2016-01-01	1	Patient is targeting a pulse oximetry of 92% and a weight of 195 lbs	generated
\.


--
-- Name: goals_id_seq; Type: SEQUENCE SET; Schema: public; Owner: postgres
--

SELECT pg_catalog.setval('goals_id_seq', 1, false);


--
-- Data for Name: immunization; Type: TABLE DATA; Schema: public; Owner: postgres
--

COPY immunization (id, status, date, vaccine_system, vaccine_code, vaccine_display, patient, wasnotgiven, reported) FROM stdin;
1	completed	2015-01-07	http://hl7.org/fhir/sid/cvx	158	influenza, injectable, quadrivalent	1	f	f
10	completed	2011-11-09	http://www2a.cdc.gov/vaccines/IIS/IISStandards/vaccines.asp?rpt=cvx	43	hepatitis B vaccine, adult dosage	10	f	f
2	completed	2007-09-27	http://www2a.cdc.gov/vaccines/IIS/IISStandards/vaccines.asp?rpt=cvx	110	DTaP-hepatitis B and poliovirus vaccine	2	f	f
3	completed	2005-06-15	http://www2a.cdc.gov/vaccines/IIS/IISStandards/vaccines.asp?rpt=cvx	89	poliovirus vaccine, unspecified formulation	3	f	f
4	completed	2005-05-05	http://www2a.cdc.gov/vaccines/IIS/IISStandards/vaccines.asp?rpt=cvx	116	rotavirus, live, pentavalent vaccine	4	f	f
5	completed	2014-05-16	http://www2a.cdc.gov/vaccines/IIS/IISStandards/vaccines.asp?rpt=cvx	21	varicella virus vaccine	5	f	f
6	completed	2015-04-06	http://www2a.cdc.gov/vaccines/IIS/IISStandards/vaccines.asp?rpt=cvx	104	hepatitis A and hepatitis B vaccine	6	f	f
7	completed	2012-12-02	http://www2a.cdc.gov/vaccines/IIS/IISStandards/vaccines.asp?rpt=cvx	03	measles, mumps and rubella virus vaccine	7	f	f
8	completed	2015-03-03	http://www2a.cdc.gov/vaccines/IIS/IISStandards/vaccines.asp?rpt=cvx	137	HPV, unspecified formulation	8	f	f
9	completed	2014-04-04	http://www2a.cdc.gov/vaccines/IIS/IISStandards/vaccines.asp?rpt=cvx	136	meningococcal oligosaccharide (groups A, C, Y and W-135) diphtheria toxoid conjugate vaccine (MCV4O)	9	f	f
\.


--
-- Name: immunization_id_seq; Type: SEQUENCE SET; Schema: public; Owner: postgres
--

SELECT pg_catalog.setval('immunization_id_seq', 2, true);


--
-- Data for Name: location; Type: TABLE DATA; Schema: public; Owner: postgres
--

COPY location (location_id, identifier, status, name, description, mode, type, telecom, address, physicaltype, "position", managingorganization, partof) FROM stdin;
1	{"system":"https://sitenv.org","value":"B1-S.F2"}	ACTIVE	South Wing	Second floor of the Old South Wing, formerly in use by Psychiatry	INSTANCE	\N	{\r\n      "system": "PHONE",\r\n      "value": "2328",\r\n      "use": "WORK"\r\n    }	{\r\n    "use": "WORK",\r\n    "line": "425 West Side dr",\r\n    "city": "Gaithersburg",\r\n    "state":"MD",\r\n    "postalCode": "20878",\r\n    "country": "US"\r\n  }	{\r\n        "system": "http://hl7.org/fhir/location-physical-type",\r\n        "code": "wi",\r\n        "display": "Wing"\r\n      }	{\r\n    "longitude": -83.6945691,\r\n    "latitude": 42.25475478,\r\n    "altitude": 0\r\n  }	1	\N
\.


--
-- Name: location_location_id_seq; Type: SEQUENCE SET; Schema: public; Owner: postgres
--

SELECT pg_catalog.setval('location_location_id_seq', 1, false);


--
-- Data for Name: manufacturer; Type: TABLE DATA; Schema: public; Owner: postgres
--

COPY manufacturer (id, name) FROM stdin;
1	Organization/1                                                                                      
\.


--
-- Data for Name: marital_status; Type: TABLE DATA; Schema: public; Owner: postgres
--

COPY marital_status (code, display) FROM stdin;
A	Annulled
D	Divorced
I	Interlocutory
L	Legally Separated
M	Married
P	Polygamous
S	Never Married
T	Domestic partner
U	unmarried
W	Widowed
\.


--
-- Data for Name: medication; Type: TABLE DATA; Schema: public; Owner: postgres
--

COPY medication (id, med_code, med_isbrand, med_form, med_ingredient, med_manufacturer, med_display, med_system) FROM stdin;
1	582620	f	Tablet	{"item":"Hemoglobin Okaloosa","amount":"250mg"}	1	Nizatidine 15 MG/ML Oral Solution [Axid]                                                            	http://www.nlm.nih.gov/research/umls/rxnorm
\.


--
-- Data for Name: medication_administration; Type: TABLE DATA; Schema: public; Owner: postgres
--

COPY medication_administration (id, identifier_system, identifier_value, status, patient, practitioner, prescription, wasnotgiven, reasonnotgiven, medicationcodeableconcept, medicationreference, dosage, effectivetimeperiod) FROM stdin;
1	https://sitenv.org                                                                                  	7755                                                                                                	COMPLETED                                         	1	1	1	t	Medication Expired                                                                                                                                                                                                                                             	{"code":"103439","display":"Desonide 0.5 MG/ML Topical Cream"}	1	{"sitedisplay":"Parathyroid glans","code":"mg","system":"http://unitsofmeasure.org","value":80,"sitecode":"111002","unit":"mg"}	{ "start": "2015-01-15", "end": "2015-01-15"}
\.


--
-- Data for Name: medication_dispense; Type: TABLE DATA; Schema: public; Owner: postgres
--

COPY medication_dispense (id, identifier_system, identifier_value, patient, dispenser, authorizingprescription, medicationreference, dosageinstruction, status, medicationcodeableconcept) FROM stdin;
3	https://sitenv.org                                                                                  	6677                                                                                                	11	1	1	1	{"text":"10U every AM, 5U every PM, 5U at bedtime","timingstart":"2015-04-05","timingend":"2016-04-05","timingfrequency":"2","timingperiod":"1","timingperiodunits":"D","routecode":"C38288","routedisplay":"ORAL","dosevalue":"40","doseunit":"ml","dosecode":"ml"}	COMPLETED                                                                                           	{\r\n                            "system": "http://www.nlm.nih.gov/research/umls/rxnorm",\r\n                            "code": "311036",\r\n                            "display": "Humulin R (insulin regular, human) U100  100units/ml inj solution",\r\n                            "userSelected": false\r\n                        }
4	https://sitenv.org                                                                                  	6677                                                                                                	11	1	1	1	{"text":"30mg (3 tablets) by mouth once daily","timingstart":"2015-04-05","timingend":"2016-04-05","timingfrequency":"2","timingperiod":"1","timingperiodunits":"D","routecode":"C38288","routedisplay":"ORAL","dosevalue":"90","doseunit":"tablets","dosecode":"tablets"}	COMPLETED                                                                                           	{\r\n                            "system": "http://www.nlm.nih.gov/research/umls/rxnorm",\r\n                            "code": "314231",\r\n                            "display": "Simvastatin 10 MG Oral Tablet",\r\n                            "userSelected": false\r\n                        }
6	https://sitenv.org                                                                                  	6677                                                                                                	11	1	1	1	{"text":"Take 30mg  by mouth every morning.","timingstart":"2015-04-05","timingend":"2016-04-05","timingfrequency":"2","timingperiod":"1","timingperiodunits":"D","routecode":"C38288","routedisplay":"ORAL","dosevalue":"30","doseunit":"tablets","dosecode":"tablets"}	COMPLETED                                                                                           	{\r\n                            "system": "http://www.nlm.nih.gov/research/umls/rxnorm",\r\n                            "code": "198145",\r\n                            "display": "Prednisone 10 MG Oral Tablet",\r\n                            "userSelected": false\r\n                        }
7	https://sitenv.org                                                                                  	6677                                                                                                	11	1	1	1	{"text":"40mg (4 tablets) by mouth once daily","timingstart":"2015-04-05","timingend":"2016-04-05","timingfrequency":"2","timingperiod":"1","timingperiodunits":"D","routecode":"C38288","routedisplay":"ORAL","dosevalue":"120","doseunit":"tablets","dosecode":"tablets"}	COMPLETED                                                                                           	{\r\n                            "system": "http://www.nlm.nih.gov/research/umls/rxnorm",\r\n                            "code": "314231",\r\n                            "display": "Simvastatin 10 MG Oral Tablet",\r\n                            "userSelected": false\r\n                        }
9	https://sitenv.org                                                                                  	6677                                                                                                	11	1	1	1	{"text":"40mg by mouth once daily","timingstart":"2015-04-05","timingend":"2016-04-05","timingfrequency":"2","timingperiod":"1","timingperiodunits":"D","routecode":"C38288","routedisplay":"ORAL","dosevalue":"60","doseunit":"tablets","dosecode":"tablets"}	COMPLETED                                                                                           	{\r\n                            "system": "http://www.nlm.nih.gov/research/umls/rxnorm",\r\n                            "code": "104491",\r\n                            "display": "Simvastatin 20 MG Oral Tablet [Zocor]",\r\n                            "userSelected": false\r\n                        }
10	https://sitenv.org                                                                                  	6677                                                                                                	11	1	1	1	{"text":"40mg by mouth once daily","timingstart":"2015-04-05","timingend":"2016-04-05","timingfrequency":"2","timingperiod":"1","timingperiodunits":"D","routecode":"C38288","routedisplay":"ORAL","dosevalue":"60","doseunit":"tablets","dosecode":"tablets"}	COMPLETED                                                                                           	{\r\n                            "system": "http://www.nlm.nih.gov/research/umls/rxnorm",\r\n                            "code": "104491",\r\n                            "display": "Simvastatin 20 MG Oral Tablet [Zocor]",\r\n                            "userSelected": false\r\n                        }
12	https://sitenv.org                                                                                  	6677                                                                                                	12	1	1	1	{"text":"1 tablet (20mg) daily.","timingstart":"2015-04-05","timingend":"2016-04-05","timingfrequency":"2","timingperiod":"1","timingperiodunits":"D","routecode":"C38288","routedisplay":"ORAL","dosevalue":"90","doseunit":"tablets","dosecode":"tablets"}	COMPLETED                                                                                           	{\r\n                            "system": "http://www.nlm.nih.gov/research/umls/rxnorm",\r\n                            "code": "104378",\r\n                            "display": " Zestril 20 MG Oral Tablet",\r\n                            "userSelected": false\r\n                        }
13	https://sitenv.org                                                                                  	6677                                                                                                	12	1	1	1	{"text":"1 tablet (50mg) every morning.","timingstart":"2015-04-05","timingend":"2016-04-05","timingfrequency":"2","timingperiod":"1","timingperiodunits":"D","routecode":"C38288","routedisplay":"ORAL","dosevalue":"90","doseunit":"tablets","dosecode":"tablets"}	COMPLETED                                                                                           	{\r\n                            "system": "http://www.nlm.nih.gov/research/umls/rxnorm",\r\n                            "code": "197770",\r\n                            "display":  "Hydrochlorothiazide 50 MG Oral Tablet",\r\n                            "userSelected": false\r\n                        }
16	https://sitenv.org                                                                                  	6677                                                                                                	12	1	1	1	{"text":"1 tablet (50mg) every morning.","timingstart":"2015-04-05","timingend":"2016-04-05","timingfrequency":"2","timingperiod":"1","timingperiodunits":"D","routecode":"C38288","routedisplay":"ORAL","dosevalue":"90","doseunit":"tablets","dosecode":"tablets"}	COMPLETED                                                                                           	{\r\n                            "system": "http://www.nlm.nih.gov/research/umls/rxnorm",\r\n                            "code": "197770",\r\n                            "display":  "Hydrochlorothiazide 50 MG Oral Tablet",\r\n                            "userSelected": false\r\n                        }
17	https://sitenv.org                                                                                  	6677                                                                                                	13	1	1	1	{"text":"1 tablet daily","timingstart":"2015-04-05","timingend":"2016-04-05","timingfrequency":"2","timingperiod":"1","timingperiodunits":"D","routecode":"C38288","routedisplay":"ORAL","dosevalue":"90","doseunit":"tablets","dosecode":"tablets"}	COMPLETED                                                                                           	{\r\n                            "system": "http://www.nlm.nih.gov/research/umls/rxnorm",\r\n                            "code": "866516",\r\n                            "display": "Metoprolol Tartrate 50 MG Oral Tablet [Lopressor]",\r\n                            "userSelected": false\r\n                        }
19	https://sitenv.org                                                                                  	6677                                                                                                	13	1	1	1	{"text":"1 tablet every Tues, Thurs, Sat","timingstart":"2015-04-05","timingend":"2016-04-05","timingfrequency":"2","timingperiod":"1","timingperiodunits":"D","routecode":"C38288","routedisplay":"ORAL","dosevalue":"30","doseunit":"tablets","dosecode":"tablets"}	COMPLETED                                                                                           	{\r\n                            "system": "http://www.nlm.nih.gov/research/umls/rxnorm",\r\n                            "code": "855318",\r\n                            "display": "Warfarin Sodium 3 MG Oral Tablet",\r\n                            "userSelected": false\r\n                        }
20	https://sitenv.org                                                                                  	6677                                                                                                	13	1	1	1	{"text":"1 tablet daily","timingstart":"2015-04-05","timingend":"2016-04-05","timingfrequency":"2","timingperiod":"1","timingperiodunits":"D","routecode":"C38288","routedisplay":"ORAL","dosevalue":"90","doseunit":"tablets","dosecode":"tablets"}	COMPLETED                                                                                           	{\r\n                            "system": "http://www.nlm.nih.gov/research/umls/rxnorm",\r\n                            "code": "866516",\r\n                            "display": "Metoprolol Tartrate 50 MG Oral Tablet [Lopressor]",\r\n                            "userSelected": false\r\n                        }
22	https://sitenv.org                                                                                  	6677                                                                                                	13	1	1	1	{"text":"1 tablet every Tues, Thurs, Sat","timingstart":"2015-04-05","timingend":"2016-04-05","timingfrequency":"2","timingperiod":"1","timingperiodunits":"D","routecode":"C38288","routedisplay":"ORAL","dosevalue":"30","doseunit":"tablets","dosecode":"tablets"}	COMPLETED                                                                                           	{\r\n                            "system": "http://www.nlm.nih.gov/research/umls/rxnorm",\r\n                            "code": "855318",\r\n                            "display": "Warfarin Sodium 3 MG Oral Tablet",\r\n                            "userSelected": false\r\n                        }
23	https://sitenv.org                                                                                  	6677                                                                                                	14	1	1	1	{"text":"3 tablet (1500mg) three times a day after meals","timingstart":"2015-04-05","timingend":"2016-04-05","timingfrequency":"2","timingperiod":"1","timingperiodunits":"D","routecode":"C38288","routedisplay":"ORAL","dosevalue":"270","doseunit":"tablets","dosecode":"tablets"}	COMPLETED                                                                                           	{\r\n                            "system": "http://www.nlm.nih.gov/research/umls/rxnorm",\r\n                            "code": "724154",\r\n                            "display": "Sulfasalazine 500 MG Delayed Release Oral Tablet [Azulfidine] ",\r\n                            "userSelected": false\r\n                        }
25	https://sitenv.org                                                                                  	6677                                                                                                	14	1	1	1	{"text":"Take 7 and a half tablets (150mg) every morningfor 5 days.","timingstart":"2015-04-05","timingend":"2016-04-05","timingfrequency":"2","timingperiod":"1","timingperiodunits":"D","routecode":"C38288","routedisplay":"ORAL","dosevalue":"45","doseunit":"tablets","dosecode":"tablets"}	COMPLETED                                                                                           	{\r\n                            "system": "http://www.nlm.nih.gov/research/umls/rxnorm",\r\n                            "code": "312615",\r\n                            "display": "predniSONE 20 MG Oral Tablet ",\r\n                            "userSelected": false\r\n                        }
26	https://sitenv.org                                                                                  	6677                                                                                                	14	1	1	1	{"text":"3 tablet (1500mg) three times a day after meals","timingstart":"2015-04-05","timingend":"2016-04-05","timingfrequency":"2","timingperiod":"1","timingperiodunits":"D","routecode":"C38288","routedisplay":"ORAL","dosevalue":"270","doseunit":"tablets","dosecode":"tablets"}	COMPLETED                                                                                           	{\r\n                            "system": "http://www.nlm.nih.gov/research/umls/rxnorm",\r\n                            "code": "724154",\r\n                            "display": "Sulfasalazine 500 MG Delayed Release Oral Tablet [Azulfidine] ",\r\n                            "userSelected": false\r\n                        }
1	https://sitenv.org                                                                                  	6677                                                                                                	1	1	1	1	{"text":"10 mL bid","timingstart":"2008-04-05","timingend":"2009-04-05","timingfrequency":"2","timingperiod":"1","timingperiodunits":"D","routecode":"C38192","routedisplay":"AURICULAR","dosevalue":"10","doseunit":"mL","dosecode":"mL"}	COMPLETED                                                                                           	{\r\n                            "system": "http://www.nlm.nih.gov/research/umls/rxnorm",\r\n                            "code": "104491",\r\n                            "display": "Simvastatin 20 MG Oral Tablet [Zocor]",\r\n                            "userSelected": false\r\n                        }
2	https://sitenv.org                                                                                  	6677                                                                                                	11	1	1	1	{"text":"40mg by mouth once daily","timingstart":"2015-04-05","timingend":"2016-04-05","timingfrequency":"2","timingperiod":"1","timingperiodunits":"D","routecode":"C38288","routedisplay":"ORAL","dosevalue":"60","doseunit":"tablets","dosecode":"tablets"}	COMPLETED                                                                                           	{\r\n                            "system": "http://www.nlm.nih.gov/research/umls/rxnorm",\r\n                            "code": "104491",\r\n                            "display": "Simvastatin 20 MG Oral Tablet [Zocor]",\r\n                            "userSelected": false\r\n                        }
5	https://sitenv.org                                                                                  	6677                                                                                                	11	1	1	1	{"text":"400mg by mouth every 6 hours as needed for pain. Take with food only as I need. No more than 8 tablets per day.","timingstart":"2015-04-05","timingend":"2016-04-05","timingfrequency":"2","timingperiod":"1","timingperiodunits":"D","routecode":"C38288","routedisplay":"ORAL","dosevalue":"120","doseunit":"tablets","dosecode":"tablets"}	COMPLETED                                                                                           	{\r\n                            "system": "http://www.nlm.nih.gov/research/umls/rxnorm",\r\n                            "code": "201142",\r\n                            "display": "Ibuprofen 400 MG Oral Tablet [Motrin]",\r\n                            "userSelected": false\r\n                        }
8	https://sitenv.org                                                                                  	6677                                                                                                	11	1	1	1	{"text":"40mg by mouth once daily","timingstart":"2015-04-05","timingend":"2016-04-05","timingfrequency":"2","timingperiod":"1","timingperiodunits":"D","routecode":"C38288","routedisplay":"ORAL","dosevalue":"60","doseunit":"tablets","dosecode":"tablets"}	COMPLETED                                                                                           	{\r\n                            "system": "http://www.nlm.nih.gov/research/umls/rxnorm",\r\n                            "code": "104491",\r\n                            "display": "Simvastatin 20 MG Oral Tablet [Zocor]",\r\n                            "userSelected": false\r\n                        }
11	https://sitenv.org                                                                                  	6677                                                                                                	12	1	1	1	{"text":"1 tablet (400mg) every 6 hours for pain.","timingstart":"2015-04-05","timingend":"2016-04-05","timingfrequency":"2","timingperiod":"1","timingperiodunits":"D","routecode":"C38288","routedisplay":"ORAL","dosevalue":"100","doseunit":"tablets","dosecode":"tablets"}	COMPLETED                                                                                           	{\r\n                            "system": "http://www.nlm.nih.gov/research/umls/rxnorm",\r\n                            "code": "197805",\r\n                            "display": "Ibuprofen 400 MG Oral Tablet",\r\n                            "userSelected": false\r\n                        }
14	https://sitenv.org                                                                                  	6677                                                                                                	12	1	1	1	{"text":"1 tablet (400mg) every 6 hours for pain.","timingstart":"2015-04-05","timingend":"2016-04-05","timingfrequency":"2","timingperiod":"1","timingperiodunits":"D","routecode":"C38288","routedisplay":"ORAL","dosevalue":"100","doseunit":"tablets","dosecode":"tablets"}	COMPLETED                                                                                           	{\r\n                            "system": "http://www.nlm.nih.gov/research/umls/rxnorm",\r\n                            "code": "197805",\r\n                            "display": "Ibuprofen 400 MG Oral Tablet",\r\n                            "userSelected": false\r\n                        }
27	https://sitenv.org                                                                                  	6677                                                                                                	14	1	1	1	{"text":"4 tablets (200mg) daily.","timingstart":"2015-04-05","timingend":"2016-04-05","timingfrequency":"2","timingperiod":"1","timingperiodunits":"D","routecode":"C38288","routedisplay":"ORAL","dosevalue":"120","doseunit":"tablets","dosecode":"tablets"}	COMPLETED                                                                                           	{\r\n                            "system": "http://www.nlm.nih.gov/research/umls/rxnorm",\r\n                            "code": "105611",\r\n                            "display": "Azathioprine 50 MG Oral Tablet [Imuran]",\r\n                            "userSelected": false\r\n                        }
15	https://sitenv.org                                                                                  	6677                                                                                                	12	1	1	1	{"text":"1 tablet (20mg) daily.","timingstart":"2015-04-05","timingend":"2016-04-05","timingfrequency":"2","timingperiod":"1","timingperiodunits":"D","routecode":"C38288","routedisplay":"ORAL","dosevalue":"90","doseunit":"tablets","dosecode":"tablets"}	COMPLETED                                                                                           	{\r\n                            "system": "http://www.nlm.nih.gov/research/umls/rxnorm",\r\n                            "code": "104378",\r\n                            "display": " Zestril 20 MG Oral Tablet",\r\n                            "userSelected": false\r\n                        }
18	https://sitenv.org                                                                                  	6677                                                                                                	13	1	1	1	{"text":"1 tablet every Monday, Wed,Fri, Sun","timingstart":"2015-04-05","timingend":"2016-04-05","timingfrequency":"2","timingperiod":"1","timingperiodunits":"D","routecode":"C38288","routedisplay":"ORAL","dosevalue":"30","doseunit":"tablets","dosecode":"tablets"}	COMPLETED                                                                                           	{\r\n                            "system": "http://www.nlm.nih.gov/research/umls/rxnorm",\r\n                            "code": "855304",\r\n                            "display": "Warfarin Sodium 2 MG Oral Tablet [Coumadin]",\r\n                            "userSelected": false\r\n                        }
21	https://sitenv.org                                                                                  	6677                                                                                                	13	1	1	1	{"text":"2 tablet every Monday, Wed,Fri, Sun","timingstart":"2015-04-05","timingend":"2016-04-05","timingfrequency":"2","timingperiod":"1","timingperiodunits":"D","routecode":"C38288","routedisplay":"ORAL","dosevalue":"60","doseunit":"tablets","dosecode":"tablets"}	COMPLETED                                                                                           	{\r\n                            "system": "http://www.nlm.nih.gov/research/umls/rxnorm",\r\n                            "code": "855288",\r\n                            "display": "Warfarin Sodium 1 MG Oral Tablet",\r\n                            "userSelected": false\r\n                        }
24	https://sitenv.org                                                                                  	6677                                                                                                	14	1	1	1	{"text":"4 tablets (200mg) daily.","timingstart":"2015-04-05","timingend":"2016-04-05","timingfrequency":"2","timingperiod":"1","timingperiodunits":"D","routecode":"C38288","routedisplay":"ORAL","dosevalue":"120","doseunit":"tablets","dosecode":"tablets"}	COMPLETED                                                                                           	{\r\n                            "system": "http://www.nlm.nih.gov/research/umls/rxnorm",\r\n                            "code": "105611",\r\n                            "display": "Azathioprine 50 MG Oral Tablet [Imuran]",\r\n                            "userSelected": false\r\n                        }
\.


--
-- Data for Name: medication_order; Type: TABLE DATA; Schema: public; Owner: postgres
--

COPY medication_order (id, datewritten, patient, prescriber, medicationcodeableconcept, medicationreference, dosageinstruction, dispencerequest, status, identifier_system, identifier_value) FROM stdin;
2	2016-01-15	11	2	{"code":"104491","display":"Simvastatin 20 MG Oral Tablet [Zocor]","system": "http://www.nlm.nih.gov/research/umls/rxnorm"}	1	{"text":"40mg by mouth once daily","timingstart":"2016-05-01","timingend":"2017-04-30","timingfrequency":"1","timingperiod":"1","timingperiodunits":"D","routecode":"C38288","routedisplay":"ORAL","dosevalue":"40","doseunit":"mg","dosecode":"mg","dosesystem":"http://ncimeta.nci.nih.gov"}	{"validity":"","repeat":"11","quantityvalue":"60","quantityunit":"tablets","quantitycode":"tablets","quantitysystem":"http://unitsofmeasure.org"}	ACTIVE                                            	https://sitenv.org                                                                                  	7766                                                                                                
3	2015-07-01	11	3	{"code":"311036","display":"Humulin R (insulin regular, human) U100  100units/ml inj solution","system": "http://www.nlm.nih.gov/research/umls/rxnorm"}	1	{"text":" 10U every AM, 5U every PM, 5U at bedtime","timingstart":"2016-05-01","timingend":"2017-04-30","timingfrequency":"1","timingperiod":"1","timingperiodunits":"D","routecode":"34206005","routedisplay":"Subcutaneous route (qualifier value)","dosevalue":"5","doseunit":"U","dosecode":"U","dosesystem":"http://hl7.org/fhir/ValueSet/route-codes"}	{"validity":"","repeat":"11","quantityvalue":"40","quantityunit":"ml","quantitycode":"ml","quantitysystem":"http://unitsofmeasure.org"}	ACTIVE                                            	https://sitenv.org                                                                                  	7766                                                                                                
4	2015-06-12	11	2	{"code":"314231","display":"Simvastatin 10 MG Oral Tablet","system": "http://www.nlm.nih.gov/research/umls/rxnorm"}	1	{"text":"30mg (3 tablets) by mouth once daily","timingstart":"2016-05-01","timingend":"2017-04-30","timingfrequency":"1","timingperiod":"1","timingperiodunits":"D","routecode":"C38288","routedisplay":"ORAL","dosevalue":"30","doseunit":"mg","dosecode":"mg","dosesystem":"http://ncimeta.nci.nih.gov"}	{"validity":"","repeat":"6","quantityvalue":"90","quantityunit":"tablets","quantitycode":"tablets","quantitysystem":"http://unitsofmeasure.org"}	COMPLETED                                         	https://sitenv.org                                                                                  	7766                                                                                                
5	2016-06-01	11	4	{"code":"201142","display":"Ibuprofen 400 MG Oral Tablet [Motrin]","system": "http://www.nlm.nih.gov/research/umls/rxnorm"}	1	{"text":"400mg by mouth every 6 hours as needed for pain. Take with food only as I need. No more than 8 tablets per day.","timingstart":"2016-05-01","timingend":"2017-04-30","timingfrequency":"1","timingperiod":"1","timingperiodunits":"D","routecode":"C38288","routedisplay":"ORAL","dosevalue":"400","doseunit":"mg","dosecode":"mg","dosesystem":"http://ncimeta.nci.nih.gov"}	{"validity":"","repeat":"3","quantityvalue":"120","quantityunit":"tablets","quantitycode":"tablets","quantitysystem":"http://unitsofmeasure.org"}	ACTIVE                                            	https://sitenv.org                                                                                  	7766                                                                                                
7	2016-01-15	11	4	{"code":"314231","display":"Simvastatin 10 MG Oral Tablet","system": "http://www.nlm.nih.gov/research/umls/rxnorm"}	1	{"text":"40mg (4 tablets) by mouth once daily.","timingstart":"2016-05-01","timingend":"2017-04-30","timingfrequency":"1","timingperiod":"1","timingperiodunits":"D","routecode":"C38288","routedisplay":"ORAL","dosevalue":"40","doseunit":"mg","dosecode":"mg","dosesystem":"http://ncimeta.nci.nih.gov"}	{"validity":"","repeat":"6","quantityvalue":"120","quantityunit":"tablets","quantitycode":"tablets","quantitysystem":"http://unitsofmeasure.org"}	COMPLETED                                         	https://sitenv.org                                                                                  	7766                                                                                                
9	2016-06-01	12	5	{"code":"197805","display":"Ibuprofen 400 MG Oral Tablet","system": "http://www.nlm.nih.gov/research/umls/rxnorm"}	1	{"text":"1 tablet (400mg) every 6 hours for pain.","timingstart":"2016-05-01","timingend":"2017-04-30","timingfrequency":"6","timingperiod":"1","timingperiodunits":"D","routecode":"C38288","routedisplay":"ORAL","dosevalue":"400","doseunit":"mg","dosecode":"mg","dosesystem":"http://ncimeta.nci.nih.gov"}	{"validity":"","repeat":"3","quantityvalue":"100","quantityunit":"tablets","quantitycode":"tablets","quantitysystem":"http://unitsofmeasure.org"}	ACTIVE                                            	https://sitenv.org                                                                                  	7766                                                                                                
11	2014-05-05	12	5	{"code":"197770","display":"Hydrochlorothiazide 50 MG Oral Tablet","system": "http://www.nlm.nih.gov/research/umls/rxnorm"}	1	{"text":"1 tablet (50mg) every morning.","timingstart":"2016-05-01","timingend":"2017-04-30","timingfrequency":"1","timingperiod":"1","timingperiodunits":"D","routecode":"C38288","routedisplay":"ORAL","dosevalue":"50","doseunit":"mg","dosecode":"mg","dosesystem":"http://ncimeta.nci.nih.gov"}	{"validity":"","repeat":"3","quantityvalue":"90","quantityunit":"tablets","quantitycode":"tablets","quantitysystem":"http://unitsofmeasure.org"}	ACTIVE                                            	https://sitenv.org                                                                                  	7766                                                                                                
8	2015-11-01	11	4	{"code":"104491","display":"Simvastatin 20 MG Oral Tablet [Zocor]","system": "http://www.nlm.nih.gov/research/umls/rxnorm"}	1	{"text":"40mg by mouth once daily","timingstart":"2016-05-01","timingend":"2017-04-30","timingfrequency":"1","timingperiod":"1","timingperiodunits":"D","routecode":"C38288","routedisplay":"ORAL","dosevalue":"40","doseunit":"mg","dosecode":"mg","dosesystem":"http://ncimeta.nci.nih.gov"}	{"quantityunit":"tablets","quantityvalue":"60","validity":"","quantitycode":"tablets","repeat":"1","quantitysystem":"http://unitsofmeasure.org"}	COMPLETED                                         	https://sitenv.org                                                                                  	7766                                                                                                
12	2016-07-03	12	6	{"code":"153892","display":"montelukast 10 MG Oral Tablet [Singulair]","system": "http://www.nlm.nih.gov/research/umls/rxnorm"}	1	{"text":"Take 1 every night at bedtime.","timingstart":"2016-05-01","timingend":"2017-04-30","timingfrequency":"1","timingperiod":"1","timingperiodunits":"D","routecode":"C38288","routedisplay":"ORAL","dosevalue":"1","doseunit":"mg","dosecode":"mg","dosesystem":"http://ncimeta.nci.nih.gov"}	{"validity":"","repeat":"11","quantityvalue":"30","quantityunit":"tablets","quantitycode":"tablets","quantitysystem":"http://unitsofmeasure.org"}	ACTIVE                                            	https://sitenv.org                                                                                  	7766                                                                                                
14	2016-01-12	12	6	{"code":"746763","display":"200 ACTUAT Albuterol 0.09 MG/ACTUAT Metered Dose Inhaler [Proventil]","system": "http://www.nlm.nih.gov/research/umls/rxnorm"}	1	{"text":"two puffs every 4 hours as needed to relieve asthma symptoms.","timingstart":"2016-05-01","timingend":"2017-04-30","timingfrequency":"1","timingperiod":"1","timingperiodunits":"D","routecode":"419778001","routedisplay":"Intrapulmonary","dosevalue":"2","doseunit":"mg","dosecode":"mg","dosesystem":"http://ncimeta.nci.nih.gov"}	{"validity":"","repeat":"6","quantityvalue":"2","quantityunit":"inhalers","quantitycode":"inhalers","quantitysystem":"http://unitsofmeasure.org"}	ACTIVE                                            	https://sitenv.org                                                                                  	7766                                                                                                
15	2015-02-10	12	6	{"code":"12463-06","display":"120 ACTUAT Budesonide 0.16 MG/ACTUAT / formoterol fumarate 0.0045 MG/ACTUAT Metered Dose Inhaler [Symbicort]","system": "http://www.nlm.nih.gov/research/umls/rxnorm"}	1	{"text":" Inhaler Two inhalations every 12 hours ","timingstart":"2016-05-01","timingend":"2017-04-30","timingfrequency":"1","timingperiod":"1","timingperiodunits":"D","routecode":"419778001","routedisplay":"Intrapulmonary","dosevalue":"2","doseunit":"mg","dosecode":"mg","dosesystem":"http://ncimeta.nci.nih.gov"}	{"validity":"","repeat":"6","quantityvalue":"2","quantityunit":"inhalers","quantitycode":"inhalers","quantitysystem":"http://unitsofmeasure.org"}	ACTIVE                                            	https://sitenv.org                                                                                  	7766                                                                                                
16	2016-01-15	12	7	{"code":"308972","display":"Carbamazepine 200 MG Oral Tablet [Tegretol]","system": "http://www.nlm.nih.gov/research/umls/rxnorm"}	1	{"text":"3 tablet (600mg) by mouth every morning and 2 tablets (400mg) every evening","timingstart":"2016-05-01","timingend":"2017-04-30","timingfrequency":"1","timingperiod":"1","timingperiodunits":"D","routecode":"C38288","routedisplay":"ORAL","dosevalue":"600","doseunit":"mg","dosecode":"mg","dosesystem":"http://ncimeta.nci.nih.gov"}	{"validity":"","repeat":"11","quantityvalue":"150","quantityunit":"tablets","quantitycode":"tablets","quantitysystem":"http://unitsofmeasure.org"}	ACTIVE                                            	https://sitenv.org                                                                                  	7766                                                                                                
18	2016-01-12	12	7	{"code":"308972","display":"Carbamazepine 200 MG Oral Tablet [Tegretol]","system": "http://www.nlm.nih.gov/research/umls/rxnorm"}	1	{"text":"3 tablet (600mg) by mouth every morning and 3 tablets (600mg) every evening ","timingstart":"2016-05-01","timingend":"2017-04-30","timingfrequency":"1","timingperiod":"1","timingperiodunits":"D","routecode":"C38288","routedisplay":"ORAL","dosevalue":"600","doseunit":"mg","dosecode":"mg","dosesystem":"http://ncimeta.nci.nih.gov"}	{"validity":"","repeat":"3","quantityvalue":"180","quantityunit":"tablets","quantitycode":"tablets","quantitysystem":"http://unitsofmeasure.org"}	COMPLETED                                         	https://sitenv.org                                                                                  	7766                                                                                                
20	2016-11-02	13	8	{"code":"855304","display":"Warfarin Sodium 2 MG Oral Tablet [Coumadin]","system": "http://www.nlm.nih.gov/research/umls/rxnorm"}	1	{"text":"1 tablet every Monday, Wed,Fri, Sun","timingstart":"2016-05-01","timingend":"2017-04-30","timingfrequency":"1","timingperiod":"1","timingperiodunits":"D","routecode":"C38288","routedisplay":"ORAL","dosevalue":"1","doseunit":"mg","dosecode":"mg","dosesystem":"http://ncimeta.nci.nih.gov"}	{"quantityunit":"tablets","quantityvalue":"30","validity":"","quantitycode":"tablets","repeat":"1","quantitysystem":"http://unitsofmeasure.org"}	ACTIVE                                            	https://sitenv.org                                                                                  	7766                                                                                                
22	2016-05-15	13	9	{"code":"866516","display":"Metoprolol Tartrate 50 MG Oral Tablet [Lopressor]","system": "http://www.nlm.nih.gov/research/umls/rxnorm"}	1	{"text":"2 tablet (100mg) daily","timingstart":"2016-05-01","timingend":"2017-04-30","timingfrequency":"1","timingperiod":"1","timingperiodunits":"D","routecode":"C38288","routedisplay":"ORAL","dosevalue":"2","doseunit":"mg","dosecode":"mg","dosesystem":"http://ncimeta.nci.nih.gov"}	{"validity":"","repeat":"2","quantityvalue":"60","quantityunit":"tablets","quantitycode":"tablets","quantitysystem":"http://unitsofmeasure.org"}	ACTIVE                                            	https://sitenv.org                                                                                  	7766                                                                                                
26	2016-10-13	14	8	{"code":"724154","display":"Sulfasalazine 500 MG Delayed Release Oral Tablet [Azulfidine]","system": "http://www.nlm.nih.gov/research/umls/rxnorm"}	1	{"text":"3 tablet (1500mg) three times a day after meals","timingstart":"2016-05-01","timingend":"2017-04-30","timingfrequency":"1","timingperiod":"1","timingperiodunits":"D","routecode":"C38288","routedisplay":"ORAL","dosevalue":"150","doseunit":"mg","dosecode":"mg","dosesystem":"http://ncimeta.nci.nih.gov"}	{"validity":"","repeat":"11","quantityvalue":"270","quantityunit":"tablets","quantitycode":"tablets","quantitysystem":"http://unitsofmeasure.org"}	ACTIVE                                            	https://sitenv.org                                                                                  	7766                                                                                                
27	2016-10-13	14	8	{"code":"105611","display":"Azathioprine 50 MG Oral Tablet [Imuran]","system": "http://www.nlm.nih.gov/research/umls/rxnorm"}	1	{"text":"4 tablets (200mg) daily.","timingstart":"2016-05-01","timingend":"2017-04-30","timingfrequency":"1","timingperiod":"1","timingperiodunits":"D","routecode":"C38288","routedisplay":"ORAL","dosevalue":"200","doseunit":"mg","dosecode":"mg","dosesystem":"http://ncimeta.nci.nih.gov"}	{"validity":"","repeat":"11","quantityvalue":"120","quantityunit":"tablets","quantitycode":"tablets","quantitysystem":"http://unitsofmeasure.org"}	ACTIVE                                            	https://sitenv.org                                                                                  	7766                                                                                                
10	2014-05-05	12	5	{"code":"104378","display":"Zestril 20 MG Oral Tablet","system": "http://www.nlm.nih.gov/research/umls/rxnorm"}	1	{"text":"1 tablet (20mg) daily.","timingstart":"2016-05-01","timingend":"2017-04-30","timingfrequency":"1","timingperiod":"1","timingperiodunits":"D","routecode":"C38288","routedisplay":"ORAL","dosevalue":"20","doseunit":"mg","dosecode":"mg","dosesystem":"http://ncimeta.nci.nih.gov"}	{"validity":"","repeat":"4","quantityvalue":"90","quantityunit":"tablets","quantitycode":"tablets","quantitysystem":"http://unitsofmeasure.org"}	ACTIVE                                            	https://sitenv.org                                                                                  	7766                                                                                                
17	2016-04-05	12	7	{"code":"308972","display":"Carbamazepine 200 MG Oral Tablet [Tegretol]","system": "http://www.nlm.nih.gov/research/umls/rxnorm"}	1	{"text":"2 tablet (400mg) by mouth every morning and 2 tablets (400mg) every evening","timingstart":"2016-05-01","timingend":"2017-04-30","timingfrequency":"1","timingperiod":"1","timingperiodunits":"D","routecode":"C38288","routedisplay":"ORAL","dosevalue":"400","doseunit":"mg","dosecode":"mg","dosesystem":"http://ncimeta.nci.nih.gov"}	{"validity":"","repeat":"3","quantityvalue":"120","quantityunit":"tablets","quantitycode":"tablets","quantitysystem":"http://unitsofmeasure.org"}	COMPLETED                                         	https://sitenv.org                                                                                  	7766                                                                                                
19	2016-07-01	13	8	{"code":"866516","display":"Metoprolol Tartrate 50 MG Oral Tablet [Lopressor]","system": "http://www.nlm.nih.gov/research/umls/rxnorm"}	1	{"text":"1 tablet daily","timingstart":"2016-05-01","timingend":"2017-04-30","timingfrequency":"1","timingperiod":"1","timingperiodunits":"D","routecode":"C38288","routedisplay":"ORAL","dosevalue":"1","doseunit":"mg","dosecode":"mg","dosesystem":"http://ncimeta.nci.nih.gov"}	{"validity":"","repeat":"6","quantityvalue":"90","quantityunit":"tablets","quantitycode":"tablets","quantitysystem":"http://unitsofmeasure.org"}	ACTIVE                                            	https://sitenv.org                                                                                  	7766                                                                                                
24	2016-05-02	13	9	{"code":"855318","display":"Warfarin Sodium 3 MG Oral Tablet","system": "http://www.nlm.nih.gov/research/umls/rxnorm"}	1	{"text":"2 tablet every day.","timingstart":"2016-05-01","timingend":"2017-04-30","timingfrequency":"1","timingperiod":"1","timingperiodunits":"D","routecode":"C38288","routedisplay":"ORAL","dosevalue":"2","doseunit":"mg","dosecode":"mg","dosesystem":"http://ncimeta.nci.nih.gov"}	{"quantityunit":"tablets","quantityvalue":"30","validity":"","quantitycode":"tablets","repeat":"1","quantitysystem":"http://unitsofmeasure.org"}	COMPLETED                                         	https://sitenv.org                                                                                  	7766                                                                                                
25	2016-05-02	13	9	{"code":"855304","display":"Warfarin Sodium 2 MG Oral Tablet [Coumadin]","system": "http://www.nlm.nih.gov/research/umls/rxnorm"}	1	{"text":"3 tablet every day.","timingstart":"2016-05-01","timingend":"2017-04-30","timingfrequency":"1","timingperiod":"1","timingperiodunits":"D","routecode":"C38288","routedisplay":"ORAL","dosevalue":"3","doseunit":"mg","dosecode":"mg","dosesystem":"http://ncimeta.nci.nih.gov"}	{"quantityunit":"tablets","quantityvalue":"30","validity":"","quantitycode":"tablets","repeat":"1","quantitysystem":"http://unitsofmeasure.org"}	COMPLETED                                         	https://sitenv.org                                                                                  	7766                                                                                                
28	2016-10-07	14	8	{"code":"198148","display":"Prednisone 50 MG Oral Tablet","system": "http://www.nlm.nih.gov/research/umls/rxnorm"}	1	{"text":"Take 3 (150mg) tablets every morningfor 5 days.","timingstart":"2016-05-01","timingend":"2017-04-30","timingfrequency":"1","timingperiod":"1","timingperiodunits":"D","routecode":"C38288","routedisplay":"ORAL","dosevalue":"150","doseunit":"mg","dosecode":"mg","dosesystem":"http://ncimeta.nci.nih.gov"}	{"validity":"","repeat":"6","quantityvalue":"90","quantityunit":"tablets","quantitycode":"tablets","quantitysystem":"http://unitsofmeasure.org"}	COMPLETED                                         	https://sitenv.org                                                                                  	7766                                                                                                
1	2014-12-01	1	1	{"code":"34246","display":"Polymyxin B / Trimethoprim Ophthalmic Solution","system": "http://www.nlm.nih.gov/research/umls/rxnorm"}	1	{"text":"10 mL bid","timingstart":"2008-04-05","timingend":"2009-04-05","timingfrequency":"2","timingperiod":"1","timingperiodunits":"D","routecode":"C38192","routedisplay":"AURICULAR","dosevalue":"10","doseunit":"mL","dosecode":"mL","dosesystem":"http://unitsofmeasure.org"}	{"validity":"2 years","repeat":"1","quantityvalue":"10","quantityunit":"mL","quantitycode":"mL","quantitysystem":"http://unitsofmeasure.org"}	ACTIVE                                            	https://sitenv.org                                                                                  	7766                                                                                                
6	2016-04-30	11	4	{"code":"198145","display":"Prednisone 10 MG Oral Tablet","system": "http://www.nlm.nih.gov/research/umls/rxnorm"}	1	{"text":"Take 30mg  by mouth every morning.","timingstart":"2016-05-01","timingend":"2017-04-30","timingfrequency":"1","timingperiod":"1","timingperiodunits":"D","routecode":"C38288","routedisplay":"ORAL","dosevalue":"30","doseunit":"mg","dosecode":"mg","dosesystem":"http://ncimeta.nci.nih.gov"}	{"quantityunit":"tablets","quantityvalue":"30","validity":"","quantitycode":"tablets","repeat":"1","quantitysystem":"http://unitsofmeasure.org"}	ACTIVE                                            	https://sitenv.org                                                                                  	7766                                                                                                
13	2016-04-05	12	6	{"code":"198145","display":"Prednisone 10 MG Oral Tablet","system": "http://www.nlm.nih.gov/research/umls/rxnorm"}	1	{"text":"Take 30mg  by mouth every morning.","timingstart":"2016-05-01","timingend":"2017-04-30","timingfrequency":"1","timingperiod":"1","timingperiodunits":"D","routecode":"C38288","routedisplay":"ORAL","dosevalue":"30","doseunit":"mg","dosecode":"mg","dosesystem":"http://ncimeta.nci.nih.gov"}	{"quantityunit":"tablets","quantityvalue":"10","validity":"","quantitycode":"tablets","repeat":"1","quantitysystem":"http://unitsofmeasure.org"}	ACTIVE                                            	https://sitenv.org                                                                                  	7766                                                                                                
21	2016-11-02	13	8	{"code":"855318","display":"Warfarin Sodium 3 MG Oral Tablet","system": "http://www.nlm.nih.gov/research/umls/rxnorm"}	1	{"text":" 1 tablet every Tues, Thurs, Sat ","timingstart":"2016-05-01","timingend":"2017-04-30","timingfrequency":"1","timingperiod":"1","timingperiodunits":"D","routecode":"C38288","routedisplay":"ORAL","dosevalue":"1","doseunit":"mg","dosecode":"mg","dosesystem":"http://ncimeta.nci.nih.gov"}	{"quantityunit":"tablets","quantityvalue":"30","validity":"","quantitycode":"tablets","repeat":"1","quantitysystem":"http://unitsofmeasure.org"}	ACTIVE                                            	https://sitenv.org                                                                                  	7766                                                                                                
23	2016-03-25	13	9	{"code":"855304","display":"Warfarin Sodium 2 MG Oral Tablet [Coumadin]","system": "http://www.nlm.nih.gov/research/umls/rxnorm"}	1	{"text":"1 tablet every day.","timingstart":"2016-05-01","timingend":"2017-04-30","timingfrequency":"1","timingperiod":"1","timingperiodunits":"D","routecode":"C38288","routedisplay":"ORAL","dosevalue":"1","doseunit":"mg","dosecode":"mg","dosesystem":"http://ncimeta.nci.nih.gov"}	{"quantityunit":"tablets","quantityvalue":"30","validity":"","quantitycode":"tablets","repeat":"1","quantitysystem":"http://unitsofmeasure.org"}	COMPLETED                                         	https://sitenv.org                                                                                  	7766                                                                                                
29	2016-10-11	14	8	{"code":"198145","display":"predniSONE 10 MG Oral Tablet","system": "http://www.nlm.nih.gov/research/umls/rxnorm"}	1	{"text":"Take 10 tablets every morning and  8 tablets every evening for starting 10/12 for 1 day. Then 8 tablets AM and 8 tablets pm for 1 day; then 7 tablets AM and 7 tablets pm for 1 day; then 6 tablets AM and 6 tablets pm for 1 day then 10 tablets AM for 1 day then 8 tablets AM for 1 day then 6 tablets a day for 1 day then 5 tablets a day for 1 day ; then 4 tablets a day for 1 day ; then 3 tablets a day for 1 day ; then 2 tablets a day for 1 day then  1 tablet a day for 1 day then 1/2 tablet a day for 2 days  then stop.","timingstart":"2016-05-01","timingend":"2017-04-30","timingfrequency":"1","timingperiod":"1","timingperiodunits":"D","routecode":"C38288","routedisplay":"ORAL","dosevalue":"10","doseunit":"mg","dosecode":"mg","dosesystem":"http://ncimeta.nci.nih.gov"}	{"quantityunit":"tablets","quantityvalue":"100","validity":"","quantitycode":"tablets","repeat":"1","quantitysystem":"http://unitsofmeasure.org"}	ACTIVE                                            	https://sitenv.org                                                                                  	7766                                                                                                
\.


--
-- Data for Name: medication_statement; Type: TABLE DATA; Schema: public; Owner: postgres
--

COPY medication_statement (id, patient, wasnottaken, reasonnottaken, effectiveperiod, medicationcodeableconcept, medicationreference, dosage, identifier_system, identifier_value, status) FROM stdin;
3	3	f	\N	2014-04-04	{"code":"34246","display":"Polymyxin B / Trimethoprim Ophthalmic Solution", "system": "http://www.nlm.nih.gov/research/umls/rxnorm"}	1	{"timingstart":"2008-04-05","timingfrequency":"2","timingperiod":"1","timingperiodunits":"D","routecode":"C38192","routedisplay":"AURICULAR","quantityvalue":"1","quantityunit":"mL","quantitycode":"mL","dosagetext":"2 capsules daily by mouth"}	https://sitenv.org                                                                                  	7702                                                                                                	ACTIVE                                            
4	4	f	\N	2012-12-13	{"code":"27658006","display":"Amoxicillin (product)", "system": "http://www.nlm.nih.gov/research/umls/rxnorm"}	1	{"timingstart":"2008-04-05","timingfrequency":"2","timingperiod":"1","timingperiodunits":"D","routecode":"C38192","routedisplay":"AURICULAR","quantityvalue":"1","quantityunit":"mL","quantitycode":"mL","dosagetext":" 10U every AM, 10U every PM, 5U at bedtime"}	https://sitenv.org                                                                                  	7703                                                                                                	ACTIVE                                            
5	5	f	\N	2010-05-25	{"code":"27658006","display":"Amoxicillin (product)", "system": "http://www.nlm.nih.gov/research/umls/rxnorm"}	1	{"timingstart":"2008-04-05","timingfrequency":"2","timingperiod":"1","timingperiodunits":"D","routecode":"C38192","routedisplay":"AURICULAR","quantityvalue":"1","quantityunit":"mL","quantitycode":"mL","dosagetext":"30 mg once daily"}	https://sitenv.org                                                                                  	7704                                                                                                	ACTIVE                                            
6	6	f	\N	2008-08-09	{"code":"27658006","display":"Amoxicillin (product)", "system": "http://www.nlm.nih.gov/research/umls/rxnorm"}	1	{"timingstart":"2008-04-05","timingfrequency":"2","timingperiod":"1","timingperiodunits":"D","routecode":"C38192","routedisplay":"AURICULAR","quantityvalue":"1","quantityunit":"mL","quantitycode":"mL","dosagetext":"2 capsules daily by mouth"}	https://sitenv.org                                                                                  	7705                                                                                                	ACTIVE                                            
8	8	f	\N	2013-07-07	{"code":"34246","display":"Polymyxin B / Trimethoprim Ophthalmic Solution", "system": "http://www.nlm.nih.gov/research/umls/rxnorm"}	1	{"timingstart":"2008-04-05","timingfrequency":"2","timingperiod":"1","timingperiodunits":"D","routecode":"C38192","routedisplay":"AURICULAR","quantityvalue":"1","quantityunit":"mL","quantitycode":"mL","dosagetext":"400mg every 6 hours for pain."}	https://sitenv.org                                                                                  	7707                                                                                                	ACTIVE                                            
10	11	f	\N	2016-09-12	{"code":"835829","display":"testosterone cypionate 100 MG/ML Injectable Solution", "system": "http://www.nlm.nih.gov/research/umls/rxnorm"}	1	{"timingstart":"2016-09-12","timingfrequency":"3","timingperiod":"1","timingperiodunits":"D","routecode":"C38288","routedisplay":"ORAL","quantityvalue":"1","quantityunit":"mL","quantitycode":"mL","dosagetext":"1ml intramuscularly every 3 weeks.  Notes:  Get at doctor's office every third Friday. Taking for my energy level and drive."}	https://sitenv.org                                                                                  	7707                                                                                                	ACTIVE                                            
11	11	f	\N	2015-05-02	{"code":"284046","display":"ST. JOHN'S WORT EXTRACT 1000 MG Oral Capsule", "system": "http://www.nlm.nih.gov/research/umls/rxnorm"}	1	{"timingstart":"2015-05-02","timingfrequency":"3","timingperiod":"1","timingperiodunits":"D","routecode":"C38288","routedisplay":"ORAL","quantityvalue":"2","quantityunit":"mg","quantitycode":"mg","dosagetext":"2 capsules daily by mouth"}	https://sitenv.org                                                                                  	7707                                                                                                	ACTIVE                                            
13	11	f	\N	2016-01-20	{"code":"1187973","display":"Zocor Oral Product", "system": "http://www.nlm.nih.gov/research/umls/rxnorm"}	1	{"timingstart":"2016-01-20","timingfrequency":"3","timingperiod":"1","timingperiodunits":"D","routecode":"C38288","routedisplay":"ORAL","quantityvalue":"30","quantityunit":"mg","quantitycode":"mg","dosagetext":"30 mg once daily"}	https://sitenv.org                                                                                  	7707                                                                                                	ACTIVE                                            
12	11	f	\N	2015-08-01	{"code":"311036","display":"Humulin R (insulin regular, human) U100  100units/ml inj solution", "system": "http://www.nlm.nih.gov/research/umls/rxnorm"}	1	{"timingstart":"2015-08-01","timingfrequency":"3","timingperiod":"1","timingperiodunits":"D","routecode":"C38288","routedisplay":"ORAL","quantityvalue":"10","quantityunit":"U","quantitycode":"U","dosagetext":" 10U every AM, 10U every PM, 5U at bedtime"}	https://sitenv.org                                                                                  	7707                                                                                                	ACTIVE                                            
2	2	f	\N	2015-02-01	{"code":"34246","display":"Polymyxin B / Trimethoprim Ophthalmic Solution", "system": "http://www.nlm.nih.gov/research/umls/rxnorm"}	1	{"timingstart":"2008-04-05","timingfrequency":"2","timingperiod":"1","timingperiodunits":"D","routecode":"C38192","routedisplay":"AURICULAR","quantityvalue":"1","quantityunit":"mL","quantitycode":"mL","dosagetext":"1ml intramuscularly every 3 weeks.  Notes:  Get at doctor's office every third Friday. Taking for my energy level and drive."}	https://sitenv.org                                                                                  	7701                                                                                                	ACTIVE                                            
17	12	f	\N	2014-05-11	{"code":"104378","display":"Zestril 20 MG Oral Tablet", "system": "http://www.nlm.nih.gov/research/umls/rxnorm"}	1	{"timingstart":"2014-05-11","timingfrequency":"3","timingperiod":"1","timingperiodunits":"D","routecode":"C38288","routedisplay":"ORAL","quantityvalue":"1","quantityunit":"mg","quantitycode":"mg","dosagetext":" 1 tablet  daily. "}	https://sitenv.org                                                                                  	7707                                                                                                	ACTIVE                                            
18	12	f	\N	2014-05-11	{"code":"197770","display":"Hydrochlorothiazide 50 MG Oral Tablet", "system": "http://www.nlm.nih.gov/research/umls/rxnorm"}	1	{"timingstart":"2014-05-11","timingfrequency":"3","timingperiod":"1","timingperiodunits":"D","routecode":"C38288","routedisplay":"ORAL","quantityvalue":"1","quantityunit":"mg","quantitycode":"mg","dosagetext":"1 tablet  daily. "}	https://sitenv.org                                                                                  	7707                                                                                                	ACTIVE                                            
19	12	f	\N	2015-05-17	{"code":"1157047","display":"ST. JOHN'S WORT EXTRACT Oral Product", "system": "http://www.nlm.nih.gov/research/umls/rxnorm"}	1	{"timingstart":"2015-05-17","timingfrequency":"3","timingperiod":"1","timingperiodunits":"D","routecode":"C38288","routedisplay":"ORAL","quantityvalue":"2","quantityunit":"mg","quantitycode":"mg","dosagetext":"2 capsules daily by mouth"}	https://sitenv.org                                                                                  	7707                                                                                                	ACTIVE                                            
20	12	f	\N	2016-07-27	{"code":"1156277","display":"Ibuprofen Oral Product", "system": "http://www.nlm.nih.gov/research/umls/rxnorm"}	1	{"timingstart":"2016-07-27","timingfrequency":"3","timingperiod":"1","timingperiodunits":"D","routecode":"C38288","routedisplay":"ORAL","quantityvalue":"600","quantityunit":"mg","quantitycode":"mg","dosagetext":"600mg every 6 hours for pain."}	https://sitenv.org                                                                                  	7707                                                                                                	ACTIVE                                            
21	12	f	\N	2014-05-30	{"code":"104378","display":"Zestril 20 MG Oral Tablet", "system": "http://www.nlm.nih.gov/research/umls/rxnorm"}	1	{"timingstart":"2014-05-30","timingfrequency":"3","timingperiod":"1","timingperiodunits":"D","routecode":"C38288","routedisplay":"ORAL","quantityvalue":"1","quantityunit":"mg","quantitycode":"mg","dosagetext":"1 tablet  daily. "}	https://sitenv.org                                                                                  	7707                                                                                                	ACTIVE                                            
22	12	f	\N	2014-05-30	{"code":"197770","display":"Hydrochlorothiazide 50 MG Oral Tablet", "system": "http://www.nlm.nih.gov/research/umls/rxnorm"}	1	{"timingstart":"2014-05-30","timingfrequency":"3","timingperiod":"1","timingperiodunits":"D","routecode":"C38288","routedisplay":"ORAL","quantityvalue":"1","quantityunit":"mg","quantitycode":"mg","dosagetext":"1 tablet  daily. "}	https://sitenv.org                                                                                  	7707                                                                                                	ACTIVE                                            
23	12	f	\N	2015-06-17	{"code":"1157047","display":"ST. JOHN'S WORT EXTRACT Oral Product", "system": "http://www.nlm.nih.gov/research/umls/rxnorm"}	1	{"timingstart":"2015-06-17","timingfrequency":"3","timingperiod":"1","timingperiodunits":"D","routecode":"C38288","routedisplay":"ORAL","quantityvalue":"3","quantityunit":"mg","quantitycode":"mg","dosagetext":"3 capsules daily by mouth"}	https://sitenv.org                                                                                  	7707                                                                                                	ACTIVE                                            
25	13	f	\N	2016-07-01	{"code":"997501","display":"Fexofenadine hydrochloride 60 MG Oral Tablet", "system": "http://www.nlm.nih.gov/research/umls/rxnorm"}	1	{"timingstart":"2016-07-01","timingfrequency":"3","timingperiod":"1","timingperiodunits":"D","routecode":"C38288","routedisplay":"ORAL","quantityvalue":"1","quantityunit":"mg","quantitycode":"mg","dosagetext":" 1 tablet daily as needed for pollen allergy"}	https://sitenv.org                                                                                  	7707                                                                                                	ACTIVE                                            
1	1	f	Medicine Expired                                                                                    	2014-12-20	{"code":"34246","display":"Polymyxin B / Trimethoprim Ophthalmic Solution", "system": "http://www.nlm.nih.gov/research/umls/rxnorm"}	1	{"timingstart":"2008-04-05","timingfrequency":"2","timingperiod":"1","timingperiodunits":"D","routecode":"C38192","routedisplay":"AURICULAR","quantityvalue":"1","quantityunit":"mL","quantitycode":"mL","dosagetext":"1ml intramuscularly every 3 weeks"}	https://sitenv.org                                                                                  	7766                                                                                                	ACTIVE                                            
16	12	f	\N	2016-06-27	{"code":"1156277","display":"Ibuprofen Oral Product", "system": "http://www.nlm.nih.gov/research/umls/rxnorm"}	1	{"timingstart":"2016-06-27","timingfrequency":"3","timingperiod":"1","timingperiodunits":"D","routecode":"C38288","routedisplay":"ORAL","quantityvalue":"400","quantityunit":"mg","quantitycode":"mg","dosagetext":" 400mg every 6 hours for pain."}	https://sitenv.org                                                                                  	7707                                                                                                	ACTIVE                                            
7	7	f	\N	2005-05-17	{"code":"27658006","display":"Amoxicillin (product)", "system": "http://www.nlm.nih.gov/research/umls/rxnorm"}	1	{"timingstart":"2008-04-05","timingfrequency":"2","timingperiod":"1","timingperiodunits":"D","routecode":"C38192","routedisplay":"AURICULAR","quantityvalue":"1","quantityunit":"mL","quantitycode":"mL","dosagetext":"400mg by mouth every 6 hours as needed for pain. Take with food only as I need it for my knee pain. No more than 8 tablets per day."}	https://sitenv.org                                                                                  	7706                                                                                                	ACTIVE                                            
9	11	f	\N	2016-09-01	{"code":"835829","display":"testosterone cypionate 100 MG/ML Injectable Solution", "system": "http://www.nlm.nih.gov/research/umls/rxnorm"}	1	{"timingstart":"2016-09-01","timingfrequency":"2","timingperiod":"1","timingperiodunits":"D","routecode":"C38288","routedisplay":"ORAL","quantityvalue":"1","quantityunit":"mL","quantitycode":"mL","dosagetext":"1ml intramuscularly every 3 weeks"}	https://sitenv.org                                                                                  	7707                                                                                                	ACTIVE                                            
14	12	f	\N	2015-05-02	{"code":"284046","display":"ST. JOHN'S WORT EXTRACT 1000 MG Oral Capsule", "system": "http://www.nlm.nih.gov/research/umls/rxnorm"}	1	{"timingstart":"2015-05-02","timingfrequency":"3","timingperiod":"1","timingperiodunits":"D","routecode":"C38288","routedisplay":"ORAL","quantityvalue":"2","quantityunit":"mg","quantitycode":"mg","dosagetext":"2 capsules daily by mouth"}	https://sitenv.org                                                                                  	7707                                                                                                	ACTIVE                                            
15	12	f	\N	2016-06-15	{"code":"201142","display":"Ibuprofen 400 MG Oral Tablet [Motrin]", "system": "http://www.nlm.nih.gov/research/umls/rxnorm"}	1	{"timingstart":"2016-06-15","timingfrequency":"3","timingperiod":"1","timingperiodunits":"D","routecode":"C38288","routedisplay":"ORAL","quantityvalue":"400","quantityunit":"mg","quantitycode":"mg","dosagetext":"400mg by mouth every 6 hours as needed for pain. Take with food only as I need it for my knee pain. No more than 8 tablets per day."}	https://sitenv.org                                                                                  	7707                                                                                                	ACTIVE                                            
24	13	f	\N	2016-07-01	{"code":"997501","display":"Fexofenadine hydrochloride 60 MG Oral Tablet", "system": "http://www.nlm.nih.gov/research/umls/rxnorm"}	1	{"timingstart":"2016-07-01","timingfrequency":"3","timingperiod":"1","timingperiodunits":"D","routecode":"C38288","routedisplay":"ORAL","quantityvalue":"1","quantityunit":"mg","quantitycode":"mg","dosagetext":" 1 tablet daily as needed for pollen allergy"}	https://sitenv.org                                                                                  	7707                                                                                                	ACTIVE                                            
\.


--
-- Data for Name: observation; Type: TABLE DATA; Schema: public; Owner: postgres
--

COPY observation (id, code, code_system, code_display, code_text, cat_code, cat_system, cat_display, cat_text, val_code, val_system, val_display, val_text, status, patient, last_updated_ts, val_quan_value, val_quan_sys, val_quan_unit, effective_date, val_quan_code, bp_code, issued_date, identifier_system, identifier_value) FROM stdin;
10	\N	\N	\N	\N	\N	\N	\N	\N	8480-6	http://loinc.org	Systolic blood pressure	Systolic blood pressure	\N	\N	2016-03-24 14:08:28.084	109	http://unitsofmeasure.org	mmHg	\N	mmHg	55284-4	\N	\N	\N
11	\N	\N	\N	\N	\N	\N	\N	\N	8462-4	http://loinc.org	Diastolic blood pressure	Diastolic blood pressure	\N	\N	2016-03-24 14:08:28.084	44	http://unitsofmeasure.org	mmHg	\N	mmHg	55284-4	\N	\N	\N
1	72166-2	http://loinc.org	Tobacco smoking status	Tobacco smoking status	social-history	http://hl7.org/fhir/observation-category	Social History	SOCIAL_HISTORY	428041000124106	http://snomed.info/sct	Current some day smoker	Current some day smoker	FINAL	1	2016-02-19 09:57:20.15	\N	\N	\N	2005-07-04 00:00:00	\N	\N	\N	https://sitenv.org	6677
2	2951-2	http://loinc.org	Sodium	Sodium	laboratory	http://hl7.org/fhir/observation-category	Laboratory	Laboratory	\N	\N	\N	\N	FINAL	1	2016-03-24 10:37:12.734	138	http://unitsofmeasure.org	mmol/L	2005-07-04 00:00:00	\N	\N	\N	https://sitenv.org	7799
3	8310-5	http://loinc.org	Body Temperature	Body Temperature	vital-signs	http://hl7.org/fhir/observation-category	Vital Signs	Vital Signs	8310-5	http://loinc.org	Body Temperature	Body Temperature	FINAL	1	2016-03-24 14:08:28.084	38	http://unitsofmeasure.org	Cel	2005-07-05 00:00:00	Cel	\N	\N	https://sitenv.org	7788
4	8867-4	http://loinc.org	Heart rate	Heart rate	vital-signs	http://hl7.org/fhir/observation-category	VItal Signs	Vital Signs	8867-4	http://loinc.org	Heart rate	Heart rate	FINAL	1	2016-03-24 14:08:28.084	70	http://unitsofmeasure.org	/min	2005-07-05 00:00:00	/min	\N	\N	https://sitenv.org	7755
7	2339-0	http://loinc.org	Glucose [Mass/volume] in Blood	Glucose [Mass/volume] in Blood	laboratory	http://hl7.org/fhir/observation-category	Laboratory	Laboratory	\N	\N	\N	\N	FINAL	1	2016-03-24 14:08:28.084	76	http://unitsofmeasure.org	mg/dL	2005-07-05 00:00:00	mg/dL	\N	\N	https://sitenv.org	6655
8	25428-4	http://loinc.org	Glucose [Presence] in Urine by Test strip	Glucose	laboratory	http://hl7.org/fhir/observation-category	Laboratory	Laboratory	\N	\N	\N	\N	FINAL	1	2016-03-24 14:08:28.084	109	http://unitsofmeasure.org	mg/dL	2005-07-05 00:00:00	mg/dL	\N	\N	https://sitenv.org	4565
9	2514-8	http://loinc.org	Ketones [Presence] in Urine by Test strip	Ketones	laboratory	http://hl7.org/fhir/observation-category	Laboratory	Laboratory	\N	\N	\N	\N	FINAL	1	2016-03-24 14:08:28.084	40	http://unitsofmeasure.org	mg/dL	2005-07-05 00:00:00	mg/dL	\N	\N	https://sitenv.org	6969
5	9279-1	http://loinc.org	Respiratory rate	Respiratory rate	vital-signs	http://hl7.org/fhir/observation-category	VItal Signs	Vital Signs	9279-1	http://loinc.org	Respiratory rate	Respiratory rate	FINAL	1	2016-03-24 14:08:28.084	60	http://unitsofmeasure.org	/min	2005-07-06 00:00:00	/min	\N	\N	https://sitenv.org	5566
6	55284-4	http://loinc.org	Blood pressure systolic and diastolic	Blood pressure systolic and diastolic	vital-signs	http://hl7.org/fhir/observation-category	VItal Signs	Vital Signs	55284-4	http://loinc.org	Blood pressure systolic and diastolic	Blood pressure systolic and diastolic	FINAL	1	2016-03-24 14:08:28.084	120	http://unitsofmeasure.org	/min	2005-07-07 00:00:00	/min	\N	\N	https://sitenv.org	7766
14	11555-0	http://loinc.org	Base excess Bld-sCnc	Base excess Bld-sCnc	laboratory	http://hl7.org/fhir/observation-category	Laboratory	Laboratory	\N	\N	\N	\N	FINAL	4	2016-08-30 10:47:02.423	6	http://unitsofmeasure.org	mmol/L	2005-07-04 00:00:00	mmol/L	\N	\N	https://sitenv.org	7703
12	72166-2	http://loinc.org	Tobacco smoking status	Tobacco smoking status	social-history	http://hl7.org/fhir/observation-category	Social History	SOCIAL_HISTORY	8517006	http://snomed.info/sct	Former smoker	Former smoker	FINAL	2	2016-08-30 10:43:04.811	\N	\N	\N	2005-07-05 00:00:00	\N	\N	\N	https://sitenv.org	7701
13	72166-2	http://loinc.org	Tobacco smoking status	Tobacco smoking status	social-history	http://hl7.org/fhir/observation-category	Social History	SOCIAL_HISTORY	266927001	http://snomed.info/sct	Unknown if ever smoked	Unknown if ever smoked	FINAL	3	2016-08-30 10:45:05.776	\N	\N	\N	2006-08-08 00:00:00	\N	\N	\N	https://sitenv.org	7702
15	20565-8	http://loinc.org	CO2 Bld-sCnc	CO2 Bld-sCnc	laboratory	http://hl7.org/fhir/observation-category	Laboratory	Laboratory	\N	\N	\N	\N	FINAL	5	2016-08-30 10:51:53.144	24	http://unitsofmeasure.org	mmol/L	2005-07-02 00:00:00	mmol/L	\N	\N	https://sitenv.org	7704
16	2713-6	http://loinc.org	SaO2% from pO2 Bld	SaO2% from pO2 Bld	laboratory	http://hl7.org/fhir/observation-category	Laboratory	Laboratory	\N	\N	\N	\N	FINAL	6	2016-08-30 11:01:34.491	92	http://unitsofmeasure.org	%	2006-07-02 00:00:00	%	\N	\N	https://sitenv.org	7705
17	2339-0	http://loinc.org	Glucose Bld-mCnc	Glucose Bld-mCnc	laboratory	http://hl7.org/fhir/observation-category	Laboratory	Laboratory	\N	\N	\N	\N	FINAL	7	2016-08-30 11:03:03.307	71	http://unitsofmeasure.org	mg/dL	2006-07-14 00:00:00	mg/dL	\N	\N	https://sitenv.org	7706
18	1959-6	http://loinc.org	HCO3 Bld-sCnc	HCO3 Bld-sCnc	laboratory	http://hl7.org/fhir/observation-category	Laboratory	Laboratory	\N	\N	\N	\N	FINAL	8	2016-08-30 11:05:40.097	23.1000000000000014	http://unitsofmeasure.org	mmol/L	2006-07-22 00:00:00	mmol/L	\N	\N	https://sitenv.org	7707
\.


--
-- Name: observation_id_seq; Type: SEQUENCE SET; Schema: public; Owner: postgres
--

SELECT pg_catalog.setval('observation_id_seq', 5, true);


--
-- Data for Name: organization; Type: TABLE DATA; Schema: public; Owner: postgres
--

COPY organization (id, identifier, active, telecom, type, address, name) FROM stdin;
1	{"type":"SS","system":"https://sitenv.org","value":"211-778-2345"}	t	{"use":"HOME","system": "PHONE", "value": "301-889-8767" }	\N	{\r\n    "line": "425 West Side dr",\r\n    "city": "Gaithersburg",\r\n    "state": "MD",\r\n    "postalCode": "20878",\r\n    "country": "USA"\r\n}	ONC Argonaut
\.


--
-- Data for Name: patient; Type: TABLE DATA; Schema: public; Owner: postgres
--

COPY patient (id, identifier_system, identifier_value, name) FROM stdin;
1	SITE	211-778-2345	Jon Doe
2	SITE	1032702	Jacob Taylor
3	SITE	1081332	Ava Addison
4	SITE	109866	Anna Sophia
5	SITE	1134281	Mathe Hayden
6	SITE	1137192	Mia George
7	SITE	1157764	Smith Williams
8	SITE	1186747	Philip Hughes
9	SITE	1213208	Evelyn Grace
10	SITE	1272431	Stephen Hopkins
11	SITE	211-778-2345	Brian Z
12	SITE	211-778-2345	Mary A
13	SITE	211-778-2345	Jose C
14	SITE	211-778-2345	George W
\.


--
-- Data for Name: patient_contact; Type: TABLE DATA; Schema: public; Owner: postgres
--

COPY patient_contact (id, patient_id, relationship, contact_name, phone, address_use, address_line_1, address_line_2, address_city, address_state, address_zip, address_country) FROM stdin;
1	1	family	JOHN	301-911-9111	HOME	20104 Gunners Terr	Apt # 200	Germantown	MD	20876	US
\.


--
-- Name: patient_contact_id_seq; Type: SEQUENCE SET; Schema: public; Owner: postgres
--

SELECT pg_catalog.setval('patient_contact_id_seq', 5, true);


--
-- Name: patient_id_seq; Type: SEQUENCE SET; Schema: public; Owner: postgres
--

SELECT pg_catalog.setval('patient_id_seq', 2, true);


--
-- Name: patient_id_seq1; Type: SEQUENCE SET; Schema: public; Owner: postgres
--

SELECT pg_catalog.setval('patient_id_seq1', 15, false);


--
-- Data for Name: patient_json; Type: TABLE DATA; Schema: public; Owner: postgres
--

COPY patient_json (id, identifier, full_name, telecom, gender, birth_date, marital_status, communication_language, active, race, ethnicity, religion, mothers_maiden_name, address_line1, address_line2, address_city, address_state, address_zip, address_country, family_name, given_name, birth_place, birthsex) FROM stdin;
4	{"type":"SS","system":"https://sitenv.org","value":"109866"}	Anna Sophia	{"use":"HOME","system": "PHONE", "value": "800-960-6664" }	FEMALE	1953-10-27	M	English	t	1002-5	2135-2	1001	Jane	42 Parks Street	Apt #10	Bixbi	OK	74008	US	Anna	Sophia	{"resourceType" : "Address", "use" : "home", "line1":"2110 Silverspring Rd","line2":"Apt #10", "city" : "Bixbi", "state" : "OK", "postalCode" : "74008", "country" : "US"}	F
6	{"type":"SS","system":"https://sitenv.org","value":"1137192"}	Mia George	{"use":"HOME","system": "PHONE", "value": "800-232-5751" }	FEMALE	1954-08-21	M	English	t	1002-5	2135-2	1001	Jane	96 East Road	Apt #243	Tulsa	OK	74108	US	Mia	George	{"resourceType" : "Address", "use" : "home", "line1":"24 East Road","line2":"Apt #243", "city" : "Tulsa", "state" : "OK", "postalCode" : "74108", "country" : "US"}	F
7	{"type":"SS","system":"https://sitenv.org","value":"1157764"}	Smith Williams	{"use":"HOME","system": "PHONE", "value": "800-971-5383" }	MALE	1949-11-04	M	English	t	1002-5	2135-2	1001	Jane	36 House Street	Apt #2	Tulsa	OK	74108	US	Smith	Williams	{"resourceType" : "Address", "use" : "home", "line1":"42 Street Road","line2":"Apt #2", "city" : "Tulsa", "state" : "OK", "postalCode" : "74108", "country" : "US"}	M
8	{"type":"SS","system":"https://sitenv.org","value":"1186747"}	Philip Hughes	{"use":"HOME","system": "PHONE", "value": "800-504-6466" }	MALE	1995-07-22	M	English	t	1002-5	2135-2	1001	Jane	2 Main Avenue	Apt #134	Broken Arrow	OK	74014	US	Philip	Hughes	{"resourceType" : "Address", "use" : "home", "line1":"2 Avenue Road","line2":"Apt #2", "city" : "Tulsa", "state" : "OK", "postalCode" : "74108", "country" : "US"}	M
9	{"type":"SS","system":"https://sitenv.org","value":"1213208"}	Evelyn Grace	{"use":"HOME","system": "PHONE", "value": "800-504-7344" }	FEMALE	1965-06-22	M	English	t	1002-5	2135-2	1001	Jane	25 Church Street	Apt #5	Bixbi	OK	74008	US	Evelyn	Grace	{"resourceType" : "Address", "use" : "home", "line1":"24 Avenue Road","line2":"Apt #2", "city" : "Tulsa", "state" : "OK", "postalCode" : "74108", "country" : "US"}	F
10	{"type":"SS","system":"https://sitenv.org","value":"1272431"}	Stephen Hopkins	{"use":"HOME","system": "PHONE", "value": "800-504-7300" }	MALE	1945-05-01	M	English	t	1002-5	2135-2	1001	Jane	27 Park Road	Apt #17	Mounds	OK	74047	US	Stephen	Hopkins	{"resourceType" : "Address", "use" : "home", "line1":"24 street","line2":"Apt #2", "city" : "Tulsa", "state" : "OK", "postalCode" : "74108", "country" : "US"}	M
5	{"type":"SS","system":"https://sitenv.org","value":"1134281"}	Mathew Hayden	{"use":"HOME","system": "PHONE", "value": "800-539-3986" }	MALE	2004-10-15	S	English	t	1002-5	2135-2	1001	Jane	24 Pine Road	Apt #3	Bixbi	OK	74008	US	Mathew	Hayden	{"resourceType" : "Address", "use" : "home", "line1":"25 Pine Road","line2":"Apt #3", "city" : "Bixbi", "state" : "OK", "postalCode" : "74008", "country" : "US"}	M
3	{"type":"SS","system":"https://sitenv.org","value":"1081332"}	Ava Addison	{"use":"HOME","system": "PHONE", "value": "800-960-9294" }	FEMALE	2003-10-02	S	English	t	1002-5	2135-2	1001	Jane	19 Church Street	Apt #29	Tulsa	OK	74108	US	Ava	Addison	{"resourceType" : "Address", "use" : "home", "line1":"2110 Silverspring Rd","line2":"Apt #29", "city" : "Tulsa", "state" : "OK", "postalCode" : "74108", "country" : "US"}	F
2	{"type":"SS","system":"https://sitenv.org","value":"1032702"}	Jacob Taylor	{"use":"HOME","system": "PHONE", "value": "800-782-768" }	MALE	2007-03-20	S	English	t	1002-5	2135-2	1001	Jane	49 Meadow Street	Apt #01	Mounds	OK	74047	US	Jacob	Taylor	{"resourceType" : "Address", "use" : "home", "line1":"2110 Silverspring Rd","line2":"Block #2", "city" : "Mounds", "state" : "OK", "postalCode" : "74046", "country" : "US"}	M
1	{"type":"SS","system": "https://sitenv.org", "value": "211-778-2345" }	JOHN Doe	{"use":"HOME","system": "PHONE", "value": "301-889-8767" }	MALE	1980-01-01	M	English	t	1002-5	2135-2	1001	Jane	425 West Side dr	Apt #101	Gaithersburg	MD	20878	US	John	Doe	{"resourceType" : "Address", "use" : "home", "line1":"2110 Silverspring Rd","line2":"Block #2", "city" : "New York", "state" : "NY", "postalCode" : "07882", "country" : "US"}	M
11	{"type":"SS","system":"https://sitenv.org","value":"1134281"}	Brian Z	{"use":"HOME","system": "PHONE", "value": "800-539-3986" }	MALE	1964-01-05	S	English	t	1002-5	2135-2	1001	Jane	24 Pine Road	Apt #3	Bixbi	OK	74008	US	Brian	Z	{"resourceType" : "Address", "use" : "home", "line1":"25 Pine Road","line2":"Apt #3", "city" : "Bixbi", "state" : "OK", "postalCode" : "74008", "country" : "US"}	M
12	{"type":"SS","system":"https://sitenv.org","value":"1081332"}	Mary A	{"use":"HOME","system": "PHONE", "value": "800-960-9294" }	FEMALE	1944-03-01	S	English	t	1002-5	2135-2	1001	Jane	19 Church Street	Apt #29	Tulsa	OK	74108	US	Mary	A	{"resourceType" : "Address", "use" : "home", "line1":"2110 Silverspring Rd","line2":"Apt #29", "city" : "Tulsa", "state" : "OK", "postalCode" : "74108", "country" : "US"}	F
13	{"type":"SS","system":"https://sitenv.org","value":"1032702"}	Jose C	{"use":"HOME","system": "PHONE", "value": "800-782-768" }	MALE	1958-05-01	S	English	t	1002-5	2135-2	1001	Jane	49 Meadow Street	Apt #01	Mounds	OK	74047	US	Jose	C	{"resourceType" : "Address", "use" : "home", "line1":"2110 Silverspring Rd","line2":"Block #2", "city" : "Mounds", "state" : "OK", "postalCode" : "74046", "country" : "US"}	M
14	{"type":"SS","system": "https://sitenv.org", "value": "211-778-2345" }	George W	{"use":"HOME","system": "PHONE", "value": "301-889-8767" }	MALE	1987-06-01	M	English	t	1002-5	2135-2	1001	Jane	425 West Side dr	Apt #101	Gaithersburg	MD	20878	US	George	W	{"resourceType" : "Address", "use" : "home", "line1":"2110 Silverspring Rd","line2":"Block #2", "city" : "New York", "state" : "NY", "postalCode" : "07882", "country" : "US"}	M
\.


--
-- Data for Name: practitioner; Type: TABLE DATA; Schema: public; Owner: postgres
--

COPY practitioner (id, telecom, practitionerrole, text, identifier, family_name, given_name) FROM stdin;
1	{"use":"HOME","system": "PHONE", "value": "301-889-8767" }	DOCTOR	{"status":"GENERATED","div":"<div>Seven, Henry. SSN:\\n            333333333</div>"}	{"system":"https://sitenv.org","value":"222-338-1234"}	Mike	Mike Adams
2	{"use":"HOME","system": "PHONE", "value": "301-889-8767" }	DOCTOR	{"status":"GENERATED","div":"<div>Seven, Henry. SSN:\\n            333333333</div>"}	{"system":"https://sitenv.org","value":"222-338-1234"}	Cayr	Dr. Cayr (BMC PCP)
3	{"use":"HOME","system": "PHONE", "value": "301-889-8767" }	DOCTOR	{"status":"GENERATED","div":"<div>Seven, Henry. SSN:\\n            333333333</div>"}	{"system":"https://sitenv.org","value":"222-338-1234"}	Cryn	Dr. Cryn (BMC Endo)
4	{"use":"HOME","system": "PHONE", "value": "301-889-8767" }	DOCTOR	{"status":"GENERATED","div":"<div>Seven, Henry. SSN:\\n            333333333</div>"}	{"system":"https://sitenv.org","value":"222-338-1234"}	Athrocin	Dr. Athrocin (DHH Ortho)
5	{"use":"HOME","system": "PHONE", "value": "301-889-8767" }	DOCTOR	{"status":"GENERATED","div":"<div>Seven, Henry. SSN:\\n            333333333</div>"}	{"system":"https://sitenv.org","value":"222-338-1234"}	Prikar	Dr. Prikar Order:BMC
6	{"use":"HOME","system": "PHONE", "value": "301-889-8767" }	DOCTOR	{"status":"GENERATED","div":"<div>Seven, Henry. SSN:\\n            333333333</div>"}	{"system":"https://sitenv.org","value":"222-338-1234"}	Respa	Dr. Respa Order:DHH Resp Clinic
7	{"use":"HOME","system": "PHONE", "value": "301-889-8767" }	DOCTOR	{"status":"GENERATED","div":"<div>Seven, Henry. SSN:\\n            333333333</div>"}	{"system":"https://sitenv.org","value":"222-338-1234"}	Synapz	Dr. Synapz Order: UNC
8	{"use":"HOME","system": "PHONE", "value": "301-889-8767" }	DOCTOR	{"status":"GENERATED","div":"<div>Seven, Henry. SSN:\\n            333333333</div>"}	{"system":"https://sitenv.org","value":"222-338-1234"}	Primster	Dr. Primster Order: BMC
9	{"use":"HOME","system": "PHONE", "value": "301-889-8767" }	DOCTOR	{"status":"GENERATED","div":"<div>Seven, Henry. SSN:\\n            333333333</div>"}	{"system":"https://sitenv.org","value":"222-338-1234"}	Kardin	Dr. Kardin Order: DHH Cardiology
10	{"use":"HOME","system": "PHONE", "value": "301-889-8767" }	DOCTOR	{"status":"GENERATED","div":"<div>Seven, Henry. SSN:\\n            333333333</div>"}	{"system":"https://sitenv.org","value":"222-338-1234"}	Gutzheimer	Dr. Gutzheimer Order: DHH
\.


--
-- Data for Name: procedure; Type: TABLE DATA; Schema: public; Owner: postgres
--

COPY procedure (procedure_id, identifier, subject, status, category, code, notperformed, reasonnotperformed, bodysite, reason, performer_actor, performer_role, encounter, location, outcome, report, complication, followup, request, notes, focaldevice, used, performed) FROM stdin;
1	\N	1	COMPLETED	\N	{\r\n        "system": "http://snomed.info/sct",\r\n        "code": "90105005",\r\n        "display": "Biopsy of soft tissue of forearm (Procedure)"\r\n      }	\N	{\r\n    "text": "Dark lesion l) forearm. getting darker last 3 months."\r\n  }	{\r\n          "system": "http://snomed.info/sct",\r\n          "code": "368225008",\r\n          "display": "Entire Left Forearm",\r\n          "text": "Left forearm"\r\n        }	\N	{\r\n        "reference": "Practitioner/2",\r\n        "display": "Dr Cayrr"\r\n      }	\N	\N	\N	\N	\N	\N	{\r\n      "text": "Review in clinic"\r\n    }	\N	Standard Biopsy	\N	\N	2014-02-03
\.


--
-- Name: procedure_procedure_id_seq; Type: SEQUENCE SET; Schema: public; Owner: postgres
--

SELECT pg_catalog.setval('procedure_procedure_id_seq', 1, false);


--
-- Data for Name: questionnaire; Type: TABLE DATA; Schema: public; Owner: postgres
--

COPY questionnaire (id, questionnaire) FROM stdin;
\.


--
-- Name: questionnaire_id_seq; Type: SEQUENCE SET; Schema: public; Owner: postgres
--

SELECT pg_catalog.setval('questionnaire_id_seq', 1, false);


--
-- Data for Name: questionnaireresponse; Type: TABLE DATA; Schema: public; Owner: postgres
--

COPY questionnaireresponse (qr_id, questionnaire_id, questionnaire_response) FROM stdin;
\.


--
-- Name: questionnaireresponse_qr_id_seq; Type: SEQUENCE SET; Schema: public; Owner: postgres
--

SELECT pg_catalog.setval('questionnaireresponse_qr_id_seq', 1, false);


--
-- Data for Name: register; Type: TABLE DATA; Schema: public; Owner: postgres
--

COPY register (id, client_id, client_secret, contact_mail, contact_name, name, org_name, redirect_uri, register_token, scope) FROM stdin;
\.


--
-- Name: register_id_seq; Type: SEQUENCE SET; Schema: public; Owner: postgres
--

SELECT pg_catalog.setval('register_id_seq', 1, false);


--
-- Data for Name: us_core_birthsex; Type: TABLE DATA; Schema: public; Owner: postgres
--

COPY us_core_birthsex (code, display, code_system) FROM stdin;
F	Female	http://hl7.org/fhir/v3/AdministrativeGender
M	Male	http://hl7.org/fhir/v3/AdministrativeGender
UNK	Unknown	http://hl7.org/fhir/v3/NullFlavor
\.


--
-- Data for Name: us_core_ethnicity; Type: TABLE DATA; Schema: public; Owner: postgres
--

COPY us_core_ethnicity (code, display) FROM stdin;
2135-2	Hispanic or Latino
2137-8	Spaniard
2186-5	Not Hispanic or Latino
\.


--
-- Data for Name: us_core_race; Type: TABLE DATA; Schema: public; Owner: postgres
--

COPY us_core_race (code, display) FROM stdin;
1002-5	American Indian or Alaska Native
2028-9	Asian
2054-5	Black or African American
2076-8	Native Hawaiian or Other Pacific Islander
2106-3	White
\.


--
-- Data for Name: us_core_religion; Type: TABLE DATA; Schema: public; Owner: postgres
--

COPY us_core_religion (code, display) FROM stdin;
1001	Adventist
1002	African Religions
1003	Afro-Caribbean Religions
1004	Agnosticism
1005	Anglican
1006	Animism
1007	Atheism
1008	Babi & Baha'I faiths
1009	Baptist
1010	Bon
1011	Cao Dai
1012	Celticism
1013	Christian (non-Catholic, non-specific)
1014	Confucianism
1015	Cyberculture Religions
1016	Divination
1017	Fourth Way
1018	Free Daism
1019	Gnosis
1020	Hinduism
1021	Humanism
1022	Independent
1023	Islam
1024	Jainism
1025	Jehovah's Witnesses
1026	Judaism
1027	Latter Day Saints
1028	Lutheran
1029	Mahayana
1030	Meditation
1031	Messianic Judaism
1032	Mitraism
1033	New Age
1034	non-Roman Catholic
1035	Occult
1036	Orthodox
1037	Paganism
1038	Pentecostal
1039	Process, The
1040	Reformed/Presbyterian
1041	Roman Catholic Church
1042	Satanism
1043	Scientology
1044	Shamanism
1045	Shiite (Islam)
1046	Shinto
1047	Sikism
1048	Spiritualism
1049	Sunni (Islam)
1050	Taoism
1051	Theravada
1052	Unitarian-Universalism
1053	Universal Life Church
1054	Vajrayana (Tibetan)
1055	Veda
1056	Voodoo
1057	Wicca
1058	Yaohushua
1059	Zen Buddhism
1060	Zoroastrianism
1061	Assembly of God
1062	Brethren
1063	Christian Scientist
1064	Church of Christ
1065	Church of God
1066	Congregational
1067	Disciples of Christ
1068	Eastern Orthodox
1069	Episcopalian
1070	Evangelical Covenant
1071	Friends
1072	Full Gospel
1073	Methodist
1074	Native American
1075	Nazarene
1076	Presbyterian
1077	Protestant
1078	Protestant, No Denomination
1079	Reformed
1080	Salvation Army
1081	Unitarian Universalist
1082	United Church of Christ
\.


--
-- Data for Name: users; Type: TABLE DATA; Schema: public; Owner: postgres
--

COPY users (user_id, user_name, user_email, user_full_name, user_password, last_updated_ts) FROM stdin;
1	demouser	demo@sitenv.org	Demo User	X+zyYwGOEw44HEp8JBBkJg==	2017-06-21 12:27:28.618037
\.


--
-- Name: users_user_id_seq; Type: SEQUENCE SET; Schema: public; Owner: postgres
--

SELECT pg_catalog.setval('users_user_id_seq', 49, true);


--
-- Name: allergy_intolerance_pkey; Type: CONSTRAINT; Schema: public; Owner: postgres
--

ALTER TABLE ONLY allergy_intolerance
    ADD CONSTRAINT allergy_intolerance_pkey PRIMARY KEY (id);


--
-- Name: auth_temp_pkey; Type: CONSTRAINT; Schema: public; Owner: postgres
--

ALTER TABLE ONLY auth_temp
    ADD CONSTRAINT auth_temp_pkey PRIMARY KEY (id);


--
-- Name: authenticator_pkey; Type: CONSTRAINT; Schema: public; Owner: postgres
--

ALTER TABLE ONLY authenticator
    ADD CONSTRAINT authenticator_pkey PRIMARY KEY (id);


--
-- Name: author_pkey; Type: CONSTRAINT; Schema: public; Owner: postgres
--

ALTER TABLE ONLY author
    ADD CONSTRAINT author_pkey PRIMARY KEY (id);


--
-- Name: careteam_participant_pkey; Type: CONSTRAINT; Schema: public; Owner: postgres
--

ALTER TABLE ONLY careplan_participant
    ADD CONSTRAINT careteam_participant_pkey PRIMARY KEY (id);


--
-- Name: careteam_pkey; Type: CONSTRAINT; Schema: public; Owner: postgres
--

ALTER TABLE ONLY careplan
    ADD CONSTRAINT careteam_pkey PRIMARY KEY (id);


--
-- Name: clients_pkey; Type: CONSTRAINT; Schema: public; Owner: postgres
--

ALTER TABLE ONLY clients
    ADD CONSTRAINT clients_pkey PRIMARY KEY (id);


--
-- Name: condition_pkey; Type: CONSTRAINT; Schema: public; Owner: postgres
--

ALTER TABLE ONLY condition
    ADD CONSTRAINT condition_pkey PRIMARY KEY (id);


--
-- Name: confidentiality_pkey; Type: CONSTRAINT; Schema: public; Owner: postgres
--

ALTER TABLE ONLY confidentiality
    ADD CONSTRAINT confidentiality_pkey PRIMARY KEY (id);


--
-- Name: content_pkey; Type: CONSTRAINT; Schema: public; Owner: postgres
--

ALTER TABLE ONLY content
    ADD CONSTRAINT content_pkey PRIMARY KEY (id);


--
-- Name: context_event_pkey; Type: CONSTRAINT; Schema: public; Owner: postgres
--

ALTER TABLE ONLY context_event
    ADD CONSTRAINT context_event_pkey PRIMARY KEY (id);


--
-- Name: context_facility_type_pkey; Type: CONSTRAINT; Schema: public; Owner: postgres
--

ALTER TABLE ONLY context_facility_type
    ADD CONSTRAINT context_facility_type_pkey PRIMARY KEY (id);


--
-- Name: context_period_pkey; Type: CONSTRAINT; Schema: public; Owner: postgres
--

ALTER TABLE ONLY context_period
    ADD CONSTRAINT context_period_pkey PRIMARY KEY (id);


--
-- Name: custodian_pkey; Type: CONSTRAINT; Schema: public; Owner: postgres
--

ALTER TABLE ONLY custodian
    ADD CONSTRAINT custodian_pkey PRIMARY KEY (id);


--
-- Name: device_pkey; Type: CONSTRAINT; Schema: public; Owner: postgres
--

ALTER TABLE ONLY device
    ADD CONSTRAINT device_pkey PRIMARY KEY (id);


--
-- Name: diagnosticreport_pkey; Type: CONSTRAINT; Schema: public; Owner: postgres
--

ALTER TABLE ONLY diagnosticreport
    ADD CONSTRAINT diagnosticreport_pkey PRIMARY KEY (id);


--
-- Name: doc_class_codes_pkey; Type: CONSTRAINT; Schema: public; Owner: postgres
--

ALTER TABLE ONLY doc_class_codes
    ADD CONSTRAINT doc_class_codes_pkey PRIMARY KEY (id);


--
-- Name: doc_type_codes_pkey; Type: CONSTRAINT; Schema: public; Owner: postgres
--

ALTER TABLE ONLY doc_type_codes
    ADD CONSTRAINT doc_type_codes_pkey PRIMARY KEY (id);


--
-- Name: document_reference_json_pkey; Type: CONSTRAINT; Schema: public; Owner: postgres
--

ALTER TABLE ONLY document_reference_json
    ADD CONSTRAINT document_reference_json_pkey PRIMARY KEY (id);


--
-- Name: document_reference_pkey; Type: CONSTRAINT; Schema: public; Owner: postgres
--

ALTER TABLE ONLY document_reference
    ADD CONSTRAINT document_reference_pkey PRIMARY KEY (id);


--
-- Name: goals_pkey; Type: CONSTRAINT; Schema: public; Owner: postgres
--

ALTER TABLE ONLY goals
    ADD CONSTRAINT goals_pkey PRIMARY KEY (id);


--
-- Name: immunization_pkey; Type: CONSTRAINT; Schema: public; Owner: postgres
--

ALTER TABLE ONLY immunization
    ADD CONSTRAINT immunization_pkey PRIMARY KEY (id);


--
-- Name: location_pkey; Type: CONSTRAINT; Schema: public; Owner: postgres
--

ALTER TABLE ONLY location
    ADD CONSTRAINT location_pkey PRIMARY KEY (location_id);


--
-- Name: manufacturer_pkey; Type: CONSTRAINT; Schema: public; Owner: postgres
--

ALTER TABLE ONLY manufacturer
    ADD CONSTRAINT manufacturer_pkey PRIMARY KEY (id);


--
-- Name: marital_status_pkey; Type: CONSTRAINT; Schema: public; Owner: postgres
--

ALTER TABLE ONLY marital_status
    ADD CONSTRAINT marital_status_pkey PRIMARY KEY (code);


--
-- Name: medication_administration_pkey; Type: CONSTRAINT; Schema: public; Owner: postgres
--

ALTER TABLE ONLY medication_administration
    ADD CONSTRAINT medication_administration_pkey PRIMARY KEY (id);


--
-- Name: medication_dispense_pkey; Type: CONSTRAINT; Schema: public; Owner: postgres
--

ALTER TABLE ONLY medication_dispense
    ADD CONSTRAINT medication_dispense_pkey PRIMARY KEY (id);


--
-- Name: medication_order_pkey; Type: CONSTRAINT; Schema: public; Owner: postgres
--

ALTER TABLE ONLY medication_order
    ADD CONSTRAINT medication_order_pkey PRIMARY KEY (id);


--
-- Name: medication_pkey; Type: CONSTRAINT; Schema: public; Owner: postgres
--

ALTER TABLE ONLY medication
    ADD CONSTRAINT medication_pkey PRIMARY KEY (id);


--
-- Name: medication_statement_pkey; Type: CONSTRAINT; Schema: public; Owner: postgres
--

ALTER TABLE ONLY medication_statement
    ADD CONSTRAINT medication_statement_pkey PRIMARY KEY (id);


--
-- Name: observation_pkey; Type: CONSTRAINT; Schema: public; Owner: postgres
--

ALTER TABLE ONLY observation
    ADD CONSTRAINT observation_pkey PRIMARY KEY (id);


--
-- Name: organization_pkey; Type: CONSTRAINT; Schema: public; Owner: postgres
--

ALTER TABLE ONLY organization
    ADD CONSTRAINT organization_pkey PRIMARY KEY (id);


--
-- Name: patient_contact_pkey; Type: CONSTRAINT; Schema: public; Owner: postgres
--

ALTER TABLE ONLY patient_contact
    ADD CONSTRAINT patient_contact_pkey PRIMARY KEY (id);


--
-- Name: patient_doc_pkey; Type: CONSTRAINT; Schema: public; Owner: postgres
--

ALTER TABLE ONLY patient
    ADD CONSTRAINT patient_doc_pkey PRIMARY KEY (id);


--
-- Name: patient_pkey; Type: CONSTRAINT; Schema: public; Owner: postgres
--

ALTER TABLE ONLY patient_json
    ADD CONSTRAINT patient_pkey PRIMARY KEY (id);


--
-- Name: practitioner_pkey; Type: CONSTRAINT; Schema: public; Owner: postgres
--

ALTER TABLE ONLY practitioner
    ADD CONSTRAINT practitioner_pkey PRIMARY KEY (id);


--
-- Name: procedure_pkey; Type: CONSTRAINT; Schema: public; Owner: postgres
--

ALTER TABLE ONLY procedure
    ADD CONSTRAINT procedure_pkey PRIMARY KEY (procedure_id);


--
-- Name: questionnaire_pkey; Type: CONSTRAINT; Schema: public; Owner: postgres
--

ALTER TABLE ONLY questionnaire
    ADD CONSTRAINT questionnaire_pkey PRIMARY KEY (id);


--
-- Name: questionnaireresponse_pkey; Type: CONSTRAINT; Schema: public; Owner: postgres
--

ALTER TABLE ONLY questionnaireresponse
    ADD CONSTRAINT questionnaireresponse_pkey PRIMARY KEY (qr_id);


--
-- Name: register_pkey; Type: CONSTRAINT; Schema: public; Owner: postgres
--

ALTER TABLE ONLY register
    ADD CONSTRAINT register_pkey PRIMARY KEY (id);


--
-- Name: us_core_birthsex_pkey; Type: CONSTRAINT; Schema: public; Owner: postgres
--

ALTER TABLE ONLY us_core_birthsex
    ADD CONSTRAINT us_core_birthsex_pkey PRIMARY KEY (code);


--
-- Name: us_core_ethnicity_pkey; Type: CONSTRAINT; Schema: public; Owner: postgres
--

ALTER TABLE ONLY us_core_ethnicity
    ADD CONSTRAINT us_core_ethnicity_pkey PRIMARY KEY (code);


--
-- Name: us_core_race_pkey; Type: CONSTRAINT; Schema: public; Owner: postgres
--

ALTER TABLE ONLY us_core_race
    ADD CONSTRAINT us_core_race_pkey PRIMARY KEY (code);


--
-- Name: us_core_religion_pkey; Type: CONSTRAINT; Schema: public; Owner: postgres
--

ALTER TABLE ONLY us_core_religion
    ADD CONSTRAINT us_core_religion_pkey PRIMARY KEY (code);


--
-- Name: users_pkey; Type: CONSTRAINT; Schema: public; Owner: postgres
--

ALTER TABLE ONLY users
    ADD CONSTRAINT users_pkey PRIMARY KEY (user_id);


--
-- Name: fki_pk_patient; Type: INDEX; Schema: public; Owner: postgres
--

CREATE INDEX fki_pk_patient ON patient_contact USING btree (patient_id);


--
-- Name: xpkauth_temp; Type: INDEX; Schema: public; Owner: postgres
--

CREATE UNIQUE INDEX xpkauth_temp ON auth_temp USING btree (id);


--
-- Name: xpkclients; Type: INDEX; Schema: public; Owner: postgres
--

CREATE UNIQUE INDEX xpkclients ON clients USING btree (id);


--
-- Name: xpkdiagnosticreport; Type: INDEX; Schema: public; Owner: postgres
--

CREATE UNIQUE INDEX xpkdiagnosticreport ON diagnosticreport USING btree (id);


--
-- Name: xpklocation; Type: INDEX; Schema: public; Owner: postgres
--

CREATE UNIQUE INDEX xpklocation ON location USING btree (location_id);


--
-- Name: xpkobservation; Type: INDEX; Schema: public; Owner: postgres
--

CREATE UNIQUE INDEX xpkobservation ON observation USING btree (id);


--
-- Name: xpkorganization; Type: INDEX; Schema: public; Owner: postgres
--

CREATE UNIQUE INDEX xpkorganization ON organization USING btree (id);


--
-- Name: xpkprocedure; Type: INDEX; Schema: public; Owner: postgres
--

CREATE UNIQUE INDEX xpkprocedure ON procedure USING btree (procedure_id);


--
-- Name: xpkquestionnaire; Type: INDEX; Schema: public; Owner: postgres
--

CREATE UNIQUE INDEX xpkquestionnaire ON questionnaire USING btree (id);


--
-- Name: xpkquestionnaireresponse; Type: INDEX; Schema: public; Owner: postgres
--

CREATE UNIQUE INDEX xpkquestionnaireresponse ON questionnaireresponse USING btree (qr_id);


--
-- Name: xpkusers; Type: INDEX; Schema: public; Owner: postgres
--

CREATE UNIQUE INDEX xpkusers ON users USING btree (user_id);


--
-- Name: allergy_intolerance_patient_fkey; Type: FK CONSTRAINT; Schema: public; Owner: postgres
--

ALTER TABLE ONLY allergy_intolerance
    ADD CONSTRAINT allergy_intolerance_patient_fkey FOREIGN KEY (patient) REFERENCES patient(id);


--
-- Name: allergy_intolerance_recorder_fkey; Type: FK CONSTRAINT; Schema: public; Owner: postgres
--

ALTER TABLE ONLY allergy_intolerance
    ADD CONSTRAINT allergy_intolerance_recorder_fkey FOREIGN KEY (recorder) REFERENCES practitioner(id);


--
-- Name: careteam_fkey; Type: FK CONSTRAINT; Schema: public; Owner: postgres
--

ALTER TABLE ONLY careplan
    ADD CONSTRAINT careteam_fkey FOREIGN KEY (patient) REFERENCES patient(id);


--
-- Name: careteam_participant_fkey; Type: FK CONSTRAINT; Schema: public; Owner: postgres
--

ALTER TABLE ONLY careplan_participant
    ADD CONSTRAINT careteam_participant_fkey FOREIGN KEY (careteam) REFERENCES careplan(id);


--
-- Name: condition_asserter_fkey; Type: FK CONSTRAINT; Schema: public; Owner: postgres
--

ALTER TABLE ONLY condition
    ADD CONSTRAINT condition_asserter_fkey FOREIGN KEY (asserter) REFERENCES practitioner(id);


--
-- Name: condition_patient_fkey; Type: FK CONSTRAINT; Schema: public; Owner: postgres
--

ALTER TABLE ONLY condition
    ADD CONSTRAINT condition_patient_fkey FOREIGN KEY (patient) REFERENCES patient(id);


--
-- Name: d_1; Type: FK CONSTRAINT; Schema: public; Owner: postgres
--

ALTER TABLE ONLY diagnosticreport
    ADD CONSTRAINT d_1 FOREIGN KEY (patient) REFERENCES patient(id);


--
-- Name: d_2; Type: FK CONSTRAINT; Schema: public; Owner: postgres
--

ALTER TABLE ONLY diagnosticreport
    ADD CONSTRAINT d_2 FOREIGN KEY (performer) REFERENCES practitioner(id);


--
-- Name: d_3; Type: FK CONSTRAINT; Schema: public; Owner: postgres
--

ALTER TABLE ONLY diagnosticreport
    ADD CONSTRAINT d_3 FOREIGN KEY (result) REFERENCES observation(id);


--
-- Name: fk_1q8mubdgsfl88xgdt750e560x; Type: FK CONSTRAINT; Schema: public; Owner: postgres
--

ALTER TABLE ONLY document_reference
    ADD CONSTRAINT fk_1q8mubdgsfl88xgdt750e560x FOREIGN KEY (custodian) REFERENCES author(id);


--
-- Name: fk_1tahe0pbr48tgj7xc4ulobsig; Type: FK CONSTRAINT; Schema: public; Owner: postgres
--

ALTER TABLE ONLY document_reference
    ADD CONSTRAINT fk_1tahe0pbr48tgj7xc4ulobsig FOREIGN KEY (context_facility_type) REFERENCES context_facility_type(id);


--
-- Name: fk_3gk0pg0vulct3w40wi905ks16; Type: FK CONSTRAINT; Schema: public; Owner: postgres
--

ALTER TABLE ONLY document_reference
    ADD CONSTRAINT fk_3gk0pg0vulct3w40wi905ks16 FOREIGN KEY (content) REFERENCES content(id);


--
-- Name: fk_3t1eqf1xm3b8lmxkpwnnp59gd; Type: FK CONSTRAINT; Schema: public; Owner: postgres
--

ALTER TABLE ONLY document_reference
    ADD CONSTRAINT fk_3t1eqf1xm3b8lmxkpwnnp59gd FOREIGN KEY (subject) REFERENCES patient(id);


--
-- Name: fk_42jdseen1dnvmjflubsm8rwi7; Type: FK CONSTRAINT; Schema: public; Owner: postgres
--

ALTER TABLE ONLY document_reference
    ADD CONSTRAINT fk_42jdseen1dnvmjflubsm8rwi7 FOREIGN KEY (author) REFERENCES author(id);


--
-- Name: fk_58gwuapkd08tmx6uf5k1cig59; Type: FK CONSTRAINT; Schema: public; Owner: postgres
--

ALTER TABLE ONLY patient_json
    ADD CONSTRAINT fk_58gwuapkd08tmx6uf5k1cig59 FOREIGN KEY (religion) REFERENCES us_core_religion(code);


--
-- Name: fk_bm380fauc5j7uwk7lqrodgs23; Type: FK CONSTRAINT; Schema: public; Owner: postgres
--

ALTER TABLE ONLY document_reference
    ADD CONSTRAINT fk_bm380fauc5j7uwk7lqrodgs23 FOREIGN KEY (type) REFERENCES doc_type_codes(id);


--
-- Name: fk_c4l8hv3yg0v441sgp9qinq5rf; Type: FK CONSTRAINT; Schema: public; Owner: postgres
--

ALTER TABLE ONLY document_reference
    ADD CONSTRAINT fk_c4l8hv3yg0v441sgp9qinq5rf FOREIGN KEY (context_event) REFERENCES context_event(id);


--
-- Name: fk_cn20r185drl23h6pu3unu1b5s; Type: FK CONSTRAINT; Schema: public; Owner: postgres
--

ALTER TABLE ONLY document_reference
    ADD CONSTRAINT fk_cn20r185drl23h6pu3unu1b5s FOREIGN KEY (context_period) REFERENCES context_period(id);


--
-- Name: fk_driop6965u0ksfbo97k3cidxx; Type: FK CONSTRAINT; Schema: public; Owner: postgres
--

ALTER TABLE ONLY document_reference
    ADD CONSTRAINT fk_driop6965u0ksfbo97k3cidxx FOREIGN KEY (class_code) REFERENCES doc_class_codes(id);


--
-- Name: fk_ev4f774kix0uty1dv54iscodl; Type: FK CONSTRAINT; Schema: public; Owner: postgres
--

ALTER TABLE ONLY document_reference
    ADD CONSTRAINT fk_ev4f774kix0uty1dv54iscodl FOREIGN KEY (authenticator) REFERENCES authenticator(id);


--
-- Name: fk_l9kjioygwvrangj6e6bupdtf3; Type: FK CONSTRAINT; Schema: public; Owner: postgres
--

ALTER TABLE ONLY document_reference
    ADD CONSTRAINT fk_l9kjioygwvrangj6e6bupdtf3 FOREIGN KEY (confidentiality) REFERENCES confidentiality(id);


--
-- Name: fk_pjbofgtkq12fic92k5jfma1j0; Type: FK CONSTRAINT; Schema: public; Owner: postgres
--

ALTER TABLE ONLY patient_json
    ADD CONSTRAINT fk_pjbofgtkq12fic92k5jfma1j0 FOREIGN KEY (marital_status) REFERENCES marital_status(code);


--
-- Name: fk_pvkw0gqb5hv0ilubxj2hr1y0k; Type: FK CONSTRAINT; Schema: public; Owner: postgres
--

ALTER TABLE ONLY patient_json
    ADD CONSTRAINT fk_pvkw0gqb5hv0ilubxj2hr1y0k FOREIGN KEY (ethnicity) REFERENCES us_core_ethnicity(code);


--
-- Name: fk_rvpuetwi19rnx82s8a9n9130m; Type: FK CONSTRAINT; Schema: public; Owner: postgres
--

ALTER TABLE ONLY patient_json
    ADD CONSTRAINT fk_rvpuetwi19rnx82s8a9n9130m FOREIGN KEY (race) REFERENCES us_core_race(code);


--
-- Name: fk_usbirthsex; Type: FK CONSTRAINT; Schema: public; Owner: postgres
--

ALTER TABLE ONLY patient_json
    ADD CONSTRAINT fk_usbirthsex FOREIGN KEY (birthsex) REFERENCES us_core_birthsex(code) ON DELETE CASCADE;


--
-- Name: medication_administration_medicationreference_fkey; Type: FK CONSTRAINT; Schema: public; Owner: postgres
--

ALTER TABLE ONLY medication_administration
    ADD CONSTRAINT medication_administration_medicationreference_fkey FOREIGN KEY (medicationreference) REFERENCES medication(id);


--
-- Name: medication_administration_patient_fkey; Type: FK CONSTRAINT; Schema: public; Owner: postgres
--

ALTER TABLE ONLY medication_administration
    ADD CONSTRAINT medication_administration_patient_fkey FOREIGN KEY (patient) REFERENCES patient(id);


--
-- Name: medication_administration_practitioner_fkey; Type: FK CONSTRAINT; Schema: public; Owner: postgres
--

ALTER TABLE ONLY medication_administration
    ADD CONSTRAINT medication_administration_practitioner_fkey FOREIGN KEY (practitioner) REFERENCES practitioner(id);


--
-- Name: medication_administration_prescription_fkey; Type: FK CONSTRAINT; Schema: public; Owner: postgres
--

ALTER TABLE ONLY medication_administration
    ADD CONSTRAINT medication_administration_prescription_fkey FOREIGN KEY (prescription) REFERENCES medication_order(id);


--
-- Name: medication_dispense_authorizingprescription_fkey; Type: FK CONSTRAINT; Schema: public; Owner: postgres
--

ALTER TABLE ONLY medication_dispense
    ADD CONSTRAINT medication_dispense_authorizingprescription_fkey FOREIGN KEY (authorizingprescription) REFERENCES medication_order(id);


--
-- Name: medication_dispense_dispenser_fkey; Type: FK CONSTRAINT; Schema: public; Owner: postgres
--

ALTER TABLE ONLY medication_dispense
    ADD CONSTRAINT medication_dispense_dispenser_fkey FOREIGN KEY (dispenser) REFERENCES practitioner(id);


--
-- Name: medication_dispense_medicationreference_fkey; Type: FK CONSTRAINT; Schema: public; Owner: postgres
--

ALTER TABLE ONLY medication_dispense
    ADD CONSTRAINT medication_dispense_medicationreference_fkey FOREIGN KEY (medicationreference) REFERENCES medication(id);


--
-- Name: medication_dispense_patient_fkey; Type: FK CONSTRAINT; Schema: public; Owner: postgres
--

ALTER TABLE ONLY medication_dispense
    ADD CONSTRAINT medication_dispense_patient_fkey FOREIGN KEY (patient) REFERENCES patient(id);


--
-- Name: medication_med_manufacturer_fkey; Type: FK CONSTRAINT; Schema: public; Owner: postgres
--

ALTER TABLE ONLY medication
    ADD CONSTRAINT medication_med_manufacturer_fkey FOREIGN KEY (med_manufacturer) REFERENCES manufacturer(id);


--
-- Name: medication_order_medicationreference_fkey; Type: FK CONSTRAINT; Schema: public; Owner: postgres
--

ALTER TABLE ONLY medication_order
    ADD CONSTRAINT medication_order_medicationreference_fkey FOREIGN KEY (medicationreference) REFERENCES medication(id);


--
-- Name: medication_order_patient_fkey; Type: FK CONSTRAINT; Schema: public; Owner: postgres
--

ALTER TABLE ONLY medication_order
    ADD CONSTRAINT medication_order_patient_fkey FOREIGN KEY (patient) REFERENCES patient(id);


--
-- Name: medication_order_prescriber_fkey; Type: FK CONSTRAINT; Schema: public; Owner: postgres
--

ALTER TABLE ONLY medication_order
    ADD CONSTRAINT medication_order_prescriber_fkey FOREIGN KEY (prescriber) REFERENCES practitioner(id);


--
-- Name: medication_statement_medicationreference_fkey; Type: FK CONSTRAINT; Schema: public; Owner: postgres
--

ALTER TABLE ONLY medication_statement
    ADD CONSTRAINT medication_statement_medicationreference_fkey FOREIGN KEY (medicationreference) REFERENCES medication(id);


--
-- Name: medication_statement_patient_fkey; Type: FK CONSTRAINT; Schema: public; Owner: postgres
--

ALTER TABLE ONLY medication_statement
    ADD CONSTRAINT medication_statement_patient_fkey FOREIGN KEY (patient) REFERENCES patient(id);


--
-- Name: o_1; Type: FK CONSTRAINT; Schema: public; Owner: postgres
--

ALTER TABLE ONLY observation
    ADD CONSTRAINT o_1 FOREIGN KEY (patient) REFERENCES patient(id);


--
-- Name: p_1; Type: FK CONSTRAINT; Schema: public; Owner: postgres
--

ALTER TABLE ONLY procedure
    ADD CONSTRAINT p_1 FOREIGN KEY (subject) REFERENCES patient(id);


--
-- Name: pk_patient; Type: FK CONSTRAINT; Schema: public; Owner: postgres
--

ALTER TABLE ONLY patient_contact
    ADD CONSTRAINT pk_patient FOREIGN KEY (patient_id) REFERENCES patient_json(id);


--
-- Name: r_1; Type: FK CONSTRAINT; Schema: public; Owner: postgres
--

ALTER TABLE ONLY questionnaireresponse
    ADD CONSTRAINT r_1 FOREIGN KEY (questionnaire_id) REFERENCES questionnaire(id);


--
-- Name: r_1; Type: FK CONSTRAINT; Schema: public; Owner: postgres
--

ALTER TABLE ONLY clients
    ADD CONSTRAINT r_1 FOREIGN KEY (user_id) REFERENCES users(user_id);


--
-- Name: public; Type: ACL; Schema: -; Owner: postgres
--

REVOKE ALL ON SCHEMA public FROM PUBLIC;
REVOKE ALL ON SCHEMA public FROM postgres;
GRANT ALL ON SCHEMA public TO postgres;
GRANT ALL ON SCHEMA public TO PUBLIC;


--
-- PostgreSQL database dump complete
--

