--
-- PostgreSQL database dump
--

-- Dumped from database version 9.6.9
-- Dumped by pg_dump version 9.6.9

-- Started on 2018-06-27 20:41:21

SET statement_timeout = 0;
SET lock_timeout = 0;
SET idle_in_transaction_session_timeout = 0;
SET client_encoding = 'UTF8';
SET standard_conforming_strings = on;
SELECT pg_catalog.set_config('search_path', '', false);
SET check_function_bodies = false;
SET client_min_messages = warning;
SET row_security = off;

SET default_tablespace = '';

SET default_with_oids = false;

--
-- TOC entry 185 (class 1259 OID 17031)
-- Name: allergy_intolerance; Type: TABLE; Schema: public; Owner: postgres
--

CREATE TABLE public.allergy_intolerance (
    id integer NOT NULL,
    identifier_system character(100),
    identifier_value character(100),
    patient integer,
    recorder integer,
    criticality character(100),
    category character(100),
    reaction json,
    clinical_status character varying(255),
    verification_status character varying(255),
    code json,
    asserted_date date,
    asserter integer
);


ALTER TABLE public.allergy_intolerance OWNER TO postgres;

--
-- TOC entry 186 (class 1259 OID 17037)
-- Name: auth_temp; Type: TABLE; Schema: public; Owner: postgres
--

CREATE TABLE public.auth_temp (
    id integer NOT NULL,
    client_id character varying(255),
    client_secret character varying(255),
    auth_code character varying(255),
    access_token character varying(255),
    aud character varying(255),
    expiry character varying(255),
    scope text,
    last_updated_ts timestamp without time zone DEFAULT timezone('UTC'::text, now()) NOT NULL,
    redirect_uri character(255),
    state character(255),
    transaction_id character(255),
    refresh_token character varying(255),
    launch_patient_id integer
);


ALTER TABLE public.auth_temp OWNER TO postgres;

--
-- TOC entry 187 (class 1259 OID 17044)
-- Name: auth_temp_id_seq; Type: SEQUENCE; Schema: public; Owner: postgres
--

CREATE SEQUENCE public.auth_temp_id_seq
    START WITH 1
    INCREMENT BY 1
    NO MINVALUE
    NO MAXVALUE
    CACHE 1;


ALTER TABLE public.auth_temp_id_seq OWNER TO postgres;

--
-- TOC entry 2656 (class 0 OID 0)
-- Dependencies: 187
-- Name: auth_temp_id_seq; Type: SEQUENCE OWNED BY; Schema: public; Owner: postgres
--

ALTER SEQUENCE public.auth_temp_id_seq OWNED BY public.auth_temp.id;


--
-- TOC entry 188 (class 1259 OID 17046)
-- Name: authenticator; Type: TABLE; Schema: public; Owner: postgres
--

CREATE TABLE public.authenticator (
    id integer NOT NULL,
    name character varying(100)
);


ALTER TABLE public.authenticator OWNER TO postgres;

--
-- TOC entry 189 (class 1259 OID 17049)
-- Name: authenticator_id_seq; Type: SEQUENCE; Schema: public; Owner: postgres
--

CREATE SEQUENCE public.authenticator_id_seq
    START WITH 1
    INCREMENT BY 1
    NO MINVALUE
    NO MAXVALUE
    CACHE 1;


ALTER TABLE public.authenticator_id_seq OWNER TO postgres;

--
-- TOC entry 2657 (class 0 OID 0)
-- Dependencies: 189
-- Name: authenticator_id_seq; Type: SEQUENCE OWNED BY; Schema: public; Owner: postgres
--

ALTER SEQUENCE public.authenticator_id_seq OWNED BY public.authenticator.id;


--
-- TOC entry 190 (class 1259 OID 17051)
-- Name: author; Type: TABLE; Schema: public; Owner: postgres
--

CREATE TABLE public.author (
    id integer NOT NULL,
    name character varying(100)
);


ALTER TABLE public.author OWNER TO postgres;

--
-- TOC entry 191 (class 1259 OID 17054)
-- Name: author_id_seq; Type: SEQUENCE; Schema: public; Owner: postgres
--

CREATE SEQUENCE public.author_id_seq
    START WITH 1
    INCREMENT BY 1
    NO MINVALUE
    NO MAXVALUE
    CACHE 1;


ALTER TABLE public.author_id_seq OWNER TO postgres;

--
-- TOC entry 2658 (class 0 OID 0)
-- Dependencies: 191
-- Name: author_id_seq; Type: SEQUENCE OWNED BY; Schema: public; Owner: postgres
--

ALTER SEQUENCE public.author_id_seq OWNED BY public.author.id;


--
-- TOC entry 192 (class 1259 OID 17056)
-- Name: careplan; Type: TABLE; Schema: public; Owner: postgres
--

CREATE TABLE public.careplan (
    id integer NOT NULL,
    patient integer,
    status character varying(150),
    cat_code character varying(255),
    cat_system character varying(255),
    definition integer,
    basedon integer,
    replaces integer,
    partof integer,
    intent character varying(255),
    title character varying(255),
    author integer,
    careteam integer,
    supporting_info integer,
    activity json,
    note text
);


ALTER TABLE public.careplan OWNER TO postgres;

--
-- TOC entry 193 (class 1259 OID 17062)
-- Name: careteam; Type: TABLE; Schema: public; Owner: postgres
--

CREATE TABLE public.careteam (
    id integer NOT NULL,
    identifier json,
    status character varying(255),
    category json,
    name character varying(255),
    context character varying(255),
    period date,
    participant_role json,
    participant_member character varying(255),
    participant_onbehalfof character varying(255),
    participant_period date,
    reason_code json,
    reson_reference character varying(255),
    managing_organization character varying(255),
    telecom json,
    note text,
    subject integer
);


ALTER TABLE public.careteam OWNER TO postgres;

--
-- TOC entry 194 (class 1259 OID 17068)
-- Name: careteam_id_seq; Type: SEQUENCE; Schema: public; Owner: postgres
--

CREATE SEQUENCE public.careteam_id_seq
    START WITH 1
    INCREMENT BY 1
    NO MINVALUE
    NO MAXVALUE
    CACHE 1;


ALTER TABLE public.careteam_id_seq OWNER TO postgres;

--
-- TOC entry 2659 (class 0 OID 0)
-- Dependencies: 194
-- Name: careteam_id_seq; Type: SEQUENCE OWNED BY; Schema: public; Owner: postgres
--

ALTER SEQUENCE public.careteam_id_seq OWNED BY public.careplan.id;


--
-- TOC entry 195 (class 1259 OID 17070)
-- Name: careteam_id_seq1; Type: SEQUENCE; Schema: public; Owner: postgres
--

CREATE SEQUENCE public.careteam_id_seq1
    START WITH 1
    INCREMENT BY 1
    NO MINVALUE
    NO MAXVALUE
    CACHE 1;


ALTER TABLE public.careteam_id_seq1 OWNER TO postgres;

--
-- TOC entry 2660 (class 0 OID 0)
-- Dependencies: 195
-- Name: careteam_id_seq1; Type: SEQUENCE OWNED BY; Schema: public; Owner: postgres
--

ALTER SEQUENCE public.careteam_id_seq1 OWNED BY public.careteam.id;


--
-- TOC entry 196 (class 1259 OID 17072)
-- Name: careteam_participant; Type: TABLE; Schema: public; Owner: postgres
--

CREATE TABLE public.careteam_participant (
    id integer NOT NULL,
    careteam integer,
    role_system character varying(255),
    role_code character varying(255),
    role_display character varying(255),
    member_reference character varying(255),
    member_display character varying(255)
);


ALTER TABLE public.careteam_participant OWNER TO postgres;

--
-- TOC entry 197 (class 1259 OID 17078)
-- Name: careteam_participant_id_seq; Type: SEQUENCE; Schema: public; Owner: postgres
--

CREATE SEQUENCE public.careteam_participant_id_seq
    START WITH 1
    INCREMENT BY 1
    NO MINVALUE
    NO MAXVALUE
    CACHE 1;


ALTER TABLE public.careteam_participant_id_seq OWNER TO postgres;

--
-- TOC entry 2661 (class 0 OID 0)
-- Dependencies: 197
-- Name: careteam_participant_id_seq; Type: SEQUENCE OWNED BY; Schema: public; Owner: postgres
--

ALTER SEQUENCE public.careteam_participant_id_seq OWNED BY public.careteam_participant.id;


--
-- TOC entry 198 (class 1259 OID 17080)
-- Name: clients; Type: TABLE; Schema: public; Owner: postgres
--

CREATE TABLE public.clients (
    id integer NOT NULL,
    user_id integer NOT NULL,
    client_id character varying(255) NOT NULL,
    client_secret character varying(255) NOT NULL,
    register_token character varying(255),
    name character varying(255),
    org_name character varying(255),
    contact_name character varying(255),
    contact_mail character varying(255),
    scope text,
    redirect_uri character varying(255),
    last_updated_ts timestamp without time zone DEFAULT timezone('UTC'::text, now()) NOT NULL,
    status boolean
);


ALTER TABLE public.clients OWNER TO postgres;

--
-- TOC entry 199 (class 1259 OID 17087)
-- Name: clients_id_seq; Type: SEQUENCE; Schema: public; Owner: postgres
--

CREATE SEQUENCE public.clients_id_seq
    START WITH 1
    INCREMENT BY 1
    NO MINVALUE
    NO MAXVALUE
    CACHE 1;


ALTER TABLE public.clients_id_seq OWNER TO postgres;

--
-- TOC entry 2662 (class 0 OID 0)
-- Dependencies: 199
-- Name: clients_id_seq; Type: SEQUENCE OWNED BY; Schema: public; Owner: postgres
--

ALTER SEQUENCE public.clients_id_seq OWNED BY public.clients.id;


--
-- TOC entry 200 (class 1259 OID 17089)
-- Name: condition; Type: TABLE; Schema: public; Owner: postgres
--

CREATE TABLE public.condition (
    id integer NOT NULL,
    identifier_system character(100),
    identifier_value character(100),
    subject integer,
    asserter integer,
    code character(100),
    code_display character(100),
    category_code character(100),
    clinical_status character(100),
    severity_code character(100),
    onset json,
    asserted_date date,
    severity_display character(100),
    code_system character varying,
    category_display character varying(100),
    category_system character varying(100),
    verification_status character varying(100),
    context integer,
    note text
);


ALTER TABLE public.condition OWNER TO postgres;

--
-- TOC entry 201 (class 1259 OID 17095)
-- Name: confidentiality; Type: TABLE; Schema: public; Owner: postgres
--

CREATE TABLE public.confidentiality (
    id integer NOT NULL,
    code character varying(100),
    display character varying(200),
    system character varying(100)
);


ALTER TABLE public.confidentiality OWNER TO postgres;

--
-- TOC entry 202 (class 1259 OID 17098)
-- Name: confidentiality_id_seq; Type: SEQUENCE; Schema: public; Owner: postgres
--

CREATE SEQUENCE public.confidentiality_id_seq
    START WITH 1
    INCREMENT BY 1
    NO MINVALUE
    NO MAXVALUE
    CACHE 1;


ALTER TABLE public.confidentiality_id_seq OWNER TO postgres;

--
-- TOC entry 2663 (class 0 OID 0)
-- Dependencies: 202
-- Name: confidentiality_id_seq; Type: SEQUENCE OWNED BY; Schema: public; Owner: postgres
--

ALTER SEQUENCE public.confidentiality_id_seq OWNED BY public.confidentiality.id;


--
-- TOC entry 203 (class 1259 OID 17100)
-- Name: content; Type: TABLE; Schema: public; Owner: postgres
--

CREATE TABLE public.content (
    id integer NOT NULL,
    content_type character varying(30),
    language character varying(10),
    url character varying(100),
    content_size integer,
    title character varying(100)
);


ALTER TABLE public.content OWNER TO postgres;

--
-- TOC entry 204 (class 1259 OID 17103)
-- Name: content_id_seq; Type: SEQUENCE; Schema: public; Owner: postgres
--

CREATE SEQUENCE public.content_id_seq
    START WITH 1
    INCREMENT BY 1
    NO MINVALUE
    NO MAXVALUE
    CACHE 1;


ALTER TABLE public.content_id_seq OWNER TO postgres;

--
-- TOC entry 2664 (class 0 OID 0)
-- Dependencies: 204
-- Name: content_id_seq; Type: SEQUENCE OWNED BY; Schema: public; Owner: postgres
--

ALTER SEQUENCE public.content_id_seq OWNED BY public.content.id;


--
-- TOC entry 205 (class 1259 OID 17105)
-- Name: context_event; Type: TABLE; Schema: public; Owner: postgres
--

CREATE TABLE public.context_event (
    id integer NOT NULL,
    code character varying(100),
    display character varying(200),
    system character varying(100)
);


ALTER TABLE public.context_event OWNER TO postgres;

--
-- TOC entry 206 (class 1259 OID 17108)
-- Name: context_event_id_seq; Type: SEQUENCE; Schema: public; Owner: postgres
--

CREATE SEQUENCE public.context_event_id_seq
    START WITH 1
    INCREMENT BY 1
    NO MINVALUE
    NO MAXVALUE
    CACHE 1;


ALTER TABLE public.context_event_id_seq OWNER TO postgres;

--
-- TOC entry 2665 (class 0 OID 0)
-- Dependencies: 206
-- Name: context_event_id_seq; Type: SEQUENCE OWNED BY; Schema: public; Owner: postgres
--

ALTER SEQUENCE public.context_event_id_seq OWNED BY public.context_event.id;


--
-- TOC entry 207 (class 1259 OID 17110)
-- Name: context_facility_type; Type: TABLE; Schema: public; Owner: postgres
--

CREATE TABLE public.context_facility_type (
    id integer NOT NULL,
    code character varying(100),
    display character varying(200),
    system character varying(100)
);


ALTER TABLE public.context_facility_type OWNER TO postgres;

--
-- TOC entry 208 (class 1259 OID 17113)
-- Name: context_facility_type_id_seq; Type: SEQUENCE; Schema: public; Owner: postgres
--

CREATE SEQUENCE public.context_facility_type_id_seq
    START WITH 1
    INCREMENT BY 1
    NO MINVALUE
    NO MAXVALUE
    CACHE 1;


ALTER TABLE public.context_facility_type_id_seq OWNER TO postgres;

--
-- TOC entry 2666 (class 0 OID 0)
-- Dependencies: 208
-- Name: context_facility_type_id_seq; Type: SEQUENCE OWNED BY; Schema: public; Owner: postgres
--

ALTER SEQUENCE public.context_facility_type_id_seq OWNED BY public.context_facility_type.id;


--
-- TOC entry 209 (class 1259 OID 17115)
-- Name: context_period; Type: TABLE; Schema: public; Owner: postgres
--

CREATE TABLE public.context_period (
    id integer NOT NULL,
    start timestamp with time zone,
    "end" timestamp with time zone
);


ALTER TABLE public.context_period OWNER TO postgres;

--
-- TOC entry 210 (class 1259 OID 17118)
-- Name: custodian; Type: TABLE; Schema: public; Owner: postgres
--

CREATE TABLE public.custodian (
    id integer NOT NULL,
    name character varying(100)
);


ALTER TABLE public.custodian OWNER TO postgres;

--
-- TOC entry 211 (class 1259 OID 17121)
-- Name: custodian_id_seq; Type: SEQUENCE; Schema: public; Owner: postgres
--

CREATE SEQUENCE public.custodian_id_seq
    START WITH 1
    INCREMENT BY 1
    NO MINVALUE
    NO MAXVALUE
    CACHE 1;


ALTER TABLE public.custodian_id_seq OWNER TO postgres;

--
-- TOC entry 2667 (class 0 OID 0)
-- Dependencies: 211
-- Name: custodian_id_seq; Type: SEQUENCE OWNED BY; Schema: public; Owner: postgres
--

ALTER SEQUENCE public.custodian_id_seq OWNED BY public.custodian.id;


--
-- TOC entry 212 (class 1259 OID 17123)
-- Name: device; Type: TABLE; Schema: public; Owner: postgres
--

CREATE TABLE public.device (
    id integer NOT NULL,
    status character varying(150),
    patient integer,
    type_code character varying(255),
    type_system character varying(255),
    type_display character varying(255),
    text_status character varying(255),
    text_div text,
    identifier_value character varying(255),
    identifier_system character varying(255),
    identifier_type_code character varying(255),
    identifier_type_system character varying(255),
    identifier_type_text character varying(255),
    identifier_type_value character varying(255),
    udi json,
    expiration_date date,
    safety json
);


ALTER TABLE public.device OWNER TO postgres;

--
-- TOC entry 213 (class 1259 OID 17129)
-- Name: device_id_seq; Type: SEQUENCE; Schema: public; Owner: postgres
--

CREATE SEQUENCE public.device_id_seq
    START WITH 1
    INCREMENT BY 1
    NO MINVALUE
    NO MAXVALUE
    CACHE 1;


ALTER TABLE public.device_id_seq OWNER TO postgres;

--
-- TOC entry 2668 (class 0 OID 0)
-- Dependencies: 213
-- Name: device_id_seq; Type: SEQUENCE OWNED BY; Schema: public; Owner: postgres
--

ALTER SEQUENCE public.device_id_seq OWNED BY public.device.id;


--
-- TOC entry 214 (class 1259 OID 17131)
-- Name: diagnosticreport; Type: TABLE; Schema: public; Owner: postgres
--

CREATE TABLE public.diagnosticreport (
    id integer NOT NULL,
    status character varying(255),
    cat_code character varying(255),
    cat_system character varying(255),
    cat_display character varying(255),
    cat_text character varying(255),
    code character varying(255),
    code_system character varying(255),
    code_display character varying(255),
    code_text character varying(255),
    subject integer,
    effectivedate date,
    issued date,
    result integer,
    identifier_system character varying(255),
    identifier_value character varying(255),
    last_updated_ts timestamp without time zone DEFAULT timezone('UTC'::text, now()) NOT NULL,
    basedon integer,
    performer_role json,
    performer_actor json
);


ALTER TABLE public.diagnosticreport OWNER TO postgres;

--
-- TOC entry 215 (class 1259 OID 17138)
-- Name: diagnosticreport_id_seq; Type: SEQUENCE; Schema: public; Owner: postgres
--

CREATE SEQUENCE public.diagnosticreport_id_seq
    START WITH 1
    INCREMENT BY 1
    NO MINVALUE
    NO MAXVALUE
    CACHE 1;


ALTER TABLE public.diagnosticreport_id_seq OWNER TO postgres;

--
-- TOC entry 2669 (class 0 OID 0)
-- Dependencies: 215
-- Name: diagnosticreport_id_seq; Type: SEQUENCE OWNED BY; Schema: public; Owner: postgres
--

ALTER SEQUENCE public.diagnosticreport_id_seq OWNED BY public.diagnosticreport.id;


--
-- TOC entry 216 (class 1259 OID 17140)
-- Name: doc_class_codes; Type: TABLE; Schema: public; Owner: postgres
--

CREATE TABLE public.doc_class_codes (
    id integer NOT NULL,
    code character varying(100),
    display character varying(200),
    system character varying(100)
);


ALTER TABLE public.doc_class_codes OWNER TO postgres;

--
-- TOC entry 217 (class 1259 OID 17143)
-- Name: doc_class_codes_id_seq; Type: SEQUENCE; Schema: public; Owner: postgres
--

CREATE SEQUENCE public.doc_class_codes_id_seq
    START WITH 1
    INCREMENT BY 1
    NO MINVALUE
    NO MAXVALUE
    CACHE 1;


ALTER TABLE public.doc_class_codes_id_seq OWNER TO postgres;

--
-- TOC entry 2670 (class 0 OID 0)
-- Dependencies: 217
-- Name: doc_class_codes_id_seq; Type: SEQUENCE OWNED BY; Schema: public; Owner: postgres
--

ALTER SEQUENCE public.doc_class_codes_id_seq OWNED BY public.doc_class_codes.id;


--
-- TOC entry 218 (class 1259 OID 17145)
-- Name: doc_type_codes; Type: TABLE; Schema: public; Owner: postgres
--

CREATE TABLE public.doc_type_codes (
    id integer NOT NULL,
    code character varying(100),
    display character varying(200),
    system character varying(100)
);


ALTER TABLE public.doc_type_codes OWNER TO postgres;

--
-- TOC entry 219 (class 1259 OID 17148)
-- Name: doc_type_codes_id_seq; Type: SEQUENCE; Schema: public; Owner: postgres
--

CREATE SEQUENCE public.doc_type_codes_id_seq
    START WITH 1
    INCREMENT BY 1
    NO MINVALUE
    NO MAXVALUE
    CACHE 1;


ALTER TABLE public.doc_type_codes_id_seq OWNER TO postgres;

--
-- TOC entry 2671 (class 0 OID 0)
-- Dependencies: 219
-- Name: doc_type_codes_id_seq; Type: SEQUENCE OWNED BY; Schema: public; Owner: postgres
--

ALTER SEQUENCE public.doc_type_codes_id_seq OWNED BY public.doc_type_codes.id;


--
-- TOC entry 220 (class 1259 OID 17150)
-- Name: document_reference; Type: TABLE; Schema: public; Owner: postgres
--

CREATE TABLE public.document_reference (
    id integer NOT NULL,
    master_dentifier_system character varying(100),
    master_dentifier_value character varying(100),
    identifier_use character varying(100),
    identifier_system character varying(100),
    identifier_value character varying(100),
    subject integer,
    type integer,
    class_code integer,
    document_format character varying(100),
    author integer,
    custodian integer,
    authenticator integer,
    created timestamp without time zone,
    indexed timestamp with time zone,
    status character varying(50),
    doc_status character varying(50),
    description character varying(1000),
    confidentiality integer,
    content integer,
    context_event integer,
    context_period integer,
    context_facility_type integer
);


ALTER TABLE public.document_reference OWNER TO postgres;

--
-- TOC entry 221 (class 1259 OID 17156)
-- Name: document_reference_json; Type: TABLE; Schema: public; Owner: postgres
--

CREATE TABLE public.document_reference_json (
    id integer NOT NULL,
    master_dentifier json,
    identifier json,
    subject integer,
    type integer,
    class_code integer,
    document_format character varying(100)
);


ALTER TABLE public.document_reference_json OWNER TO postgres;

--
-- TOC entry 222 (class 1259 OID 17162)
-- Name: document_reference_id_seq; Type: SEQUENCE; Schema: public; Owner: postgres
--

CREATE SEQUENCE public.document_reference_id_seq
    START WITH 1
    INCREMENT BY 1
    NO MINVALUE
    NO MAXVALUE
    CACHE 1;


ALTER TABLE public.document_reference_id_seq OWNER TO postgres;

--
-- TOC entry 2672 (class 0 OID 0)
-- Dependencies: 222
-- Name: document_reference_id_seq; Type: SEQUENCE OWNED BY; Schema: public; Owner: postgres
--

ALTER SEQUENCE public.document_reference_id_seq OWNED BY public.document_reference_json.id;


--
-- TOC entry 223 (class 1259 OID 17164)
-- Name: document_reference_id_seq1; Type: SEQUENCE; Schema: public; Owner: postgres
--

CREATE SEQUENCE public.document_reference_id_seq1
    START WITH 1
    INCREMENT BY 1
    NO MINVALUE
    NO MAXVALUE
    CACHE 1;


ALTER TABLE public.document_reference_id_seq1 OWNER TO postgres;

--
-- TOC entry 2673 (class 0 OID 0)
-- Dependencies: 223
-- Name: document_reference_id_seq1; Type: SEQUENCE OWNED BY; Schema: public; Owner: postgres
--

ALTER SEQUENCE public.document_reference_id_seq1 OWNED BY public.document_reference.id;


--
-- TOC entry 224 (class 1259 OID 17166)
-- Name: event_period_id_seq; Type: SEQUENCE; Schema: public; Owner: postgres
--

CREATE SEQUENCE public.event_period_id_seq
    START WITH 1
    INCREMENT BY 1
    NO MINVALUE
    NO MAXVALUE
    CACHE 1;


ALTER TABLE public.event_period_id_seq OWNER TO postgres;

--
-- TOC entry 2674 (class 0 OID 0)
-- Dependencies: 224
-- Name: event_period_id_seq; Type: SEQUENCE OWNED BY; Schema: public; Owner: postgres
--

ALTER SEQUENCE public.event_period_id_seq OWNED BY public.context_period.id;


--
-- TOC entry 225 (class 1259 OID 17168)
-- Name: goals; Type: TABLE; Schema: public; Owner: postgres
--

CREATE TABLE public.goals (
    id integer NOT NULL,
    status character varying(150),
    date date,
    subject integer,
    status_reason character varying(255),
    description json,
    expressed_by integer,
    measure json,
    range_low json,
    range_high json
);


ALTER TABLE public.goals OWNER TO postgres;

--
-- TOC entry 226 (class 1259 OID 17174)
-- Name: goals_id_seq; Type: SEQUENCE; Schema: public; Owner: postgres
--

CREATE SEQUENCE public.goals_id_seq
    START WITH 1
    INCREMENT BY 1
    NO MINVALUE
    NO MAXVALUE
    CACHE 1;


ALTER TABLE public.goals_id_seq OWNER TO postgres;

--
-- TOC entry 2675 (class 0 OID 0)
-- Dependencies: 226
-- Name: goals_id_seq; Type: SEQUENCE OWNED BY; Schema: public; Owner: postgres
--

ALTER SEQUENCE public.goals_id_seq OWNED BY public.goals.id;


--
-- TOC entry 227 (class 1259 OID 17176)
-- Name: immunization; Type: TABLE; Schema: public; Owner: postgres
--

CREATE TABLE public.immunization (
    id integer NOT NULL,
    status character varying(150),
    date date,
    vaccine_system character varying(255),
    vaccine_code character varying(255),
    vaccine_display character varying(255),
    patient integer,
    notgiven boolean,
    primary_source boolean,
    report_origin json,
    practitioner_role json,
    practitioner_actor json
);


ALTER TABLE public.immunization OWNER TO postgres;

--
-- TOC entry 228 (class 1259 OID 17182)
-- Name: immunization_id_seq; Type: SEQUENCE; Schema: public; Owner: postgres
--

CREATE SEQUENCE public.immunization_id_seq
    START WITH 1
    INCREMENT BY 1
    NO MINVALUE
    NO MAXVALUE
    CACHE 1;


ALTER TABLE public.immunization_id_seq OWNER TO postgres;

--
-- TOC entry 2676 (class 0 OID 0)
-- Dependencies: 228
-- Name: immunization_id_seq; Type: SEQUENCE OWNED BY; Schema: public; Owner: postgres
--

ALTER SEQUENCE public.immunization_id_seq OWNED BY public.immunization.id;


--
-- TOC entry 229 (class 1259 OID 17184)
-- Name: location; Type: TABLE; Schema: public; Owner: postgres
--

CREATE TABLE public.location (
    location_id integer NOT NULL,
    identifier json,
    status character varying(255),
    name character varying(255),
    description character varying(255),
    mode character varying(255),
    type json,
    telecom json,
    address json,
    physicaltype json,
    "position" json,
    managingorganization character varying(255),
    partof character varying(255),
    operational_status json,
    alias character varying(255)
);


ALTER TABLE public.location OWNER TO postgres;

--
-- TOC entry 230 (class 1259 OID 17190)
-- Name: location_location_id_seq; Type: SEQUENCE; Schema: public; Owner: postgres
--

CREATE SEQUENCE public.location_location_id_seq
    START WITH 1
    INCREMENT BY 1
    NO MINVALUE
    NO MAXVALUE
    CACHE 1;


ALTER TABLE public.location_location_id_seq OWNER TO postgres;

--
-- TOC entry 2677 (class 0 OID 0)
-- Dependencies: 230
-- Name: location_location_id_seq; Type: SEQUENCE OWNED BY; Schema: public; Owner: postgres
--

ALTER SEQUENCE public.location_location_id_seq OWNED BY public.location.location_id;


--
-- TOC entry 231 (class 1259 OID 17192)
-- Name: manufacturer; Type: TABLE; Schema: public; Owner: postgres
--

CREATE TABLE public.manufacturer (
    id integer NOT NULL,
    name character(100)
);


ALTER TABLE public.manufacturer OWNER TO postgres;

--
-- TOC entry 232 (class 1259 OID 17195)
-- Name: marital_status; Type: TABLE; Schema: public; Owner: postgres
--

CREATE TABLE public.marital_status (
    code character(1) NOT NULL,
    display character varying(30)
);


ALTER TABLE public.marital_status OWNER TO postgres;

--
-- TOC entry 233 (class 1259 OID 17198)
-- Name: medication; Type: TABLE; Schema: public; Owner: postgres
--

CREATE TABLE public.medication (
    id integer NOT NULL,
    med_code character varying(100),
    med_isbrand boolean,
    med_manufacturer integer,
    med_display character(100),
    med_system character varying,
    status character varying(255),
    isoverthecounter boolean,
    form json,
    ingredient_item json,
    ingredient_denominator json,
    ingredient_numerator json,
    package_container json,
    package_batch json,
    package_content_item json,
    package_content_amount json
);


ALTER TABLE public.medication OWNER TO postgres;

--
-- TOC entry 234 (class 1259 OID 17204)
-- Name: medication_administration; Type: TABLE; Schema: public; Owner: postgres
--

CREATE TABLE public.medication_administration (
    id integer NOT NULL,
    identifier_system character(100),
    identifier_value character(100),
    status character(50),
    subject integer,
    prescription integer,
    notgiven boolean,
    medicationcodeableconcept json,
    medicationreference integer,
    dosage json,
    definition integer,
    partof integer,
    category json,
    context integer,
    supporting_info integer,
    effective json,
    reasonnotgiven json,
    performer_actor json,
    performer_onbehalfof json,
    reason_code json
);


ALTER TABLE public.medication_administration OWNER TO postgres;

--
-- TOC entry 235 (class 1259 OID 17210)
-- Name: medication_dispense; Type: TABLE; Schema: public; Owner: postgres
--

CREATE TABLE public.medication_dispense (
    id integer NOT NULL,
    identifier_system character(100),
    identifier_value character(100),
    patient integer,
    dispenser integer,
    authorizingprescription integer,
    medicationreference integer,
    dosageinstruction json,
    status character(100),
    medicationcodeableconcept json
);


ALTER TABLE public.medication_dispense OWNER TO postgres;

--
-- TOC entry 236 (class 1259 OID 17216)
-- Name: medication_request; Type: TABLE; Schema: public; Owner: postgres
--

CREATE TABLE public.medication_request (
    id integer NOT NULL,
    identifier json,
    definition integer,
    basedon integer,
    groupidentifier json,
    status character varying(255),
    intent character varying(255),
    category json,
    priority character varying(255),
    medication json,
    subject integer,
    context integer,
    supportinginfo integer,
    authoredon date,
    requester json,
    recorder integer,
    reasoncode json,
    reasonreference integer,
    notes text,
    dosageinstruction json,
    dispenserequest_period json,
    dispenserequest_quantity json,
    dispenserequest_supply json,
    substitution json,
    priorpresciption integer,
    detectedissue integer,
    eventhistory integer,
    medication_reference integer
);


ALTER TABLE public.medication_request OWNER TO postgres;

--
-- TOC entry 237 (class 1259 OID 17222)
-- Name: medication_request_id_seq; Type: SEQUENCE; Schema: public; Owner: postgres
--

CREATE SEQUENCE public.medication_request_id_seq
    START WITH 1
    INCREMENT BY 1
    NO MINVALUE
    NO MAXVALUE
    CACHE 1;


ALTER TABLE public.medication_request_id_seq OWNER TO postgres;

--
-- TOC entry 2678 (class 0 OID 0)
-- Dependencies: 237
-- Name: medication_request_id_seq; Type: SEQUENCE OWNED BY; Schema: public; Owner: postgres
--

ALTER SEQUENCE public.medication_request_id_seq OWNED BY public.medication_request.id;


--
-- TOC entry 238 (class 1259 OID 17224)
-- Name: medication_statement; Type: TABLE; Schema: public; Owner: postgres
--

CREATE TABLE public.medication_statement (
    id integer NOT NULL,
    subject integer,
    effectiveperiod date,
    medicationcodeableconcept json,
    medicationreference integer,
    dosage json,
    identifier_system character(100),
    identifier_value character(100),
    status character(50),
    basedon integer,
    partof integer,
    category json,
    information_source integer,
    context integer,
    derivedfrom integer,
    taken character varying(255),
    reason_code json,
    reason_reference integer,
    reasonnottaken json
);


ALTER TABLE public.medication_statement OWNER TO postgres;

--
-- TOC entry 239 (class 1259 OID 17230)
-- Name: observation; Type: TABLE; Schema: public; Owner: postgres
--

CREATE TABLE public.observation (
    id integer NOT NULL,
    code character varying(255),
    code_system character varying(100),
    code_display character varying(255),
    code_text character varying(255),
    cat_code character varying(255),
    cat_system character varying(255),
    cat_display character varying(255),
    cat_text character varying(255),
    val_code character varying(255),
    val_system character varying(255),
    val_display character varying(255),
    val_text character varying(255),
    status character varying(255),
    patient integer,
    last_updated_ts timestamp without time zone DEFAULT timezone('UTC'::text, now()) NOT NULL,
    val_quan_value double precision,
    val_quan_sys character varying(100),
    val_quan_unit character varying(100),
    effective_date timestamp without time zone,
    val_quan_code character varying(100),
    bp_code character varying(255),
    issued_date date,
    identifier_system character varying(255),
    identifier_value character varying(255),
    reference_low json,
    reference_high json,
    related json
);


ALTER TABLE public.observation OWNER TO postgres;

--
-- TOC entry 240 (class 1259 OID 17237)
-- Name: observation_id_seq; Type: SEQUENCE; Schema: public; Owner: postgres
--

CREATE SEQUENCE public.observation_id_seq
    START WITH 1
    INCREMENT BY 1
    NO MINVALUE
    NO MAXVALUE
    CACHE 1;


ALTER TABLE public.observation_id_seq OWNER TO postgres;

--
-- TOC entry 2679 (class 0 OID 0)
-- Dependencies: 240
-- Name: observation_id_seq; Type: SEQUENCE OWNED BY; Schema: public; Owner: postgres
--

ALTER SEQUENCE public.observation_id_seq OWNED BY public.observation.id;


--
-- TOC entry 241 (class 1259 OID 17239)
-- Name: organization; Type: TABLE; Schema: public; Owner: postgres
--

CREATE TABLE public.organization (
    id integer NOT NULL,
    identifier json,
    active boolean,
    telecom json,
    type json,
    address json,
    name character varying(255)
);


ALTER TABLE public.organization OWNER TO postgres;

--
-- TOC entry 242 (class 1259 OID 17245)
-- Name: patient; Type: TABLE; Schema: public; Owner: postgres
--

CREATE TABLE public.patient (
    id integer NOT NULL,
    identifier_system character varying(100),
    identifier_value character varying(100),
    name character varying(100)
);


ALTER TABLE public.patient OWNER TO postgres;

--
-- TOC entry 243 (class 1259 OID 17248)
-- Name: patient_contact; Type: TABLE; Schema: public; Owner: postgres
--

CREATE TABLE public.patient_contact (
    id integer NOT NULL,
    patient_id integer,
    relationship character varying(20),
    contact_name character varying(100),
    phone character varying(15),
    address_use character varying(10),
    address_line_1 character varying(100),
    address_line_2 character varying(100),
    address_city character varying(50),
    address_state character varying(50),
    address_zip character varying(10),
    address_country character varying
);


ALTER TABLE public.patient_contact OWNER TO postgres;

--
-- TOC entry 244 (class 1259 OID 17254)
-- Name: patient_contact_id_seq; Type: SEQUENCE; Schema: public; Owner: postgres
--

CREATE SEQUENCE public.patient_contact_id_seq
    START WITH 1
    INCREMENT BY 1
    NO MINVALUE
    NO MAXVALUE
    CACHE 1;


ALTER TABLE public.patient_contact_id_seq OWNER TO postgres;

--
-- TOC entry 2680 (class 0 OID 0)
-- Dependencies: 244
-- Name: patient_contact_id_seq; Type: SEQUENCE OWNED BY; Schema: public; Owner: postgres
--

ALTER SEQUENCE public.patient_contact_id_seq OWNED BY public.patient_contact.id;


--
-- TOC entry 245 (class 1259 OID 17256)
-- Name: patient_json; Type: TABLE; Schema: public; Owner: postgres
--

CREATE TABLE public.patient_json (
    id integer NOT NULL,
    identifier json,
    full_name character varying(100),
    telecom json,
    gender character varying(10),
    birth_date date,
    marital_status character(1),
    active boolean,
    race character varying(10),
    ethnicity character varying(10),
    religion character varying(10),
    mothers_maiden_name character varying(100),
    address_line1 character varying(100),
    address_line2 character varying(100),
    address_city character varying(50),
    address_state character varying(50),
    address_zip character varying(15),
    address_country character varying(100),
    family_name character varying(100),
    given_name character varying(50),
    birth_place json,
    birthsex character varying,
    link json,
    general_practitioner integer,
    communication_language json
);


ALTER TABLE public.patient_json OWNER TO postgres;

--
-- TOC entry 246 (class 1259 OID 17262)
-- Name: patient_id_seq; Type: SEQUENCE; Schema: public; Owner: postgres
--

CREATE SEQUENCE public.patient_id_seq
    START WITH 1
    INCREMENT BY 1
    NO MINVALUE
    NO MAXVALUE
    CACHE 1;


ALTER TABLE public.patient_id_seq OWNER TO postgres;

--
-- TOC entry 2681 (class 0 OID 0)
-- Dependencies: 246
-- Name: patient_id_seq; Type: SEQUENCE OWNED BY; Schema: public; Owner: postgres
--

ALTER SEQUENCE public.patient_id_seq OWNED BY public.patient_json.id;


--
-- TOC entry 247 (class 1259 OID 17264)
-- Name: patient_id_seq1; Type: SEQUENCE; Schema: public; Owner: postgres
--

CREATE SEQUENCE public.patient_id_seq1
    START WITH 1
    INCREMENT BY 1
    NO MINVALUE
    NO MAXVALUE
    CACHE 1;


ALTER TABLE public.patient_id_seq1 OWNER TO postgres;

--
-- TOC entry 2682 (class 0 OID 0)
-- Dependencies: 247
-- Name: patient_id_seq1; Type: SEQUENCE OWNED BY; Schema: public; Owner: postgres
--

ALTER SEQUENCE public.patient_id_seq1 OWNED BY public.patient.id;


--
-- TOC entry 248 (class 1259 OID 17266)
-- Name: practitioner; Type: TABLE; Schema: public; Owner: postgres
--

CREATE TABLE public.practitioner (
    id integer NOT NULL,
    telecom json,
    practitionerrole character varying,
    text json,
    identifier json,
    family_name character varying,
    given_name character varying
);


ALTER TABLE public.practitioner OWNER TO postgres;

--
-- TOC entry 249 (class 1259 OID 17272)
-- Name: procedure; Type: TABLE; Schema: public; Owner: postgres
--

CREATE TABLE public.procedure (
    procedure_id integer NOT NULL,
    identifier json,
    subject integer,
    status character varying(255),
    category json,
    code json,
    notperformed boolean,
    reasonnotperformed json,
    bodysite json,
    reason json,
    performer_actor json,
    performer_role json,
    encounter integer,
    location integer,
    outcome json,
    report integer,
    complication json,
    followup json,
    request integer,
    notes text,
    focaldevice json,
    used integer,
    performed date,
    used_code json
);


ALTER TABLE public.procedure OWNER TO postgres;

--
-- TOC entry 250 (class 1259 OID 17278)
-- Name: procedure_procedure_id_seq; Type: SEQUENCE; Schema: public; Owner: postgres
--

CREATE SEQUENCE public.procedure_procedure_id_seq
    START WITH 1
    INCREMENT BY 1
    NO MINVALUE
    NO MAXVALUE
    CACHE 1;


ALTER TABLE public.procedure_procedure_id_seq OWNER TO postgres;

--
-- TOC entry 2683 (class 0 OID 0)
-- Dependencies: 250
-- Name: procedure_procedure_id_seq; Type: SEQUENCE OWNED BY; Schema: public; Owner: postgres
--

ALTER SEQUENCE public.procedure_procedure_id_seq OWNED BY public.procedure.procedure_id;


--
-- TOC entry 251 (class 1259 OID 17280)
-- Name: questionnaire; Type: TABLE; Schema: public; Owner: postgres
--

CREATE TABLE public.questionnaire (
    id integer NOT NULL,
    questionnaire json
);


ALTER TABLE public.questionnaire OWNER TO postgres;

--
-- TOC entry 252 (class 1259 OID 17286)
-- Name: questionnaire_id_seq; Type: SEQUENCE; Schema: public; Owner: postgres
--

CREATE SEQUENCE public.questionnaire_id_seq
    START WITH 1
    INCREMENT BY 1
    NO MINVALUE
    NO MAXVALUE
    CACHE 1;


ALTER TABLE public.questionnaire_id_seq OWNER TO postgres;

--
-- TOC entry 2684 (class 0 OID 0)
-- Dependencies: 252
-- Name: questionnaire_id_seq; Type: SEQUENCE OWNED BY; Schema: public; Owner: postgres
--

ALTER SEQUENCE public.questionnaire_id_seq OWNED BY public.questionnaire.id;


--
-- TOC entry 253 (class 1259 OID 17288)
-- Name: questionnaireresponse; Type: TABLE; Schema: public; Owner: postgres
--

CREATE TABLE public.questionnaireresponse (
    qr_id integer NOT NULL,
    questionnaire_id integer,
    questionnaire_response json
);


ALTER TABLE public.questionnaireresponse OWNER TO postgres;

--
-- TOC entry 254 (class 1259 OID 17294)
-- Name: questionnaireresponse_qr_id_seq; Type: SEQUENCE; Schema: public; Owner: postgres
--

CREATE SEQUENCE public.questionnaireresponse_qr_id_seq
    START WITH 1
    INCREMENT BY 1
    NO MINVALUE
    NO MAXVALUE
    CACHE 1;


ALTER TABLE public.questionnaireresponse_qr_id_seq OWNER TO postgres;

--
-- TOC entry 2685 (class 0 OID 0)
-- Dependencies: 254
-- Name: questionnaireresponse_qr_id_seq; Type: SEQUENCE OWNED BY; Schema: public; Owner: postgres
--

ALTER SEQUENCE public.questionnaireresponse_qr_id_seq OWNED BY public.questionnaireresponse.qr_id;


--
-- TOC entry 255 (class 1259 OID 17296)
-- Name: register; Type: TABLE; Schema: public; Owner: postgres
--

CREATE TABLE public.register (
    id integer NOT NULL,
    client_id character varying(255),
    client_secret character varying(255),
    contact_mail character varying(255),
    contact_name character varying(255),
    name character varying(255),
    org_name character varying(255),
    redirect_uri character varying(255),
    register_token character varying(255),
    scope character varying(255)
);


ALTER TABLE public.register OWNER TO postgres;

--
-- TOC entry 256 (class 1259 OID 17302)
-- Name: register_id_seq; Type: SEQUENCE; Schema: public; Owner: postgres
--

CREATE SEQUENCE public.register_id_seq
    START WITH 1
    INCREMENT BY 1
    NO MINVALUE
    NO MAXVALUE
    CACHE 1;


ALTER TABLE public.register_id_seq OWNER TO postgres;

--
-- TOC entry 2686 (class 0 OID 0)
-- Dependencies: 256
-- Name: register_id_seq; Type: SEQUENCE OWNED BY; Schema: public; Owner: postgres
--

ALTER SEQUENCE public.register_id_seq OWNED BY public.register.id;


--
-- TOC entry 257 (class 1259 OID 17304)
-- Name: us_core_birthsex; Type: TABLE; Schema: public; Owner: postgres
--

CREATE TABLE public.us_core_birthsex (
    code character varying(10) NOT NULL,
    display character varying(200),
    code_system character varying(255)
);


ALTER TABLE public.us_core_birthsex OWNER TO postgres;

--
-- TOC entry 258 (class 1259 OID 17307)
-- Name: us_core_ethnicity; Type: TABLE; Schema: public; Owner: postgres
--

CREATE TABLE public.us_core_ethnicity (
    code character varying(10) NOT NULL,
    display character varying(200)
);


ALTER TABLE public.us_core_ethnicity OWNER TO postgres;

--
-- TOC entry 259 (class 1259 OID 17310)
-- Name: us_core_race; Type: TABLE; Schema: public; Owner: postgres
--

CREATE TABLE public.us_core_race (
    code character varying(10) NOT NULL,
    display character varying(200)
);


ALTER TABLE public.us_core_race OWNER TO postgres;

--
-- TOC entry 260 (class 1259 OID 17313)
-- Name: us_core_religion; Type: TABLE; Schema: public; Owner: postgres
--

CREATE TABLE public.us_core_religion (
    code character varying(10) NOT NULL,
    display character varying(200)
);


ALTER TABLE public.us_core_religion OWNER TO postgres;

--
-- TOC entry 261 (class 1259 OID 17316)
-- Name: users; Type: TABLE; Schema: public; Owner: postgres
--

CREATE TABLE public.users (
    user_id integer NOT NULL,
    user_name character varying(255),
    user_email character varying(150),
    user_full_name character varying(255),
    user_password character varying(100) NOT NULL,
    last_updated_ts timestamp without time zone DEFAULT timezone('UTC'::text, now()) NOT NULL
);


ALTER TABLE public.users OWNER TO postgres;

--
-- TOC entry 262 (class 1259 OID 17323)
-- Name: users_user_id_seq; Type: SEQUENCE; Schema: public; Owner: postgres
--

CREATE SEQUENCE public.users_user_id_seq
    START WITH 1
    INCREMENT BY 1
    NO MINVALUE
    NO MAXVALUE
    CACHE 1;


ALTER TABLE public.users_user_id_seq OWNER TO postgres;

--
-- TOC entry 2687 (class 0 OID 0)
-- Dependencies: 262
-- Name: users_user_id_seq; Type: SEQUENCE OWNED BY; Schema: public; Owner: postgres
--

ALTER SEQUENCE public.users_user_id_seq OWNED BY public.users.user_id;


--
-- TOC entry 2273 (class 2604 OID 17325)
-- Name: auth_temp id; Type: DEFAULT; Schema: public; Owner: postgres
--

ALTER TABLE ONLY public.auth_temp ALTER COLUMN id SET DEFAULT nextval('public.auth_temp_id_seq'::regclass);


--
-- TOC entry 2274 (class 2604 OID 17326)
-- Name: authenticator id; Type: DEFAULT; Schema: public; Owner: postgres
--

ALTER TABLE ONLY public.authenticator ALTER COLUMN id SET DEFAULT nextval('public.authenticator_id_seq'::regclass);


--
-- TOC entry 2275 (class 2604 OID 17327)
-- Name: author id; Type: DEFAULT; Schema: public; Owner: postgres
--

ALTER TABLE ONLY public.author ALTER COLUMN id SET DEFAULT nextval('public.author_id_seq'::regclass);


--
-- TOC entry 2276 (class 2604 OID 17328)
-- Name: careplan id; Type: DEFAULT; Schema: public; Owner: postgres
--

ALTER TABLE ONLY public.careplan ALTER COLUMN id SET DEFAULT nextval('public.careteam_id_seq'::regclass);


--
-- TOC entry 2277 (class 2604 OID 17329)
-- Name: careteam id; Type: DEFAULT; Schema: public; Owner: postgres
--

ALTER TABLE ONLY public.careteam ALTER COLUMN id SET DEFAULT nextval('public.careteam_id_seq1'::regclass);


--
-- TOC entry 2278 (class 2604 OID 17330)
-- Name: careteam_participant id; Type: DEFAULT; Schema: public; Owner: postgres
--

ALTER TABLE ONLY public.careteam_participant ALTER COLUMN id SET DEFAULT nextval('public.careteam_participant_id_seq'::regclass);


--
-- TOC entry 2280 (class 2604 OID 17331)
-- Name: clients id; Type: DEFAULT; Schema: public; Owner: postgres
--

ALTER TABLE ONLY public.clients ALTER COLUMN id SET DEFAULT nextval('public.clients_id_seq'::regclass);


--
-- TOC entry 2281 (class 2604 OID 17332)
-- Name: confidentiality id; Type: DEFAULT; Schema: public; Owner: postgres
--

ALTER TABLE ONLY public.confidentiality ALTER COLUMN id SET DEFAULT nextval('public.confidentiality_id_seq'::regclass);


--
-- TOC entry 2282 (class 2604 OID 17333)
-- Name: content id; Type: DEFAULT; Schema: public; Owner: postgres
--

ALTER TABLE ONLY public.content ALTER COLUMN id SET DEFAULT nextval('public.content_id_seq'::regclass);


--
-- TOC entry 2283 (class 2604 OID 17334)
-- Name: context_event id; Type: DEFAULT; Schema: public; Owner: postgres
--

ALTER TABLE ONLY public.context_event ALTER COLUMN id SET DEFAULT nextval('public.context_event_id_seq'::regclass);


--
-- TOC entry 2284 (class 2604 OID 17335)
-- Name: context_facility_type id; Type: DEFAULT; Schema: public; Owner: postgres
--

ALTER TABLE ONLY public.context_facility_type ALTER COLUMN id SET DEFAULT nextval('public.context_facility_type_id_seq'::regclass);


--
-- TOC entry 2285 (class 2604 OID 17336)
-- Name: context_period id; Type: DEFAULT; Schema: public; Owner: postgres
--

ALTER TABLE ONLY public.context_period ALTER COLUMN id SET DEFAULT nextval('public.event_period_id_seq'::regclass);


--
-- TOC entry 2286 (class 2604 OID 17337)
-- Name: custodian id; Type: DEFAULT; Schema: public; Owner: postgres
--

ALTER TABLE ONLY public.custodian ALTER COLUMN id SET DEFAULT nextval('public.custodian_id_seq'::regclass);


--
-- TOC entry 2287 (class 2604 OID 17338)
-- Name: device id; Type: DEFAULT; Schema: public; Owner: postgres
--

ALTER TABLE ONLY public.device ALTER COLUMN id SET DEFAULT nextval('public.device_id_seq'::regclass);


--
-- TOC entry 2289 (class 2604 OID 17339)
-- Name: diagnosticreport id; Type: DEFAULT; Schema: public; Owner: postgres
--

ALTER TABLE ONLY public.diagnosticreport ALTER COLUMN id SET DEFAULT nextval('public.diagnosticreport_id_seq'::regclass);


--
-- TOC entry 2290 (class 2604 OID 17340)
-- Name: doc_class_codes id; Type: DEFAULT; Schema: public; Owner: postgres
--

ALTER TABLE ONLY public.doc_class_codes ALTER COLUMN id SET DEFAULT nextval('public.doc_class_codes_id_seq'::regclass);


--
-- TOC entry 2291 (class 2604 OID 17341)
-- Name: doc_type_codes id; Type: DEFAULT; Schema: public; Owner: postgres
--

ALTER TABLE ONLY public.doc_type_codes ALTER COLUMN id SET DEFAULT nextval('public.doc_type_codes_id_seq'::regclass);


--
-- TOC entry 2292 (class 2604 OID 17342)
-- Name: document_reference id; Type: DEFAULT; Schema: public; Owner: postgres
--

ALTER TABLE ONLY public.document_reference ALTER COLUMN id SET DEFAULT nextval('public.document_reference_id_seq1'::regclass);


--
-- TOC entry 2293 (class 2604 OID 17343)
-- Name: document_reference_json id; Type: DEFAULT; Schema: public; Owner: postgres
--

ALTER TABLE ONLY public.document_reference_json ALTER COLUMN id SET DEFAULT nextval('public.document_reference_id_seq'::regclass);


--
-- TOC entry 2294 (class 2604 OID 17344)
-- Name: goals id; Type: DEFAULT; Schema: public; Owner: postgres
--

ALTER TABLE ONLY public.goals ALTER COLUMN id SET DEFAULT nextval('public.goals_id_seq'::regclass);


--
-- TOC entry 2295 (class 2604 OID 17345)
-- Name: immunization id; Type: DEFAULT; Schema: public; Owner: postgres
--

ALTER TABLE ONLY public.immunization ALTER COLUMN id SET DEFAULT nextval('public.immunization_id_seq'::regclass);


--
-- TOC entry 2296 (class 2604 OID 17346)
-- Name: location location_id; Type: DEFAULT; Schema: public; Owner: postgres
--

ALTER TABLE ONLY public.location ALTER COLUMN location_id SET DEFAULT nextval('public.location_location_id_seq'::regclass);


--
-- TOC entry 2297 (class 2604 OID 17347)
-- Name: medication_request id; Type: DEFAULT; Schema: public; Owner: postgres
--

ALTER TABLE ONLY public.medication_request ALTER COLUMN id SET DEFAULT nextval('public.medication_request_id_seq'::regclass);


--
-- TOC entry 2299 (class 2604 OID 17348)
-- Name: observation id; Type: DEFAULT; Schema: public; Owner: postgres
--

ALTER TABLE ONLY public.observation ALTER COLUMN id SET DEFAULT nextval('public.observation_id_seq'::regclass);


--
-- TOC entry 2300 (class 2604 OID 17349)
-- Name: patient id; Type: DEFAULT; Schema: public; Owner: postgres
--

ALTER TABLE ONLY public.patient ALTER COLUMN id SET DEFAULT nextval('public.patient_id_seq1'::regclass);


--
-- TOC entry 2301 (class 2604 OID 17350)
-- Name: patient_contact id; Type: DEFAULT; Schema: public; Owner: postgres
--

ALTER TABLE ONLY public.patient_contact ALTER COLUMN id SET DEFAULT nextval('public.patient_contact_id_seq'::regclass);


--
-- TOC entry 2302 (class 2604 OID 17351)
-- Name: patient_json id; Type: DEFAULT; Schema: public; Owner: postgres
--

ALTER TABLE ONLY public.patient_json ALTER COLUMN id SET DEFAULT nextval('public.patient_id_seq'::regclass);


--
-- TOC entry 2303 (class 2604 OID 17352)
-- Name: procedure procedure_id; Type: DEFAULT; Schema: public; Owner: postgres
--

ALTER TABLE ONLY public.procedure ALTER COLUMN procedure_id SET DEFAULT nextval('public.procedure_procedure_id_seq'::regclass);


--
-- TOC entry 2304 (class 2604 OID 17353)
-- Name: questionnaire id; Type: DEFAULT; Schema: public; Owner: postgres
--

ALTER TABLE ONLY public.questionnaire ALTER COLUMN id SET DEFAULT nextval('public.questionnaire_id_seq'::regclass);


--
-- TOC entry 2305 (class 2604 OID 17354)
-- Name: questionnaireresponse qr_id; Type: DEFAULT; Schema: public; Owner: postgres
--

ALTER TABLE ONLY public.questionnaireresponse ALTER COLUMN qr_id SET DEFAULT nextval('public.questionnaireresponse_qr_id_seq'::regclass);


--
-- TOC entry 2306 (class 2604 OID 17355)
-- Name: register id; Type: DEFAULT; Schema: public; Owner: postgres
--

ALTER TABLE ONLY public.register ALTER COLUMN id SET DEFAULT nextval('public.register_id_seq'::regclass);


--
-- TOC entry 2308 (class 2604 OID 17356)
-- Name: users user_id; Type: DEFAULT; Schema: public; Owner: postgres
--

ALTER TABLE ONLY public.users ALTER COLUMN user_id SET DEFAULT nextval('public.users_user_id_seq'::regclass);


--
-- TOC entry 2572 (class 0 OID 17031)
-- Dependencies: 185
-- Data for Name: allergy_intolerance; Type: TABLE DATA; Schema: public; Owner: postgres
--

COPY public.allergy_intolerance (id, identifier_system, identifier_value, patient, recorder, criticality, category, reaction, clinical_status, verification_status, code, asserted_date, asserter) FROM stdin;
10	https://sitenv.org                                                                                  	7709                                                                                                	8	1	HIGH                                                                                                	ENVIRONMENT                                                                                         	{"substance_code":"238575004","substance_display":"Allergic contact dermatitis","mainfest_code":"238575004","manifest_display":"Allergic contact dermatitis","manifest_system":"http://snomed.info/sct","manifest_text":"Allergic contact dermatitis","severity":"SEVERE"}	ACTIVE	CONFIRMED	{"system": "http://snomed.info/sct","code": "227493005","display": "Cashew nuts"}	2015-06-02	8
3	https://sitenv.org                                                                                  	7702                                                                                                	1	1	HIGH                                                                                                	FOOD                                                                                                	{"substance_code":"39579001","substance_display":"Anaphylaxis","mainfest_code":"39579001","manifest_display":"Anaphylaxis","manifest_system":"http://snomed.info/sct","manifest_text":"Anaphylaxis","severity":"SEVERE"}	ACTIVE	CONFIRMED	{"system": "http://snomed.info/sct","code": "227493005","display": "Cashew nuts"}	2015-10-09	1
7	https://sitenv.org                                                                                  	7706                                                                                                	5	1	HIGH                                                                                                	ENVIRONMENT                                                                                         	{"substance_code":"389145006","substance_display":"Allergic Asthma","mainfest_code":"389145006","manifest_display":"Allergic Asthma","manifest_system":"http://snomed.info/sct","manifest_text":"Allergic Asthma","severity":"SEVERE"}	ACTIVE	CONFIRMED	{"system": "http://snomed.info/sct","code": "227493005","display": "Cashew nuts"}	2015-04-05	5
5	https://sitenv.org                                                                                  	7704                                                                                                	1	1	HIGH                                                                                                	MEDICATION                                                                                          	{"substance_code":"4053","substance_display":"Pruritic Rash","mainfest_code":"64144002","manifest_display":"Pruritic Rash","manifest_system":"http://snomed.info/sct","manifest_text":"Pruritic Rash","severity":"SEVERE"}	ACTIVE	CONFIRMED	{"system": "http://www.nlm.nih.gov/research/umls/rxnorm","code": "7980","display": "Penicillin G"}	2014-10-09	1
6	https://sitenv.org                                                                                  	7705                                                                                                	4	1	HIGH                                                                                                	MEDICATION                                                                                          	{"substance_code":"49727002","substance_display":"Caugh","mainfest_code":"49727002","manifest_display":"Caugh","manifest_system":"http://snomed.info/sct","manifest_text":"Caugh","severity":"SEVERE"}	ACTIVE	CONFIRMED	{"system": "http://www.nlm.nih.gov/research/umls/rxnorm","code": "7980","display": "Penicillin G"}	2014-01-09	4
8	https://sitenv.org                                                                                  	7707                                                                                                	6	1	HIGH                                                                                                	ENVIRONMENT                                                                                         	{"substance_code":"389145006","substance_display":"Allergic Asthma","mainfest_code":"389145006","manifest_display":"Allergic Asthma","manifest_system":"http://snomed.info/sct","manifest_text":"Allergic Asthma","severity":"SEVERE"}	ACTIVE	CONFIRMED	{"system": "http://snomed.info/sct","code": "227493005","display": "Cashew nuts"}	2014-10-20	6
17	https://sitenv.org                                                                                  	7716                                                                                                	2	1	HIGH                                                                                                	MEDICATION                                                                                          	{"substance_code":"49727002","substance_display":"Caugh","mainfest_code":"49727002","manifest_display":"Caugh","manifest_system":"http://snomed.info/sct","manifest_text":"Caugh","severity":"SEVERE"}	ACTIVE	CONFIRMED	{"system": "http://www.nlm.nih.gov/research/umls/rxnorm","code": "7980","display": "Penicillin G"}	2014-10-09	2
23	https://sitenv.org                                                                                  	7721                                                                                                	3	1	HIGH                                                                                                	ENVIRONMENT                                                                                         	{"substance_code":"389145006","substance_display":"Allergic Asthma","mainfest_code":"389145006","manifest_display":"Allergic Asthma","manifest_system":"http://snomed.info/sct","manifest_text":"Allergic Asthma","severity":"SEVERE"}	ACTIVE	CONFIRMED	{"system": "http://snomed.info/sct","code": "227493005","display": "Cashew nuts"}	2015-04-05	3
20	https://sitenv.org                                                                                  	7718                                                                                                	3	1	HIGH                                                                                                	FOOD                                                                                                	{"substance_code":"39579001","substance_display":"Anaphylaxis","mainfest_code":"39579001","manifest_display":"Anaphylaxis","manifest_system":"http://snomed.info/sct","manifest_text":"Anaphylaxis","severity":"SEVERE"}	ACTIVE	CONFIRMED	{"system": "http://snomed.info/sct","code": "227493005","display": "Cashew nuts"}	2015-06-02	3
14	https://sitenv.org                                                                                  	7713                                                                                                	1	1	HIGH                                                                                                	ENVIRONMENT                                                                                         	{"substance_code":"389145006","substance_display":"Allergic Asthma","mainfest_code":"389145006","manifest_display":"Allergic Asthma","manifest_system":"http://snomed.info/sct","manifest_text":"Allergic Asthma","severity":"SEVERE"}	ACTIVE	CONFIRMED	{"system": "http://snomed.info/sct","code": "227493005","display": "Cashew nuts"}	2015-06-02	1
24	https://sitenv.org                                                                                  	7722                                                                                                	4	1	HIGH                                                                                                	FOOD                                                                                                	{"substance_code":"39579001","substance_display":"Anaphylaxis","mainfest_code":"39579001","manifest_display":"Anaphylaxis","manifest_system":"http://snomed.info/sct","manifest_text":"Anaphylaxis","severity":"SEVERE"}	ACTIVE	CONFIRMED	{"system": "http://snomed.info/sct","code": "227493005","display": "Cashew nuts"}	2015-06-02	4
35	https://sitenv.org                                                                                  	7733                                                                                                	6	1	HIGH                                                                                                	ENVIRONMENT                                                                                         	{"substance_code":"389145006","substance_display":"Allergic Asthma","mainfest_code":"389145006","manifest_display":"Allergic Asthma","manifest_system":"http://snomed.info/sct","manifest_text":"Allergic Asthma","severity":"SEVERE"}	ACTIVE	CONFIRMED	{"system": "http://snomed.info/sct","code": "227493005","display": "Cashew nuts"}	2014-10-20	6
27	https://sitenv.org                                                                                  	7725                                                                                                	4	1	HIGH                                                                                                	ENVIRONMENT                                                                                         	{"substance_code":"389145006","substance_display":"Allergic Asthma","mainfest_code":"389145006","manifest_display":"Allergic Asthma","manifest_system":"http://snomed.info/sct","manifest_text":"Allergic Asthma","severity":"SEVERE"}	ACTIVE	CONFIRMED	{"system": "http://snomed.info/sct","code": "227493005","display": "Cashew nuts"}	2013-06-02	4
31	https://sitenv.org                                                                                  	7729                                                                                                	5	1	HIGH                                                                                                	ENVIRONMENT                                                                                         	{"substance_code":"389145006","substance_display":"Allergic Asthma","mainfest_code":"389145006","manifest_display":"Allergic Asthma","manifest_system":"http://snomed.info/sct","manifest_text":"Allergic Asthma","severity":"SEVERE"}	ACTIVE	CONFIRMED	{"system": "http://snomed.info/sct","code": "227493005","display": "Cashew nuts"}	2014-10-20	5
28	https://sitenv.org                                                                                  	7726                                                                                                	5	1	HIGH                                                                                                	FOOD                                                                                                	{"substance_code":"39579001","substance_display":"Anaphylaxis","mainfest_code":"39579001","manifest_display":"Anaphylaxis","manifest_system":"http://snomed.info/sct","manifest_text":"Anaphylaxis","severity":"SEVERE"}	ACTIVE	CONFIRMED	{"system": "http://snomed.info/sct","code": "227493005","display": "Cashew nuts"}	2015-06-02	5
4	https://sitenv.org                                                                                  	7703                                                                                                	3	1	LOW                                                                                                 	MEDICATION                                                                                          	{"substance_code":"340005","substance_display":"Enzyme variant (substance)","mainfest_code":"271807003","manifest_display":"skin rash","manifest_system":"http://snomed.info/sct","manifest_text":"skin rash","severity":"MILD"}	ACTIVE	CONFIRMED	{"system": "http://www.nlm.nih.gov/research/umls/rxnorm","code": "7980","display": "Penicillin G"}	2014-11-09	3
39	https://sitenv.org                                                                                  	7737                                                                                                	7	1	HIGH                                                                                                	ENVIRONMENT                                                                                         	{"substance_code":"389145006","substance_display":"Allergic Asthma","mainfest_code":"389145006","manifest_display":"Allergic Asthma","manifest_system":"http://snomed.info/sct","manifest_text":"Allergic Asthma","severity":"SEVERE"}	ACTIVE	CONFIRMED	{"system": "http://snomed.info/sct","code": "227493005","display": "Cashew nuts"}	2014-10-20	7
22	https://sitenv.org                                                                                  	7720                                                                                                	3	1	HIGH                                                                                                	MEDICATION                                                                                          	{"substance_code":"49727002","substance_display":"Caugh","mainfest_code":"49727002","manifest_display":"Caugh","manifest_system":"http://snomed.info/sct","manifest_text":"Caugh","severity":"SEVERE"}	ACTIVE	CONFIRMED	{"system": "http://www.nlm.nih.gov/research/umls/rxnorm","code": "7980","display": "Penicillin G"}	2014-10-09	3
40	https://sitenv.org                                                                                  	7738                                                                                                	8	1	HIGH                                                                                                	FOOD                                                                                                	{"substance_code":"39579001","substance_display":"Anaphylaxis","mainfest_code":"39579001","manifest_display":"Anaphylaxis","manifest_system":"http://snomed.info/sct","manifest_text":"Anaphylaxis","severity":"SEVERE"}	ACTIVE	CONFIRMED	{"system": "http://snomed.info/sct","code": "227493005","display": "Cashew nuts"}	2014-10-09	8
36	https://sitenv.org                                                                                  	7734                                                                                                	7	1	HIGH                                                                                                	FOOD                                                                                                	{"substance_code":"39579001","substance_display":"Anaphylaxis","mainfest_code":"39579001","manifest_display":"Anaphylaxis","manifest_system":"http://snomed.info/sct","manifest_text":"Anaphylaxis","severity":"SEVERE"}	ACTIVE	CONFIRMED	{"system": "http://snomed.info/sct","code": "227493005","display": "Cashew nuts"}	2015-04-05	7
25	https://sitenv.org                                                                                  	7723                                                                                                	4	1	LOW                                                                                                 	MEDICATION                                                                                          	{"substance_code":"4053","substance_display":"Pruritic Rash","mainfest_code":"64144002","manifest_display":"Pruritic Rash","manifest_system":"http://snomed.info/sct","manifest_text":"Pruritic Rash","severity":"SEVERE"}	ACTIVE	CONFIRMED	{"system": "http://www.nlm.nih.gov/research/umls/rxnorm","code": "7980","display": "Penicillin G"}	2014-10-20	4
13	https://sitenv.org                                                                                  	7712                                                                                                	1	1	HIGH                                                                                                	MEDICATION                                                                                          	{"substance_code":"49727002","substance_display":"Caugh","mainfest_code":"49727002","manifest_display":"Caugh","manifest_system":"http://snomed.info/sct","manifest_text":"Caugh","severity":"SEVERE"}	ACTIVE	CONFIRMED	{"system": "http://www.nlm.nih.gov/research/umls/rxnorm","code": "7980","display": "Penicillin G"}	2015-04-05	1
51	https://sitenv.org                                                                                  	7749                                                                                                	10	1	HIGH                                                                                                	ENVIRONMENT                                                                                         	{"substance_code":"389145006","substance_display":"Allergic Asthma","mainfest_code":"389145006","manifest_display":"Allergic Asthma","manifest_system":"http://snomed.info/sct","manifest_text":"Allergic Asthma","severity":"SEVERE"}	ACTIVE	CONFIRMED	{"system": "http://snomed.info/sct","code": "227493005","display": "Cashew nuts"}	2014-10-20	10
21	https://sitenv.org                                                                                  	7719                                                                                                	3	1	LOW                                                                                                 	MEDICATION                                                                                          	{"substance_code":"4053","substance_display":"Pruritic Rash","mainfest_code":"64144002","manifest_display":"Pruritic Rash","manifest_system":"http://snomed.info/sct","manifest_text":"Pruritic Rash","severity":"SEVERE"}	ACTIVE	CONFIRMED	{"system": "http://www.nlm.nih.gov/research/umls/rxnorm","code": "7980","display": "Penicillin G"}	2014-10-20	3
16	https://sitenv.org                                                                                  	7715                                                                                                	2	1	LOW                                                                                                 	MEDICATION                                                                                          	{"substance_code":"4053","substance_display":"Pruritic Rash","mainfest_code":"64144002","manifest_display":"Pruritic Rash","manifest_system":"http://snomed.info/sct","manifest_text":"Pruritic Rash","severity":"SEVERE"}	ACTIVE	CONFIRMED	{"system": "http://www.nlm.nih.gov/research/umls/rxnorm","code": "7980","display": "Penicillin G"}	2014-10-20	2
18	https://sitenv.org                                                                                  	7717                                                                                                	2	1	HIGH                                                                                                	ENVIRONMENT                                                                                         	{"substance_code":"389145006","substance_display":"Allergic Asthma","mainfest_code":"389145006","manifest_display":"Allergic Asthma","manifest_system":"http://snomed.info/sct","manifest_text":"Allergic Asthma","severity":"SEVERE"}	ACTIVE	CONFIRMED	{"system": "http://snomed.info/sct","code": "227493005","display": "Cashew nuts"}	2015-04-05	2
9	https://sitenv.org                                                                                  	7708                                                                                                	7	1	HIGH                                                                                                	ENVIRONMENT                                                                                         	{"substance_code":"39579001","substance_display":"Anaphylaxis","mainfest_code":"39579001","manifest_display":"Anaphylaxis","manifest_system":"http://snomed.info/sct","manifest_text":"Anaphylaxis","severity":"SEVERE"}	ACTIVE	CONFIRMED	{"system": "http://snomed.info/sct","code": "227493005","display": "Cashew nuts"}	2015-04-05	7
12	https://sitenv.org                                                                                  	7711                                                                                                	10	1	HIGH                                                                                                	ENVIRONMENT                                                                                         	{"substance_code":"39579001","substance_display":"Anaphylaxis","mainfest_code":"39579001","manifest_display":"Anaphylaxis","manifest_system":"http://snomed.info/sct","manifest_text":"Anaphylaxis","severity":"SEVERE"}	ACTIVE	CONFIRMED	{"system": "http://snomed.info/sct","code": "227493005","display": "Cashew nuts"}	2014-10-20	10
2	https://sitenv.org                                                                                  	7701                                                                                                	2	1	LOW                                                                                                 	MEDICATION                                                                                          	{"substance_code":"340005","substance_display":"Enzyme variant (substance)","mainfest_code":"271807003","manifest_display":"skin rash","manifest_system":"http://snomed.info/sct","manifest_text":"skin rash","severity":"MILD"}	ACTIVE	CONFIRMED	{"system": "http://www.nlm.nih.gov/research/umls/rxnorm","code": "7980","display": "Penicillin G"}	2014-10-10	2
34	https://sitenv.org                                                                                  	7732                                                                                                	6	1	LOW                                                                                                 	MEDICATION                                                                                          	{"substance_code":"340005","substance_display":"Enzyme variant (substance)","mainfest_code":"271807003","manifest_display":"skin rash","manifest_system":"http://snomed.info/sct","manifest_text":"skin rash","severity":"MILD"}	ACTIVE	CONFIRMED	{"system": "http://www.nlm.nih.gov/research/umls/rxnorm","code": "7980","display": "Penicillin G"}	2015-06-02	6
30	https://sitenv.org                                                                                  	7728                                                                                                	5	1	LOW                                                                                                 	MEDICATION                                                                                          	{"substance_code":"340005","substance_display":"Enzyme variant (substance)","mainfest_code":"271807003","manifest_display":"skin rash","manifest_system":"http://snomed.info/sct","manifest_text":"skin rash","severity":"MILD"}	ACTIVE	CONFIRMED	{"system": "http://www.nlm.nih.gov/research/umls/rxnorm","code": "7980","display": "Penicillin G"}	2015-06-02	5
26	https://sitenv.org                                                                                  	7724                                                                                                	4	1	LOW                                                                                                 	MEDICATION                                                                                          	{"substance_code":"340005","substance_display":"Enzyme variant (substance)","mainfest_code":"271807003","manifest_display":"skin rash","manifest_system":"http://snomed.info/sct","manifest_text":"skin rash","severity":"MILD"}	ACTIVE	CONFIRMED	{"system": "http://www.nlm.nih.gov/research/umls/rxnorm","code": "7980","display": "Penicillin G"}	2015-04-05	4
42	https://sitenv.org                                                                                  	7740                                                                                                	8	1	LOW                                                                                                 	MEDICATION                                                                                          	{"substance_code":"340005","substance_display":"Enzyme variant (substance)","mainfest_code":"271807003","manifest_display":"skin rash","manifest_system":"http://snomed.info/sct","manifest_text":"skin rash","severity":"MILD"}	ACTIVE	CONFIRMED	{"system": "http://www.nlm.nih.gov/research/umls/rxnorm","code": "7980","display": "Penicillin G"}	2015-06-02	8
41	https://sitenv.org                                                                                  	7739                                                                                                	8	1	HIGH                                                                                                	MEDICATION                                                                                          	{"substance_code":"49727002","substance_display":"Caugh","mainfest_code":"49727002","manifest_display":"Caugh","manifest_system":"http://snomed.info/sct","manifest_text":"Caugh","severity":"SEVERE"}	ACTIVE	CONFIRMED	{"system": "http://www.nlm.nih.gov/research/umls/rxnorm","code": "7980","display": "Penicillin G"}	2015-04-05	8
15	https://sitenv.org                                                                                  	7714                                                                                                	2	1	HIGH                                                                                                	FOOD                                                                                                	{"substance_code":"39579001","substance_display":"Anaphylaxis","mainfest_code":"39579001","manifest_display":"Anaphylaxis","manifest_system":"http://snomed.info/sct","manifest_text":"Anaphylaxis","severity":"SEVERE"}	ACTIVE	CONFIRMED	{"system": "http://snomed.info/sct","code": "227493005","display": "Cashew nuts"}	2014-10-09	2
38	https://sitenv.org                                                                                  	7736                                                                                                	7	1	LOW                                                                                                 	MEDICATION                                                                                          	{"substance_code":"340005","substance_display":"Enzyme variant (substance)","mainfest_code":"271807003","manifest_display":"skin rash","manifest_system":"http://snomed.info/sct","manifest_text":"skin rash","severity":"MILD"}	ACTIVE	CONFIRMED	{"system": "http://www.nlm.nih.gov/research/umls/rxnorm","code": "7980","display": "Penicillin G"}	2015-06-02	7
1	https://sitenv.org                                                                                  	7799                                                                                                	1	1	LOW                                                                                                 	MEDICATION                                                                                          	{"substance_code":"340005","substance_display":"Enzyme variant (substance)","mainfest_code":"271807003","manifest_display":"skin rash","manifest_system":"http://snomed.info/sct","manifest_text":"skin rash","severity":"MILD"}	ACTIVE	CONFIRMED	{"system": "http://www.nlm.nih.gov/research/umls/rxnorm","code": "7980","display": "Penicillin G"}	2014-10-09	1
33	https://sitenv.org                                                                                  	7731                                                                                                	6	1	HIGH                                                                                                	MEDICATION                                                                                          	{"substance_code":"49727002","substance_display":"Caugh","mainfest_code":"49727002","manifest_display":"Caugh","manifest_system":"http://snomed.info/sct","manifest_text":"Caugh","severity":"SEVERE"}	ACTIVE	CONFIRMED	{"system": "http://www.nlm.nih.gov/research/umls/rxnorm","code": "7980","display": "Penicillin G"}	2015-04-05	6
29	https://sitenv.org                                                                                  	7727                                                                                                	5	1	HIGH                                                                                                	MEDICATION                                                                                          	{"substance_code":"49727002","substance_display":"Caugh","mainfest_code":"49727002","manifest_display":"Caugh","manifest_system":"http://snomed.info/sct","manifest_text":"Caugh","severity":"SEVERE"}	ACTIVE	CONFIRMED	{"system": "http://www.nlm.nih.gov/research/umls/rxnorm","code": "7980","display": "Penicillin G"}	2015-04-05	5
44	https://sitenv.org                                                                                  	7742                                                                                                	9	1	HIGH                                                                                                	FOOD                                                                                                	{"substance_code":"39579001","substance_display":"Anaphylaxis","mainfest_code":"39579001","manifest_display":"Anaphylaxis","manifest_system":"http://snomed.info/sct","manifest_text":"Anaphylaxis","severity":"SEVERE"}	ACTIVE	CONFIRMED	{"system": "http://snomed.info/sct","code": "227493005","display": "Cashew nuts"}	2014-10-09	9
48	https://sitenv.org                                                                                  	7746                                                                                                	10	1	HIGH                                                                                                	FOOD                                                                                                	{"substance_code":"39579001","substance_display":"Anaphylaxis","mainfest_code":"39579001","manifest_display":"Anaphylaxis","manifest_system":"http://snomed.info/sct","manifest_text":"Anaphylaxis","severity":"SEVERE"}	ACTIVE	CONFIRMED	{"system": "http://snomed.info/sct","code": "227493005","display": "Cashew nuts"}	2014-10-09	10
37	https://sitenv.org                                                                                  	7735                                                                                                	7	1	HIGH                                                                                                	MEDICATION                                                                                          	{"substance_code":"49727002","substance_display":"Caugh","mainfest_code":"49727002","manifest_display":"Caugh","manifest_system":"http://snomed.info/sct","manifest_text":"Caugh","severity":"SEVERE"}	ACTIVE	CONFIRMED	{"system": "http://www.nlm.nih.gov/research/umls/rxnorm","code": "7980","display": "Penicillin G"}	2014-06-02	7
49	https://sitenv.org                                                                                  	7747                                                                                                	10	1	HIGH                                                                                                	MEDICATION                                                                                          	{"substance_code":"49727002","substance_display":"Caugh","mainfest_code":"49727002","manifest_display":"Caugh","manifest_system":"http://snomed.info/sct","manifest_text":"Caugh","severity":"SEVERE"}	ACTIVE	CONFIRMED	{"system": "http://www.nlm.nih.gov/research/umls/rxnorm","code": "7980","display": "Penicillin G"}	2015-04-05	10
11	https://sitenv.org                                                                                  	7710                                                                                                	9	1	HIGH                                                                                                	MEDICATION                                                                                          	{"substance_code":"422400008","substance_display":"Vomiting","mainfest_code":"422400008","manifest_display":"Vomiting","manifest_system":"http://snomed.info/sct","manifest_text":"Vomiting","severity":"SEVERE"}	ACTIVE	CONFIRMED	{"system": "http://www.nlm.nih.gov/research/umls/rxnorm","code": "7980","display": "Penicillin G"}	2014-10-09	9
32	https://sitenv.org                                                                                  	7730                                                                                                	6	1	HIGH                                                                                                	FOOD                                                                                                	{"substance_code":"39579001","substance_display":"Anaphylaxis","mainfest_code":"39579001","manifest_display":"Anaphylaxis","manifest_system":"http://snomed.info/sct","manifest_text":"Anaphylaxis","severity":"SEVERE"}	ACTIVE	CONFIRMED	{"system": "http://snomed.info/sct","code": "227493005","display": "Cashew nuts"}	2014-10-09	6
50	https://sitenv.org                                                                                  	7748                                                                                                	10	1	LOW                                                                                                 	MEDICATION                                                                                          	{"substance_code":"340005","substance_display":"Enzyme variant (substance)","mainfest_code":"271807003","manifest_display":"skin rash","manifest_system":"http://snomed.info/sct","manifest_text":"skin rash","severity":"MILD"}	ACTIVE	CONFIRMED	{"system": "http://www.nlm.nih.gov/research/umls/rxnorm","code": "7980","display": "Penicillin G"}	2015-06-02	10
45	https://sitenv.org                                                                                  	7743                                                                                                	9	1	HIGH                                                                                                	MEDICATION                                                                                          	{"substance_code":"49727002","substance_display":"Caugh","mainfest_code":"49727002","manifest_display":"Caugh","manifest_system":"http://snomed.info/sct","manifest_text":"Caugh","severity":"SEVERE"}	ACTIVE	CONFIRMED	{"system": "http://www.nlm.nih.gov/research/umls/rxnorm","code": "7980","display": "Penicillin G"}	2015-04-05	9
43	https://sitenv.org                                                                                  	7741                                                                                                	8	1	HIGH                                                                                                	ENVIRONMENT                                                                                         	{"substance_code":"389145006","substance_display":"Allergic Asthma","mainfest_code":"389145006","manifest_display":"Allergic Asthma","manifest_system":"http://snomed.info/sct","manifest_text":"Allergic Asthma","severity":"SEVERE"}	ACTIVE	CONFIRMED	{"system": "http://snomed.info/sct","code": "227493005","display": "Cashew nuts"}	2014-10-20	8
47	https://sitenv.org                                                                                  	7745                                                                                                	9	1	HIGH                                                                                                	ENVIRONMENT                                                                                         	{"substance_code":"389145006","substance_display":"Allergic Asthma","mainfest_code":"389145006","manifest_display":"Allergic Asthma","manifest_system":"http://snomed.info/sct","manifest_text":"Allergic Asthma","severity":"SEVERE"}	ACTIVE	CONFIRMED	{"system": "http://snomed.info/sct","code": "227493005","display": "Cashew nuts"}	2014-10-20	9
46	https://sitenv.org                                                                                  	7744                                                                                                	9	1	LOW                                                                                                 	MEDICATION                                                                                          	{"substance_code":"340005","substance_display":"Enzyme variant (substance)","mainfest_code":"271807003","manifest_display":"skin rash","manifest_system":"http://snomed.info/sct","manifest_text":"skin rash","severity":"MILD"}	ACTIVE	CONFIRMED	{"system": "http://www.nlm.nih.gov/research/umls/rxnorm","code": "7980","display": "Penicillin G"}	2015-06-02	9
\.


--
-- TOC entry 2573 (class 0 OID 17037)
-- Dependencies: 186
-- Data for Name: auth_temp; Type: TABLE DATA; Schema: public; Owner: postgres
--

COPY public.auth_temp (id, client_id, client_secret, auth_code, access_token, aud, expiry, scope, last_updated_ts, redirect_uri, state, transaction_id, refresh_token, launch_patient_id) FROM stdin;
1	demo	demo secret	demo code	demoe2dd7906d6cbaccf4576fba1fd65		2025-01-01 01:01:01	launch,launch/patient,user/Patient.read,user/*.read	2016-09-13 17:11:52.189	https://fhirtest.sitenv.org/FHIR                                                                                                                                                                                                                               	demo                                                                                                                                                                                                                                                           	demo1                                                                                                                                                                                                                                                          	teste2dd7906d6cbaccf4576fba1fd65	1
\.


--
-- TOC entry 2688 (class 0 OID 0)
-- Dependencies: 187
-- Name: auth_temp_id_seq; Type: SEQUENCE SET; Schema: public; Owner: postgres
--

SELECT pg_catalog.setval('public.auth_temp_id_seq', 16, true);


--
-- TOC entry 2575 (class 0 OID 17046)
-- Dependencies: 188
-- Data for Name: authenticator; Type: TABLE DATA; Schema: public; Owner: postgres
--

COPY public.authenticator (id, name) FROM stdin;
1	Practitioner/1
2	Practitioner/1
\.


--
-- TOC entry 2689 (class 0 OID 0)
-- Dependencies: 189
-- Name: authenticator_id_seq; Type: SEQUENCE SET; Schema: public; Owner: postgres
--

SELECT pg_catalog.setval('public.authenticator_id_seq', 2, true);


--
-- TOC entry 2577 (class 0 OID 17051)
-- Dependencies: 190
-- Data for Name: author; Type: TABLE DATA; Schema: public; Owner: postgres
--

COPY public.author (id, name) FROM stdin;
1	Practitioner/1
2	Practitioner/1
3	Practitioner/1
4	Practitioner/1
5	Practitioner/1
\.


--
-- TOC entry 2690 (class 0 OID 0)
-- Dependencies: 191
-- Name: author_id_seq; Type: SEQUENCE SET; Schema: public; Owner: postgres
--

SELECT pg_catalog.setval('public.author_id_seq', 5, true);


--
-- TOC entry 2579 (class 0 OID 17056)
-- Dependencies: 192
-- Data for Name: careplan; Type: TABLE DATA; Schema: public; Owner: postgres
--

COPY public.careplan (id, patient, status, cat_code, cat_system, definition, basedon, replaces, partof, intent, title, author, careteam, supporting_info, activity, note) FROM stdin;
1	1	ACTIVE	careteam	http://argonaut.hl7.org/ValueSet/extension-codes	1	1	1	1	PLAN	\N	\N	\N	\N	{\r\n\t"outcomeCodeableConcept": [{\r\n\t\t"coding": [{\r\n\t\t\t"system": "http://snomed.info/sct",\r\n\t\t\t"code": "161832001",\r\n\t\t\t"display": "Progressive weight loss"\r\n\t\t}]\r\n\t}],\r\n\t"outcomeReference": [{\r\n\t\t"reference": "Observation/example",\r\n\t\t"display": "Weight Measured"\r\n\t}],\r\n\t"detail": {\r\n\t\t"category": {\r\n\t\t\t"coding": [{\r\n\t\t\t\t"system": "http://hl7.org/fhir/care-plan-activity-category",\r\n\t\t\t\t"code": "observation"\r\n\t\t\t}]\r\n\t\t},\r\n\t\t"code": {\r\n\t\t\t"coding": [{\r\n\t\t\t\t\t"system": "http://loinc.org",\r\n\t\t\t\t\t"code": "3141-9",\r\n\t\t\t\t\t"display": "Weight Measured"\r\n\t\t\t\t},\r\n\t\t\t\t{\r\n\t\t\t\t\t"system": "http://snomed.info/sct",\r\n\t\t\t\t\t"code": "27113001",\r\n\t\t\t\t\t"display": "Body weight"\r\n\t\t\t\t}\r\n\t\t\t]\r\n\t\t},\r\n\t\t"status": "completed",\r\n\t\t"statusReason": "Achieved weight loss to mitigate diabetes risk.",\r\n\t\t"prohibited": false,\r\n\t\t"scheduledTiming": {\r\n\t\t\t"repeat": {\r\n\t\t\t\t"frequency": 1,\r\n\t\t\t\t"period": 1,\r\n\t\t\t\t"periodUnit": "d"\r\n\t\t\t}\r\n\t\t},\r\n\t\t"location": {\r\n\t\t\t"display": "Patient's home"\r\n\t\t},\r\n\t\t"performer": [{\r\n\t\t\t"reference": "Patient/example",\r\n\t\t\t"display": "Peter James Chalmers"\r\n\t\t}]\r\n\t}\r\n}	\N
\.


--
-- TOC entry 2580 (class 0 OID 17062)
-- Dependencies: 193
-- Data for Name: careteam; Type: TABLE DATA; Schema: public; Owner: postgres
--

COPY public.careteam (id, identifier, status, category, name, context, period, participant_role, participant_member, participant_onbehalfof, participant_period, reason_code, reson_reference, managing_organization, telecom, note, subject) FROM stdin;
1	{\r\n      "value": "12345"\r\n    }	ACTIVE	{\r\n          "system": "http://hl7.org/fhir/care-team-category",\r\n          "code": "encounter"\r\n        }	John Doe Care Plan for Inpatient Encounter	\N	2013-01-01	{\r\n        "text": "adviser"\r\n      }	1	\N	2013-01-01	\N	\N	1	\N	\N	1
\.


--
-- TOC entry 2691 (class 0 OID 0)
-- Dependencies: 194
-- Name: careteam_id_seq; Type: SEQUENCE SET; Schema: public; Owner: postgres
--

SELECT pg_catalog.setval('public.careteam_id_seq', 1, false);


--
-- TOC entry 2692 (class 0 OID 0)
-- Dependencies: 195
-- Name: careteam_id_seq1; Type: SEQUENCE SET; Schema: public; Owner: postgres
--

SELECT pg_catalog.setval('public.careteam_id_seq1', 1, false);


--
-- TOC entry 2583 (class 0 OID 17072)
-- Dependencies: 196
-- Data for Name: careteam_participant; Type: TABLE DATA; Schema: public; Owner: postgres
--

COPY public.careteam_participant (id, careteam, role_system, role_code, role_display, member_reference, member_display) FROM stdin;
1	1	http://www.nucc.org	207RC0000X	Allopathic and Osteopathic Physicians:Internal Medicine:Cardiovascular Disease	Practitioner/1	John Smith, MD
2	1	http://snomed.info/sct	116154003	Patient (person)	Patient/1	John Doe
\.


--
-- TOC entry 2693 (class 0 OID 0)
-- Dependencies: 197
-- Name: careteam_participant_id_seq; Type: SEQUENCE SET; Schema: public; Owner: postgres
--

SELECT pg_catalog.setval('public.careteam_participant_id_seq', 1, false);


--
-- TOC entry 2585 (class 0 OID 17080)
-- Dependencies: 198
-- Data for Name: clients; Type: TABLE DATA; Schema: public; Owner: postgres
--

COPY public.clients (id, user_id, client_id, client_secret, register_token, name, org_name, contact_name, contact_mail, scope, redirect_uri, last_updated_ts, status) FROM stdin;
1	1	pzSKWGTWhSOKn9xDDB2ovXoIuZvxQS	amlCQW1BQjJLazlqOHUyWUNaQzRRd2tvWmtWTmVFUUtTSlNhQUFFUUdMcnNSU3Y3THY=	L7-KOcvJfeQIfAoUvd7WwF9Zwbm-yuXklXlUMDhu9wplVxxXZBvRK1pk5cyYl4fWsPRpnP1u0Nq781JGy1RHlRWmiy7qm8WA7MTdjC71vWfsf0iCuB-HtT5shovni5Wyyl5HKI6ohagp7nckxEg2B1EopLt-LsTYviwCnzfQvg8IQUeF-gddN9JEkIYaMK5NzyXkdl95s1mP44umGfjZ3MknFbITfTpsORaOwZA3Pb74bq0j2e56WL675A	democlient	FHIR	Demo User	demo@sitenv.org	launch,launch/patient,patient/*.read,patient/Patient.read,patient/DocumentReference.read,patient/MedicationOrder.read,patient/MedicationStatement.read,fhir_complete,user/Patient.read,user/*.read,user/*.*,openid,offline_access,online_access	https://fhirtest.sitenv.org/fhirclient/	2017-06-22 21:08:29.349243	\N
\.


--
-- TOC entry 2694 (class 0 OID 0)
-- Dependencies: 199
-- Name: clients_id_seq; Type: SEQUENCE SET; Schema: public; Owner: postgres
--

SELECT pg_catalog.setval('public.clients_id_seq', 30, true);


--
-- TOC entry 2587 (class 0 OID 17089)
-- Dependencies: 200
-- Data for Name: condition; Type: TABLE DATA; Schema: public; Owner: postgres
--

COPY public.condition (id, identifier_system, identifier_value, subject, asserter, code, code_display, category_code, clinical_status, severity_code, onset, asserted_date, severity_display, code_system, category_display, category_system, verification_status, context, note) FROM stdin;
2	https://sitenv.org                                                                                  	7799                                                                                                	1	1	310249008                                                                                           	Follow-up encounter                                                                                 	health-concern                                                                                      	active                                                                                              	255604002                                                                                           	{"onsetQuantityAge":"25","onsetDateTime":"2005-10-09"}	2005-10-24	                                                                                                    	http://snomed.info/sct	Health Concern	http://argonaut.hl7.org/extension-codes	CONFIRMED	\N	\N
1	https://sitenv.org                                                                                  	7788                                                                                                	1	1	442311008                                                                                           	Single liveborn, born in hospital, delivered without mention of cesarean section                    	problem                                                                                             	active                                                                                              	255604002                                                                                           	{"onsetQuantityAge":"25","onsetDateTime":"2002-11-22"}	2015-11-24	mild                                                                                                	http://snomed.info/sct	Problem	http://argonautwiki.hl7.org/index.php?title=Argonaut_Extension_Codes	CONFIRMED	\N	\N
4	https://sitenv.org                                                                                  	7702                                                                                                	3	1	267024001                                                                                           	Abnormal weight loss                                                                                	problem                                                                                             	active                                                                                              	267024001                                                                                           	{"onsetQuantityAge":"25","onsetDateTime":"2005-12-05"}	2005-01-22	mild                                                                                                	http://snomed.info/sct	Problem	http://argonautwiki.hl7.org/index.php?title=Argonaut_Extension_Codes	CONFIRMED	\N	\N
3	https://sitenv.org                                                                                  	7701                                                                                                	2	1	442311008                                                                                           	Single liveborn, born in hospital, delivered without mention of cesarean section                    	problem                                                                                             	active                                                                                              	255604002                                                                                           	{"onsetQuantityAge":"25","onsetDateTime":"2001-02-01"}	2011-11-24	mild                                                                                                	http://snomed.info/sct	Problem	http://argonautwiki.hl7.org/index.php?title=Argonaut_Extension_Codes	CONFIRMED	\N	\N
8	https://sitenv.org                                                                                  	7706                                                                                                	7	1	65363002                                                                                            	Otitis media                                                                                        	problem                                                                                             	active                                                                                              	65363002                                                                                            	{"onsetQuantityAge":"25","onsetDateTime":"2015-01-04"}	2013-08-12	mild                                                                                                	http://snomed.info/sct	Problem	http://argonautwiki.hl7.org/index.php?title=Argonaut_Extension_Codes	CONFIRMED	\N	\N
10	https://sitenv.org                                                                                  	7708                                                                                                	9	1	25374005                                                                                            	Other and unspecified noninfectious gastroenteritis and colitis                                     	problem                                                                                             	active                                                                                              	25374005                                                                                            	{"onsetQuantityAge":"25","onsetDateTime":"2002-10-14"}	2015-10-22	mild                                                                                                	http://snomed.info/sct	Problem	http://argonautwiki.hl7.org/index.php?title=Argonaut_Extension_Codes	CONFIRMED	\N	\N
5	https://sitenv.org                                                                                  	7703                                                                                                	4	1	310249008                                                                                           	Follow-up encounter                                                                                 	problem                                                                                             	active                                                                                              	310249008                                                                                           	{"onsetQuantityAge":"25","onsetDateTime":"2006-12-02"}	2002-11-05	mild                                                                                                	http://snomed.info/sct	Problem	http://argonautwiki.hl7.org/index.php?title=Argonaut_Extension_Codes	CONFIRMED	\N	\N
11	https://sitenv.org                                                                                  	7709                                                                                                	10	1	62315008                                                                                            	Diarrhea                                                                                            	problem                                                                                             	active                                                                                              	62315008                                                                                            	{"onsetQuantityAge":"25","onsetDateTime":"2005-01-11"}	2014-11-22	mild                                                                                                	http://snomed.info/sct	Problem	http://argonautwiki.hl7.org/index.php?title=Argonaut_Extension_Codes	CONFIRMED	\N	\N
7	https://sitenv.org                                                                                  	7705                                                                                                	6	1	185903001                                                                                           	Needs influenza immunization                                                                        	problem                                                                                             	active                                                                                              	185903001                                                                                           	{"onsetQuantityAge":"25","onsetDateTime":"2007-01-14"}	2014-07-07	mild                                                                                                	http://snomed.info/sct	Problem	http://argonautwiki.hl7.org/index.php?title=Argonaut_Extension_Codes	CONFIRMED	\N	\N
6	https://sitenv.org                                                                                  	7704                                                                                                	5	1	235595009                                                                                           	Gastroesophageal reflux disease                                                                     	problem                                                                                             	active                                                                                              	235595009                                                                                           	{"onsetQuantityAge":"25","onsetDateTime":"2007-10-14"}	2015-11-05	mild                                                                                                	http://snomed.info/sct	Problem	http://argonautwiki.hl7.org/index.php?title=Argonaut_Extension_Codes	CONFIRMED	\N	\N
9	https://sitenv.org                                                                                  	7707                                                                                                	8	1	68235000                                                                                            	Other diseases of nasal cavity and sinuses                                                          	problem                                                                                             	active                                                                                              	68235000                                                                                            	{"onsetQuantityAge":"25","onsetDateTime":"2008-01-19"}	2012-10-26	mild                                                                                                	http://snomed.info/sct	Problem	http://argonautwiki.hl7.org/index.php?title=Argonaut_Extension_Codes	CONFIRMED	\N	\N
12	https://sitenv.org                                                                                  	7710                                                                                                	1	1	442311008                                                                                           	Single liveborn, born in hospital, delivered without mention of cesarean section                    	problem                                                                                             	active                                                                                              	255604002                                                                                           	{"onsetQuantityAge":"25","onsetDateTime":"2001-02-01"}	2011-11-24	mild                                                                                                	http://snomed.info/sct	Problem	http://argonautwiki.hl7.org/index.php?title=Argonaut_Extension_Codes	CONFIRMED	\N	\N
13	https://sitenv.org                                                                                  	7711                                                                                                	1	1	267024001                                                                                           	Abnormal weight loss                                                                                	problem                                                                                             	active                                                                                              	267024001                                                                                           	{"onsetQuantityAge":"25","onsetDateTime":"2005-12-05"}	2011-11-22	mild                                                                                                	http://snomed.info/sct	Problem	http://argonautwiki.hl7.org/index.php?title=Argonaut_Extension_Codes	CONFIRMED	\N	\N
14	https://sitenv.org                                                                                  	7712                                                                                                	1	1	62315008                                                                                            	Diarrhea                                                                                            	problem                                                                                             	active                                                                                              	62315008                                                                                            	{"onsetQuantityAge":"25","onsetDateTime":"2005-01-11"}	2014-11-22	mild                                                                                                	http://snomed.info/sct	Problem	http://argonautwiki.hl7.org/index.php?title=Argonaut_Extension_Codes	CONFIRMED	\N	\N
15	https://sitenv.org                                                                                  	7713                                                                                                	2	1	62315008                                                                                            	Diarrhea                                                                                            	problem                                                                                             	active                                                                                              	62315008                                                                                            	{"onsetQuantityAge":"25","onsetDateTime":"2001-12-21"}	2011-11-04	mild                                                                                                	http://snomed.info/sct	Problem	http://argonautwiki.hl7.org/index.php?title=Argonaut_Extension_Codes	CONFIRMED	\N	\N
16	https://sitenv.org                                                                                  	7714                                                                                                	2	1	267024001                                                                                           	Abnormal weight loss                                                                                	problem                                                                                             	active                                                                                              	267024001                                                                                           	{"onsetQuantityAge":"25","onsetDateTime":"2005-12-05"}	2011-11-22	mild                                                                                                	http://snomed.info/sct	Problem	http://argonautwiki.hl7.org/index.php?title=Argonaut_Extension_Codes	CONFIRMED	\N	\N
18	https://sitenv.org                                                                                  	7716                                                                                                	2	1	235595009                                                                                           	Gastroesophageal reflux disease                                                                     	problem                                                                                             	active                                                                                              	235595009                                                                                           	{"onsetQuantityAge":"25","onsetDateTime":"2005-11-28"}	2011-11-28	mild                                                                                                	http://snomed.info/sct	Problem	http://argonautwiki.hl7.org/index.php?title=Argonaut_Extension_Codes	CONFIRMED	\N	\N
19	https://sitenv.org                                                                                  	7717                                                                                                	3	1	62315008                                                                                            	Diarrhea                                                                                            	problem                                                                                             	active                                                                                              	62315008                                                                                            	{"onsetQuantityAge":"25","onsetDateTime":"2001-12-21"}	2011-11-04	mild                                                                                                	http://snomed.info/sct	Problem	http://argonautwiki.hl7.org/index.php?title=Argonaut_Extension_Codes	CONFIRMED	\N	\N
20	https://sitenv.org                                                                                  	7718                                                                                                	3	1	442311008                                                                                           	Single liveborn, born in hospital, delivered without mention of cesarean section                    	problem                                                                                             	active                                                                                              	442311008                                                                                           	{"onsetQuantityAge":"25","onsetDateTime":"2005-05-05"}	2011-04-22	mild                                                                                                	http://snomed.info/sct	Problem	http://argonautwiki.hl7.org/index.php?title=Argonaut_Extension_Codes	CONFIRMED	\N	\N
22	https://sitenv.org                                                                                  	7720                                                                                                	3	1	235595009                                                                                           	Gastroesophageal reflux disease                                                                     	problem                                                                                             	active                                                                                              	235595009                                                                                           	{"onsetQuantityAge":"25","onsetDateTime":"2005-11-28"}	2011-11-28	mild                                                                                                	http://snomed.info/sct	Problem	http://argonautwiki.hl7.org/index.php?title=Argonaut_Extension_Codes	CONFIRMED	\N	\N
23	https://sitenv.org                                                                                  	7721                                                                                                	4	1	62315008                                                                                            	Diarrhea                                                                                            	problem                                                                                             	active                                                                                              	62315008                                                                                            	{"onsetQuantityAge":"25","onsetDateTime":"2001-12-21"}	2011-11-04	mild                                                                                                	http://snomed.info/sct	Problem	http://argonautwiki.hl7.org/index.php?title=Argonaut_Extension_Codes	CONFIRMED	\N	\N
17	https://sitenv.org                                                                                  	7715                                                                                                	2	1	310249008                                                                                           	Follow-up encounter                                                                                 	health-concern                                                                                      	active                                                                                              	310249008                                                                                           	{"onsetQuantityAge":"25","onsetDateTime":"2005-12-02"}	2011-11-05	mild                                                                                                	http://snomed.info/sct	Health Concern	http://argonautwiki.hl7.org/index.php?title=Argonaut_Extension_Codes	CONFIRMED	\N	\N
21	https://sitenv.org                                                                                  	7719                                                                                                	3	1	310249008                                                                                           	Follow-up encounter                                                                                 	health-concern                                                                                      	active                                                                                              	310249008                                                                                           	{"onsetQuantityAge":"25","onsetDateTime":"2005-12-02"}	2011-11-05	mild                                                                                                	http://snomed.info/sct	Health Concern	http://argonautwiki.hl7.org/index.php?title=Argonaut_Extension_Codes	CONFIRMED	\N	\N
24	https://sitenv.org                                                                                  	7722                                                                                                	4	1	442311008                                                                                           	Single liveborn, born in hospital, delivered without mention of cesarean section                    	problem                                                                                             	active                                                                                              	442311008                                                                                           	{"onsetQuantityAge":"25","onsetDateTime":"2005-05-05"}	2011-04-22	mild                                                                                                	http://snomed.info/sct	Problem	http://argonautwiki.hl7.org/index.php?title=Argonaut_Extension_Codes	CONFIRMED	\N	\N
25	https://sitenv.org                                                                                  	7723                                                                                                	4	1	267024001                                                                                           	Abnormal weight loss                                                                                	health-concern                                                                                      	active                                                                                              	267024001                                                                                           	{"onsetQuantityAge":"25","onsetDateTime":"2005-06-02"}	2011-06-05	mild                                                                                                	http://snomed.info/sct	Health Concern	http://argonautwiki.hl7.org/index.php?title=Argonaut_Extension_Codes	CONFIRMED	\N	\N
26	https://sitenv.org                                                                                  	7724                                                                                                	4	1	235595009                                                                                           	Gastroesophageal reflux disease                                                                     	problem                                                                                             	active                                                                                              	235595009                                                                                           	{"onsetQuantityAge":"25","onsetDateTime":"2005-11-28"}	2011-11-28	mild                                                                                                	http://snomed.info/sct	Problem	http://argonautwiki.hl7.org/index.php?title=Argonaut_Extension_Codes	CONFIRMED	\N	\N
27	https://sitenv.org                                                                                  	7725                                                                                                	5	1	62315008                                                                                            	Diarrhea                                                                                            	problem                                                                                             	active                                                                                              	62315008                                                                                            	{"onsetQuantityAge":"25","onsetDateTime":"2001-12-21"}	2011-11-04	mild                                                                                                	http://snomed.info/sct	Problem	http://argonautwiki.hl7.org/index.php?title=Argonaut_Extension_Codes	CONFIRMED	\N	\N
28	https://sitenv.org                                                                                  	7726                                                                                                	5	1	442311008                                                                                           	Single liveborn, born in hospital, delivered without mention of cesarean section                    	problem                                                                                             	active                                                                                              	442311008                                                                                           	{"onsetQuantityAge":"25","onsetDateTime":"2005-05-05"}	2011-04-22	mild                                                                                                	http://snomed.info/sct	Problem	http://argonautwiki.hl7.org/index.php?title=Argonaut_Extension_Codes	CONFIRMED	\N	\N
29	https://sitenv.org                                                                                  	7727                                                                                                	5	1	267024001                                                                                           	Abnormal weight loss                                                                                	health-concern                                                                                      	active                                                                                              	267024001                                                                                           	{"onsetQuantityAge":"25","onsetDateTime":"2005-06-02"}	2011-06-05	mild                                                                                                	http://snomed.info/sct	Health Concern	http://argonautwiki.hl7.org/index.php?title=Argonaut_Extension_Codes	CONFIRMED	\N	\N
30	https://sitenv.org                                                                                  	7728                                                                                                	5	1	25374005                                                                                            	Other and unspecified noninfectious gastroenteritis and colitis                                     	problem                                                                                             	active                                                                                              	25374005                                                                                            	{"onsetQuantityAge":"25","onsetDateTime":"2005-11-28"}	2011-11-28	mild                                                                                                	http://snomed.info/sct	Problem	http://argonautwiki.hl7.org/index.php?title=Argonaut_Extension_Codes	CONFIRMED	\N	\N
31	https://sitenv.org                                                                                  	7729                                                                                                	6	1	62315008                                                                                            	Diarrhea                                                                                            	problem                                                                                             	active                                                                                              	62315008                                                                                            	{"onsetQuantityAge":"25","onsetDateTime":"2001-12-21"}	2011-11-04	mild                                                                                                	http://snomed.info/sct	Problem	http://argonautwiki.hl7.org/index.php?title=Argonaut_Extension_Codes	CONFIRMED	\N	\N
32	https://sitenv.org                                                                                  	7730                                                                                                	6	1	442311008                                                                                           	Single liveborn, born in hospital, delivered without mention of cesarean section                    	problem                                                                                             	active                                                                                              	442311008                                                                                           	{"onsetQuantityAge":"25","onsetDateTime":"2005-05-05"}	2011-04-22	mild                                                                                                	http://snomed.info/sct	Problem	http://argonautwiki.hl7.org/index.php?title=Argonaut_Extension_Codes	CONFIRMED	\N	\N
33	https://sitenv.org                                                                                  	7731                                                                                                	6	1	267024001                                                                                           	Abnormal weight loss                                                                                	health-concern                                                                                      	active                                                                                              	267024001                                                                                           	{"onsetQuantityAge":"25","onsetDateTime":"2005-06-02"}	2011-06-05	mild                                                                                                	http://snomed.info/sct	Health Concern	http://argonautwiki.hl7.org/index.php?title=Argonaut_Extension_Codes	CONFIRMED	\N	\N
34	https://sitenv.org                                                                                  	7732                                                                                                	6	1	25374005                                                                                            	Other and unspecified noninfectious gastroenteritis and colitis                                     	problem                                                                                             	active                                                                                              	25374005                                                                                            	{"onsetQuantityAge":"25","onsetDateTime":"2005-11-28"}	2011-11-28	mild                                                                                                	http://snomed.info/sct	Problem	http://argonautwiki.hl7.org/index.php?title=Argonaut_Extension_Codes	CONFIRMED	\N	\N
35	https://sitenv.org                                                                                  	7733                                                                                                	7	1	62315008                                                                                            	Diarrhea                                                                                            	problem                                                                                             	active                                                                                              	62315008                                                                                            	{"onsetQuantityAge":"25","onsetDateTime":"2001-12-21"}	2011-11-04	mild                                                                                                	http://snomed.info/sct	Problem	http://argonautwiki.hl7.org/index.php?title=Argonaut_Extension_Codes	CONFIRMED	\N	\N
36	https://sitenv.org                                                                                  	7734                                                                                                	7	1	442311008                                                                                           	Single liveborn, born in hospital, delivered without mention of cesarean section                    	problem                                                                                             	active                                                                                              	442311008                                                                                           	{"onsetQuantityAge":"25","onsetDateTime":"2005-05-05"}	2011-04-22	mild                                                                                                	http://snomed.info/sct	Problem	http://argonautwiki.hl7.org/index.php?title=Argonaut_Extension_Codes	CONFIRMED	\N	\N
37	https://sitenv.org                                                                                  	7735                                                                                                	7	1	267024001                                                                                           	Abnormal weight loss                                                                                	health-concern                                                                                      	active                                                                                              	267024001                                                                                           	{"onsetQuantityAge":"25","onsetDateTime":"2005-06-02"}	2011-06-05	mild                                                                                                	http://snomed.info/sct	Health Concern	http://argonautwiki.hl7.org/index.php?title=Argonaut_Extension_Codes	CONFIRMED	\N	\N
38	https://sitenv.org                                                                                  	7736                                                                                                	7	1	25374005                                                                                            	Other and unspecified noninfectious gastroenteritis and colitis                                     	problem                                                                                             	active                                                                                              	25374005                                                                                            	{"onsetQuantityAge":"25","onsetDateTime":"2005-11-28"}	2011-11-28	mild                                                                                                	http://snomed.info/sct	Problem	http://argonautwiki.hl7.org/index.php?title=Argonaut_Extension_Codes	CONFIRMED	\N	\N
39	https://sitenv.org                                                                                  	7737                                                                                                	8	1	62315008                                                                                            	Diarrhea                                                                                            	problem                                                                                             	active                                                                                              	62315008                                                                                            	{"onsetQuantityAge":"25","onsetDateTime":"2001-12-21"}	2011-11-04	mild                                                                                                	http://snomed.info/sct	Problem	http://argonautwiki.hl7.org/index.php?title=Argonaut_Extension_Codes	CONFIRMED	\N	\N
40	https://sitenv.org                                                                                  	7738                                                                                                	8	1	442311008                                                                                           	Single liveborn, born in hospital, delivered without mention of cesarean section                    	problem                                                                                             	active                                                                                              	442311008                                                                                           	{"onsetQuantityAge":"25","onsetDateTime":"2005-05-05"}	2011-04-22	mild                                                                                                	http://snomed.info/sct	Problem	http://argonautwiki.hl7.org/index.php?title=Argonaut_Extension_Codes	CONFIRMED	\N	\N
41	https://sitenv.org                                                                                  	7739                                                                                                	8	1	267024001                                                                                           	Abnormal weight loss                                                                                	health-concern                                                                                      	active                                                                                              	267024001                                                                                           	{"onsetQuantityAge":"25","onsetDateTime":"2005-06-02"}	2011-06-05	mild                                                                                                	http://snomed.info/sct	Health Concern	http://argonautwiki.hl7.org/index.php?title=Argonaut_Extension_Codes	CONFIRMED	\N	\N
42	https://sitenv.org                                                                                  	7740                                                                                                	8	1	25374005                                                                                            	Other and unspecified noninfectious gastroenteritis and colitis                                     	problem                                                                                             	active                                                                                              	25374005                                                                                            	{"onsetQuantityAge":"25","onsetDateTime":"2005-11-28"}	2011-11-28	mild                                                                                                	http://snomed.info/sct	Problem	http://argonautwiki.hl7.org/index.php?title=Argonaut_Extension_Codes	CONFIRMED	\N	\N
43	https://sitenv.org                                                                                  	7741                                                                                                	9	1	62315008                                                                                            	Diarrhea                                                                                            	problem                                                                                             	active                                                                                              	62315008                                                                                            	{"onsetQuantityAge":"25","onsetDateTime":"2001-12-21"}	2011-11-04	mild                                                                                                	http://snomed.info/sct	Problem	http://argonautwiki.hl7.org/index.php?title=Argonaut_Extension_Codes	CONFIRMED	\N	\N
44	https://sitenv.org                                                                                  	7742                                                                                                	9	1	442311008                                                                                           	Single liveborn, born in hospital, delivered without mention of cesarean section                    	problem                                                                                             	active                                                                                              	442311008                                                                                           	{"onsetQuantityAge":"25","onsetDateTime":"2005-05-05"}	2011-04-22	mild                                                                                                	http://snomed.info/sct	Problem	http://argonautwiki.hl7.org/index.php?title=Argonaut_Extension_Codes	CONFIRMED	\N	\N
45	https://sitenv.org                                                                                  	7743                                                                                                	9	1	267024001                                                                                           	Abnormal weight loss                                                                                	health-concern                                                                                      	active                                                                                              	267024001                                                                                           	{"onsetQuantityAge":"25","onsetDateTime":"2005-06-02"}	2011-06-05	mild                                                                                                	http://snomed.info/sct	Health Concern	http://argonautwiki.hl7.org/index.php?title=Argonaut_Extension_Codes	CONFIRMED	\N	\N
46	https://sitenv.org                                                                                  	7744                                                                                                	9	1	65363002                                                                                            	Otitis media                                                                                        	problem                                                                                             	active                                                                                              	65363002                                                                                            	{"onsetQuantityAge":"25","onsetDateTime":"2005-11-28"}	2011-11-28	mild                                                                                                	http://snomed.info/sct	Problem	http://argonautwiki.hl7.org/index.php?title=Argonaut_Extension_Codes	CONFIRMED	\N	\N
47	https://sitenv.org                                                                                  	7746                                                                                                	10	1	185903001                                                                                           	Needs influenza immunization                                                                        	problem                                                                                             	active                                                                                              	185903001                                                                                           	{"onsetQuantityAge":"25","onsetDateTime":"2001-12-21"}	2011-11-04	mild                                                                                                	http://snomed.info/sct	Problem	http://argonautwiki.hl7.org/index.php?title=Argonaut_Extension_Codes	CONFIRMED	\N	\N
48	https://sitenv.org                                                                                  	7747                                                                                                	10	1	442311008                                                                                           	Single liveborn, born in hospital, delivered without mention of cesarean section                    	problem                                                                                             	active                                                                                              	442311008                                                                                           	{"onsetQuantityAge":"25","onsetDateTime":"2005-05-05"}	2011-04-22	mild                                                                                                	http://snomed.info/sct	Problem	http://argonautwiki.hl7.org/index.php?title=Argonaut_Extension_Codes	CONFIRMED	\N	\N
49	https://sitenv.org                                                                                  	7748                                                                                                	10	1	267024001                                                                                           	Abnormal weight loss                                                                                	health-concern                                                                                      	active                                                                                              	267024001                                                                                           	{"onsetQuantityAge":"25","onsetDateTime":"2005-06-02"}	2011-06-05	mild                                                                                                	http://snomed.info/sct	Health Concern	http://argonautwiki.hl7.org/index.php?title=Argonaut_Extension_Codes	CONFIRMED	\N	\N
50	https://sitenv.org                                                                                  	7749                                                                                                	10	1	65363002                                                                                            	Otitis media                                                                                        	problem                                                                                             	active                                                                                              	65363002                                                                                            	{"onsetQuantityAge":"25","onsetDateTime":"2005-11-28"}	2011-11-28	mild                                                                                                	http://snomed.info/sct	Problem	http://argonautwiki.hl7.org/index.php?title=Argonaut_Extension_Codes	CONFIRMED	\N	\N
\.


--
-- TOC entry 2588 (class 0 OID 17095)
-- Dependencies: 201
-- Data for Name: confidentiality; Type: TABLE DATA; Schema: public; Owner: postgres
--

COPY public.confidentiality (id, code, display, system) FROM stdin;
1	ETH	substance abuse information sensitivity	http://hl7.org/fhir/v3/ActCode
2	GDIS	genetic disease information sensitivity	http://hl7.org/fhir/v3/ActCode
3	HIV	HIV/AIDS information sensitivity	http://hl7.org/fhir/v3/ActCode
4	PSY	psychiatry information sensitivity	http://hl7.org/fhir/v3/ActCode
5	SCA	sickle cell anemia	http://hl7.org/fhir/v3/ActCode
\.


--
-- TOC entry 2695 (class 0 OID 0)
-- Dependencies: 202
-- Name: confidentiality_id_seq; Type: SEQUENCE SET; Schema: public; Owner: postgres
--

SELECT pg_catalog.setval('public.confidentiality_id_seq', 5, true);


--
-- TOC entry 2590 (class 0 OID 17100)
-- Dependencies: 203
-- Data for Name: content; Type: TABLE DATA; Schema: public; Owner: postgres
--

COPY public.content (id, content_type, language, url, content_size, title) FROM stdin;
7	application/xml	en-US	https://54.209.188.133/hapi/download/test.txt	99765	This is blood report4
8	application/xsd	en-US	https://54.209.188.133/hapi/download/test.docx	1297	This is blood report5
9	application/hl7-v3+xml 	en-US	https://54.209.188.133/hapi/download/test.html	4532	This is blood report6
4	application/pdf	en-US	https://54.209.188.133/hapi/download/test.html	3654	This is blood report1
5	application/ms-word	en-US	https://54.209.188.133/hapi/download/test.pdf	3154	This is blood report2
6	application/xml	en-US	http://fhirtest.direct.sitenv.org/hapi-resprint/download/CCDA_Ambulatory.xml	45333	Continuity of Care Document
\.


--
-- TOC entry 2696 (class 0 OID 0)
-- Dependencies: 204
-- Name: content_id_seq; Type: SEQUENCE SET; Schema: public; Owner: postgres
--

SELECT pg_catalog.setval('public.content_id_seq', 9, true);


--
-- TOC entry 2592 (class 0 OID 17105)
-- Dependencies: 205
-- Data for Name: context_event; Type: TABLE DATA; Schema: public; Owner: postgres
--

COPY public.context_event (id, code, display, system) FROM stdin;
18	T-D8201	Arm 1	http://ihe.net/xds/connectathon/eventCodes
19	T-D8202	Arm 2	http://ihe.net/xds/connectathon/eventCodes
20	T-D8203	Arm 3	http://ihe.net/xds/connectathon/eventCodes
21	T-D8204	Arm 4	http://ihe.net/xds/connectathon/eventCodes
22	T-D8205	Arm 5	http://ihe.net/xds/connectathon/eventCodes
23	T-D8206	Arm 6	http://ihe.net/xds/connectathon/eventCodes
24	T-D8207	Arm 7	http://ihe.net/xds/connectathon/eventCodes
25	T-D8208	Arm 8	http://ihe.net/xds/connectathon/eventCodes
26	T-D8209	Arm 9	http://ihe.net/xds/connectathon/eventCodes
\.


--
-- TOC entry 2697 (class 0 OID 0)
-- Dependencies: 206
-- Name: context_event_id_seq; Type: SEQUENCE SET; Schema: public; Owner: postgres
--

SELECT pg_catalog.setval('public.context_event_id_seq', 26, true);


--
-- TOC entry 2594 (class 0 OID 17110)
-- Dependencies: 207
-- Data for Name: context_facility_type; Type: TABLE DATA; Schema: public; Owner: postgres
--

COPY public.context_facility_type (id, code, display, system) FROM stdin;
1	225732001	Hospital-community	http://snomed.info/sct
2	79993009	Hospital-government	http://snomed.info/sct
3	32074000	Hospital-long term care 	http://snomed.info/sct
4	4322002	Hospital-military field 	http://snomed.info/sct
5	224687002	Hospital-prison	http://snomed.info/sct
6	62480006	Hospital-psychiatric	http://snomed.info/sct
7	80522000	Hospital-rehabilitation 	http://snomed.info/sct
8	36125001	Hospital-trauma center	http://snomed.info/sct
\.


--
-- TOC entry 2698 (class 0 OID 0)
-- Dependencies: 208
-- Name: context_facility_type_id_seq; Type: SEQUENCE SET; Schema: public; Owner: postgres
--

SELECT pg_catalog.setval('public.context_facility_type_id_seq', 8, true);


--
-- TOC entry 2596 (class 0 OID 17115)
-- Dependencies: 209
-- Data for Name: context_period; Type: TABLE DATA; Schema: public; Owner: postgres
--

COPY public.context_period (id, start, "end") FROM stdin;
1	2004-12-23 02:30:00+05:30	2004-12-23 18:31:00+05:30
2	2004-12-20 19:30:00+05:30	2004-12-20 19:31:00+05:30
\.


--
-- TOC entry 2597 (class 0 OID 17118)
-- Dependencies: 210
-- Data for Name: custodian; Type: TABLE DATA; Schema: public; Owner: postgres
--

COPY public.custodian (id, name) FROM stdin;
1	Practitoner/1
2	Practitoner/1
3	Practitoner/1
4	Practitoner/1
5	Practitoner/1
6	Practitoner/1
\.


--
-- TOC entry 2699 (class 0 OID 0)
-- Dependencies: 211
-- Name: custodian_id_seq; Type: SEQUENCE SET; Schema: public; Owner: postgres
--

SELECT pg_catalog.setval('public.custodian_id_seq', 6, true);


--
-- TOC entry 2599 (class 0 OID 17123)
-- Dependencies: 212
-- Data for Name: device; Type: TABLE DATA; Schema: public; Owner: postgres
--

COPY public.device (id, status, patient, type_code, type_system, type_display, text_status, text_div, identifier_value, identifier_system, identifier_type_code, identifier_type_system, identifier_type_text, identifier_type_value, udi, expiration_date, safety) FROM stdin;
1	ACTIVE	1	468063009	http://snomed.info/sct	Coated femoral stem prosthesis, modular	GENERATED	<div xmlns=\\"http://www.w3.org/1999/xhtml\\"><p><b>Generated Narrative with Details</b></p><p><b>id</b>: example-udi1</p><p><b>identifier</b>: 1234-5678-90AB-CDEF, Serial Number = 10987654d321</p><h3>Udis</h3><table><tr><td>-</td><td><b>DeviceIdentifier</b></td><td><b>Name</b></td><td><b>Jurisdiction</b></td><td><b>CarrierHRF</b></td><td><b>CarrierAIDC</b></td><td><b>Issuer</b></td><td><b>EntryType</b></td></tr><tr><td>*</td><td>00844588003288</td><td>FHIR Hip System</td><td><a>http://hl7.org/fhir/NamingSystem/fda-udi</a></td><td>{01}00844588003288{17}141120{10}7654321D{21}10987654d321</td><td>XWQyMDExMDg1NzY3NDAwMjAxNzE3MTQxMTIwMTBOWUZVTDAx4oaUMjExOTI4MzfihpQ3MTNBMUIyQzNENEU1RjZH</td><td><a>http://hl7.org/fhir/NamingSystem/gs1</a></td><td>barcode</td></tr></table><p><b>status</b>: active</p><p><b>type</b>: Coated femoral stem prosthesis, modular <span>(Details : {SNOMED CT code '468063009' = 'Coated femoral stem prosthesis, modular', given as 'Coated femoral stem prosthesis, modular'})</span></p><p><b>lotNumber</b>: 7654321D</p><p><b>manufacturer</b>: Acme Devices, Inc</p><p><b>expirationDate</b>: Nov 20, 2014</p><p><b>model</b>: PM/Octane 2014</p><p><b>patient</b>: <a>Patient/1</a></p><p><b>safety</b>: MR Unsafe <span>(Details : {urn:oid:2.16.840.1.113883.3.26.1.1 code 'mr-unsafe' = 'mr-unsafe', given as 'MR Unsafe'})</span></p></div>	345675	https://sitenv.org	SNO	http://hl7.org/fhir/identifier-type	Serial Number	AMID-342135-8464	{\r\n    "deviceIdentifier": "00844588003288",\r\n    "name": "FHIR Hip System",\r\n    "jurisdiction": "http://hl7.org/fhir/NamingSystem/fda-udi",\r\n    "carrierHRF": "{01}00844588003288{17}141120{10}7654321D{21}10987654d321",\r\n    "carrierAIDC": "XWQyMDExMDg1NzY3NDAwMjAxNzE3MTQxMTIwMTBOWUZVTDAx4oaUMjExOTI4MzfihpQ3MTNBMUIyQzNENEU1RjZH",\r\n    "issuer": "http://hl7.org/fhir/NamingSystem/gs1",\r\n    "entryType": "BARCODE"\r\n  }	2017-11-20	{\r\n          "system": "urn:oid:2.16.840.1.113883.3.26.1.1",\r\n          "code": "mr-unsafe",\r\n          "display": "MR Unsafe"\r\n        }
\.


--
-- TOC entry 2700 (class 0 OID 0)
-- Dependencies: 213
-- Name: device_id_seq; Type: SEQUENCE SET; Schema: public; Owner: postgres
--

SELECT pg_catalog.setval('public.device_id_seq', 1, false);


--
-- TOC entry 2601 (class 0 OID 17131)
-- Dependencies: 214
-- Data for Name: diagnosticreport; Type: TABLE DATA; Schema: public; Owner: postgres
--

COPY public.diagnosticreport (id, status, cat_code, cat_system, cat_display, cat_text, code, code_system, code_display, code_text, subject, effectivedate, issued, result, identifier_system, identifier_value, last_updated_ts, basedon, performer_role, performer_actor) FROM stdin;
1	FINAL	CH	http://hl7.org/fhir/v2/0074	Chemistry	Chemistry	72166-2	http://loinc.org	Tobacco smoking status	Tobacco smoking status	1	2005-12-24	2005-12-23	1	https://sitenv.org	7766	2016-02-19 09:57:54.353	\N	{\r\n            "system": "http://snomed.info/sct",\r\n            "code": "66862007",\r\n            "display": "Radiologist",\r\n\t\t\t"text": "Radiologist"\r\n          }	{\r\n        "reference": "Practitioner/3ad0687e-f477-468c-afd5-fcc2bf897809",\r\n        "display": "Dr Henry Seven"\r\n      }
5	FINAL	LAB	http://hl7.org/fhir/v2/0074	Laboratory	Laboratory	24356-8	http://loinc.org	Urinalysis complete panel - Urine	Urinalysis complete panel - Urine	1	2013-11-03	2013-10-03	1	https://sitenv.org	4548	2016-02-22 09:57:54.353	\N	{\r\n            "system": "http://snomed.info/sct",\r\n            "code": "66862007",\r\n            "display": "Radiologist",\r\n\t\t\t"text": "Radiologist"\r\n          }	{\r\n        "reference": "Practitioner/3ad0687e-f477-468c-afd5-fcc2bf897809",\r\n        "display": "Dr Henry Seven"\r\n      }
4	FINAL	LAB	http://hl7.org/fhir/v2/0074	Laboratory	Laboratory	58410-2	http://loinc.org	Complete blood count (hemogram) panel - Blood by Automated count	Complete blood count (hemogram) panel - Blood by Automated count	1	2013-11-03	2013-10-03	1	https://sitenv.org	4545	2016-02-22 09:57:54.353	\N	{\r\n            "system": "http://snomed.info/sct",\r\n            "code": "66862007",\r\n            "display": "Radiologist",\r\n\t\t\t"text": "Radiologist"\r\n          }	{\r\n        "reference": "Practitioner/3ad0687e-f477-468c-afd5-fcc2bf897809",\r\n        "display": "Dr Henry Seven"\r\n      }
3	FINAL	LAB	http://hl7.org/fhir/v2/0074	Laboratory	Laboratory	24323-8	http://loinc.org	Comprehensive metabolic 2000 panel - Serum or Plasma	Comprehensive metabolic 2000 panel - Serum or Plasma	1	2013-11-03	2013-10-03	1	https://sitenv.org	4546	2016-02-21 09:57:54.353	\N	{\r\n            "system": "http://snomed.info/sct",\r\n            "code": "66862007",\r\n            "display": "Radiologist",\r\n\t\t\t"text": "Radiologist"\r\n          }	{\r\n        "reference": "Practitioner/3ad0687e-f477-468c-afd5-fcc2bf897809",\r\n        "display": "Dr Henry Seven"\r\n      }
2	REGISTERED	HM	http://hl7.org/fhir/v2/0074	Hematology	Hematology	58410-2	http://loinc.org	Complete blood count (hemogram) panel - Blood by Automated count	Complete blood count (hemogram) panel - Blood by Automated count	1	2004-11-23	2004-11-21	1	https://sitenv.org	7799	2016-02-20 09:57:54.353	\N	{\r\n            "system": "http://snomed.info/sct",\r\n            "code": "66862007",\r\n            "display": "Radiologist",\r\n\t\t\t"text": "Radiologist"\r\n          }	{\r\n        "reference": "Practitioner/3ad0687e-f477-468c-afd5-fcc2bf897809",\r\n        "display": "Dr Henry Seven"\r\n      }
\.


--
-- TOC entry 2701 (class 0 OID 0)
-- Dependencies: 215
-- Name: diagnosticreport_id_seq; Type: SEQUENCE SET; Schema: public; Owner: postgres
--

SELECT pg_catalog.setval('public.diagnosticreport_id_seq', 1, true);


--
-- TOC entry 2603 (class 0 OID 17140)
-- Dependencies: 216
-- Data for Name: doc_class_codes; Type: TABLE DATA; Schema: public; Owner: postgres
--

COPY public.doc_class_codes (id, code, display, system) FROM stdin;
1	11369-6	History of Immunization 	http://loinc.org/valueset-c80-doc-classcodes.html
2	11485-0	Anesthesia records	http://loinc.org/valueset-c80-doc-classcodes.html
3	11486-8	Chemotherapy records	http://loinc.org/valueset-c80-doc-classcodes.html
4	11488-4	Consult Note	http://loinc.org/valueset-c80-doc-classcodes.html
5	11506-3	Provider-unspecified progress note	http://loinc.org/valueset-c80-doc-classcodes.html
6	11543-6	Nursery records	http://loinc.org/valueset-c80-doc-classcodes.html
7	15508-5	Labor and delivery records	http://loinc.org/valueset-c80-doc-classcodes.html
\.


--
-- TOC entry 2702 (class 0 OID 0)
-- Dependencies: 217
-- Name: doc_class_codes_id_seq; Type: SEQUENCE SET; Schema: public; Owner: postgres
--

SELECT pg_catalog.setval('public.doc_class_codes_id_seq', 7, true);


--
-- TOC entry 2605 (class 0 OID 17145)
-- Dependencies: 218
-- Data for Name: doc_type_codes; Type: TABLE DATA; Schema: public; Owner: postgres
--

COPY public.doc_type_codes (id, code, display, system) FROM stdin;
1	55107-7	Addendum Document 	http://loinc.org
3	51851-4	Administrative note	http://loinc.org
4	67851-6	Admission evaluation note	http://loinc.org
5	34744-3	Nurse Admission evaluation note	http://loinc.org
6	34873-0	Surgery Admission evaluation note	http://loinc.org
2	34133-9	ADHD action plan	http://loinc.org
\.


--
-- TOC entry 2703 (class 0 OID 0)
-- Dependencies: 219
-- Name: doc_type_codes_id_seq; Type: SEQUENCE SET; Schema: public; Owner: postgres
--

SELECT pg_catalog.setval('public.doc_type_codes_id_seq', 6, true);


--
-- TOC entry 2607 (class 0 OID 17150)
-- Dependencies: 220
-- Data for Name: document_reference; Type: TABLE DATA; Schema: public; Owner: postgres
--

COPY public.document_reference (id, master_dentifier_system, master_dentifier_value, identifier_use, identifier_system, identifier_value, subject, type, class_code, document_format, author, custodian, authenticator, created, indexed, status, doc_status, description, confidentiality, content, context_event, context_period, context_facility_type) FROM stdin;
2	https://sitenv.org	882-777-1134	official 	urn:foo	1234	2	1	1	urn:ihe:pcc:xphr:2019	2	2	1	2005-12-23 00:00:00	2005-12-23 20:13:41+05:30	SUPERSEDED	amended	Physical	5	7	21	2	8
1	https://sitenv.org	222-338-1234	official 	urn:foo	7766	1	2	2	urn:ihe:pcc:xphr:2009	1	1	2	2005-12-24 00:00:00	2005-12-24 20:13:41+05:30	CURRENT	preliminary	Physical	4	6	20	1	7
3	https://sitenv.org	222-338-1234	official 	urn:foo	7766	3	2	2	urn:ihe:pcc:xphr:2009	1	1	2	2005-12-24 00:00:00	2005-12-24 20:13:41+05:30	CURRENT	preliminary	Physical	4	6	20	1	7
4	https://sitenv.org	222-338-1234	official 	urn:foo	7766	4	2	2	urn:ihe:pcc:xphr:2009	1	1	2	2005-12-24 00:00:00	2005-12-24 20:13:41+05:30	CURRENT	preliminary	Physical	4	6	20	1	7
5	https://sitenv.org	222-338-1234	official 	urn:foo	7766	5	2	2	urn:ihe:pcc:xphr:2009	1	1	2	2005-12-24 00:00:00	2005-12-24 20:13:41+05:30	CURRENT	preliminary	Physical	4	6	20	1	7
6	https://sitenv.org	222-338-1234	official 	urn:foo	7766	6	2	2	urn:ihe:pcc:xphr:2009	1	1	2	2005-12-24 00:00:00	2005-12-24 20:13:41+05:30	CURRENT	preliminary	Physical	4	6	20	1	7
7	https://sitenv.org	222-338-1234	official 	urn:foo	7766	7	2	2	urn:ihe:pcc:xphr:2009	1	1	2	2005-12-24 00:00:00	2005-12-24 20:13:41+05:30	CURRENT	preliminary	Physical	4	6	20	1	7
8	https://sitenv.org	222-338-1234	official 	urn:foo	7766	8	2	2	urn:ihe:pcc:xphr:2009	1	1	2	2006-12-24 00:00:00	2005-12-24 20:13:41+05:30	CURRENT	preliminary	Physical	4	6	20	1	7
9	https://sitenv.org	222-338-1234	official 	urn:foo	7766	9	2	2	urn:ihe:pcc:xphr:2009	1	1	2	2005-10-24 00:00:00	2005-12-24 20:13:41+05:30	CURRENT	preliminary	Physical	4	6	20	1	7
10	https://sitenv.org	222-338-1234	official 	urn:foo	7766	10	2	2	urn:ihe:pcc:xphr:2009	1	1	2	2003-12-14 00:00:00	2005-12-24 20:13:41+05:30	CURRENT	preliminary	Physical	4	6	20	1	7
11	https://sitenv.org	222-338-1234	official 	urn:foo	7766	11	2	2	urn:ihe:pcc:xphr:2009	1	1	2	2005-12-24 00:00:00	2005-12-24 20:13:41+05:30	CURRENT	preliminary	Physical	4	6	20	1	7
12	https://sitenv.org	222-338-1234	official 	urn:foo	7766	12	2	2	urn:ihe:pcc:xphr:2009	1	1	2	2007-09-08 00:00:00	2005-12-24 20:13:41+05:30	CURRENT	preliminary	Physical	4	6	20	1	7
13	https://sitenv.org	222-338-1234	official 	urn:foo	7766	13	2	2	urn:ihe:pcc:xphr:2009	1	1	2	2004-12-06 00:00:00	2005-12-24 20:13:41+05:30	CURRENT	preliminary	Physical	4	6	20	1	7
14	https://sitenv.org	222-338-1234	official 	urn:foo	7766	14	2	2	urn:ihe:pcc:xphr:2009	1	1	2	2004-11-25 00:00:00	2005-12-24 20:13:41+05:30	CURRENT	preliminary	Physical	4	6	20	1	7
\.


--
-- TOC entry 2704 (class 0 OID 0)
-- Dependencies: 222
-- Name: document_reference_id_seq; Type: SEQUENCE SET; Schema: public; Owner: postgres
--

SELECT pg_catalog.setval('public.document_reference_id_seq', 2, true);


--
-- TOC entry 2705 (class 0 OID 0)
-- Dependencies: 223
-- Name: document_reference_id_seq1; Type: SEQUENCE SET; Schema: public; Owner: postgres
--

SELECT pg_catalog.setval('public.document_reference_id_seq1', 2, true);


--
-- TOC entry 2608 (class 0 OID 17156)
-- Dependencies: 221
-- Data for Name: document_reference_json; Type: TABLE DATA; Schema: public; Owner: postgres
--

COPY public.document_reference_json (id, master_dentifier, identifier, subject, type, class_code, document_format) FROM stdin;
1	 { "system": "SSN", "value": "211-778-2345" }	 {"use":"official", "system": "urn:hapitest:mrns", "value": "urn:oid:1.3.6.1.4.1.21367.2005.3.7" }	1	1	1	urn:ihe:pcc:xphr:2007
2	 { "system": "SSN", "value": "222-338-1234" }	 {"use":"official", "system": "urn:hapitest:xyz", "value": "urn:oid:2.3.4.5.6.7.21367.2005.3.7" }	2	2	2	urn:ihe:pcc:xphr:2009
\.


--
-- TOC entry 2706 (class 0 OID 0)
-- Dependencies: 224
-- Name: event_period_id_seq; Type: SEQUENCE SET; Schema: public; Owner: postgres
--

SELECT pg_catalog.setval('public.event_period_id_seq', 2, true);


--
-- TOC entry 2612 (class 0 OID 17168)
-- Dependencies: 225
-- Data for Name: goals; Type: TABLE DATA; Schema: public; Owner: postgres
--

COPY public.goals (id, status, date, subject, status_reason, description, expressed_by, measure, range_low, range_high) FROM stdin;
1	INPROGRESS	2016-02-14	1	generated	{\r\n    "text": "Target weight is 160 to 180 lbs."\r\n  }	1	{\r\n          "system": "http://loinc.org",\r\n          "code": "3141-9",\r\n          "display": "Weight Measured"\r\n        }	{\r\n        "value": 160,\r\n        "unit": "lbs",\r\n        "system": "http://unitsofmeasure.org",\r\n        "code": "[lb_av]"\r\n      }	{\r\n        "value": 180,\r\n        "unit": "lbs",\r\n        "system": "http://unitsofmeasure.org",\r\n        "code": "[lb_av]"\r\n      }
\.


--
-- TOC entry 2707 (class 0 OID 0)
-- Dependencies: 226
-- Name: goals_id_seq; Type: SEQUENCE SET; Schema: public; Owner: postgres
--

SELECT pg_catalog.setval('public.goals_id_seq', 1, false);


--
-- TOC entry 2614 (class 0 OID 17176)
-- Dependencies: 227
-- Data for Name: immunization; Type: TABLE DATA; Schema: public; Owner: postgres
--

COPY public.immunization (id, status, date, vaccine_system, vaccine_code, vaccine_display, patient, notgiven, primary_source, report_origin, practitioner_role, practitioner_actor) FROM stdin;
1	COMPLETED	2015-01-07	http://hl7.org/fhir/sid/cvx	158	influenza, injectable, quadrivalent	1	f	t	{\r\n        "system": "http://hl7.org/fhir/immunization-origin",\r\n        "code": "record",\r\n\t\t"text": "Written Record"\r\n      }	{\r\n            "system": "http://hl7.org/fhir/v2/0443",\r\n            "code": "OP"\r\n          }	{\r\n        "reference": "Practitioner/1"\r\n      }
9	COMPLETED	2014-04-04	http://www2a.cdc.gov/vaccines/IIS/IISStandards/vaccines.asp?rpt=cvx	136	meningococcal oligosaccharide (groups A, C, Y and W-135) diphtheria toxoid conjugate vaccine (MCV4O)	9	f	t	{\r\n        "system": "http://hl7.org/fhir/immunization-origin",\r\n        "code": "record",\r\n\t\t"text": "Written Record"\r\n      }	{\r\n            "system": "http://hl7.org/fhir/v2/0443",\r\n            "code": "OP"\r\n          }	{\r\n        "reference": "Practitioner/1"\r\n      }
8	COMPLETED	2015-03-03	http://www2a.cdc.gov/vaccines/IIS/IISStandards/vaccines.asp?rpt=cvx	137	HPV, unspecified formulation	8	f	t	{\r\n        "system": "http://hl7.org/fhir/immunization-origin",\r\n        "code": "record",\r\n\t\t"text": "Written Record"\r\n      }	{\r\n            "system": "http://hl7.org/fhir/v2/0443",\r\n            "code": "OP"\r\n          }	{\r\n        "reference": "Practitioner/1"\r\n      }
7	COMPLETED	2012-12-02	http://www2a.cdc.gov/vaccines/IIS/IISStandards/vaccines.asp?rpt=cvx	03	measles, mumps and rubella virus vaccine	7	f	t	{\r\n        "system": "http://hl7.org/fhir/immunization-origin",\r\n        "code": "record",\r\n\t\t"text": "Written Record"\r\n      }	 {\r\n            "system": "http://hl7.org/fhir/v2/0443",\r\n            "code": "AP"\r\n          }	{\r\n        "reference": "Practitioner/1"\r\n      }
6	COMPLETED	2015-04-06	http://www2a.cdc.gov/vaccines/IIS/IISStandards/vaccines.asp?rpt=cvx	104	hepatitis A and hepatitis B vaccine	6	f	t	{\r\n        "system": "http://hl7.org/fhir/immunization-origin",\r\n        "code": "record",\r\n\t\t"text": "Written Record"\r\n      }	{\r\n            "system": "http://hl7.org/fhir/v2/0443",\r\n            "code": "OP"\r\n          }	{\r\n        "reference": "Practitioner/1"\r\n      }
5	COMPLETED	2014-05-16	http://www2a.cdc.gov/vaccines/IIS/IISStandards/vaccines.asp?rpt=cvx	21	varicella virus vaccine	5	f	t	{\r\n        "system": "http://hl7.org/fhir/immunization-origin",\r\n        "code": "record",\r\n\t\t"text": "Written Record"\r\n      }	 {\r\n            "system": "http://hl7.org/fhir/v2/0443",\r\n            "code": "AP"\r\n          }	{\r\n        "reference": "Practitioner/1"\r\n      }
4	COMPLETED	2005-05-05	http://www2a.cdc.gov/vaccines/IIS/IISStandards/vaccines.asp?rpt=cvx	116	rotavirus, live, pentavalent vaccine	4	f	t	{\r\n        "system": "http://hl7.org/fhir/immunization-origin",\r\n        "code": "record",\r\n\t\t"text": "Written Record"\r\n      }	{\r\n            "system": "http://hl7.org/fhir/v2/0443",\r\n            "code": "OP"\r\n          }	{\r\n        "reference": "Practitioner/1"\r\n      }
3	COMPLETED	2005-06-15	http://www2a.cdc.gov/vaccines/IIS/IISStandards/vaccines.asp?rpt=cvx	89	poliovirus vaccine, unspecified formulation	3	f	t	{\r\n        "system": "http://hl7.org/fhir/immunization-origin",\r\n        "code": "record",\r\n\t\t"text": "Written Record"\r\n      }	{\r\n            "system": "http://hl7.org/fhir/v2/0443",\r\n            "code": "OP"\r\n          }	{\r\n        "reference": "Practitioner/1"\r\n      }
2	COMPLETED	2007-09-27	http://www2a.cdc.gov/vaccines/IIS/IISStandards/vaccines.asp?rpt=cvx	110	DTaP-hepatitis B and poliovirus vaccine	2	f	t	{\r\n        "system": "http://hl7.org/fhir/immunization-origin",\r\n        "code": "record",\r\n\t\t"text": "Written Record"\r\n      }	 {\r\n            "system": "http://hl7.org/fhir/v2/0443",\r\n            "code": "AP"\r\n          }	{\r\n        "reference": "Practitioner/1"\r\n      }
10	COMPLETED	2011-11-09	http://www2a.cdc.gov/vaccines/IIS/IISStandards/vaccines.asp?rpt=cvx	43	hepatitis B vaccine, adult dosage	10	f	t	{\r\n        "system": "http://hl7.org/fhir/immunization-origin",\r\n        "code": "record",\r\n\t\t"text": "Written Record"\r\n      }	 {\r\n            "system": "http://hl7.org/fhir/v2/0443",\r\n            "code": "AP"\r\n          }	{\r\n        "reference": "Practitioner/1"\r\n      }
\.


--
-- TOC entry 2708 (class 0 OID 0)
-- Dependencies: 228
-- Name: immunization_id_seq; Type: SEQUENCE SET; Schema: public; Owner: postgres
--

SELECT pg_catalog.setval('public.immunization_id_seq', 2, true);


--
-- TOC entry 2616 (class 0 OID 17184)
-- Dependencies: 229
-- Data for Name: location; Type: TABLE DATA; Schema: public; Owner: postgres
--

COPY public.location (location_id, identifier, status, name, description, mode, type, telecom, address, physicaltype, "position", managingorganization, partof, operational_status, alias) FROM stdin;
1	{"system":"https://sitenv.org","value":"B1-S.F2"}	ACTIVE	South Wing	Second floor of the Old South Wing, formerly in use by Psychiatry	INSTANCE	\N	{\r\n      "system": "PHONE",\r\n      "value": "2328",\r\n      "use": "WORK"\r\n    }	{\r\n    "use": "WORK",\r\n    "line": "425 West Side dr",\r\n    "city": "Gaithersburg",\r\n    "state":"MD",\r\n    "postalCode": "20878",\r\n    "country": "US"\r\n  }	{\r\n        "system": "http://hl7.org/fhir/location-physical-type",\r\n        "code": "wi",\r\n        "display": "Wing"\r\n      }	{\r\n    "longitude": -83.6945691,\r\n    "latitude": 42.25475478,\r\n    "altitude": 0\r\n  }	1	\N	{\r\n    "system": "http://hl7.org/fhir/v2/0116",\r\n    "code": "H",\r\n    "display": "Housekeeping"\r\n  }	South Wing OR 5
\.


--
-- TOC entry 2709 (class 0 OID 0)
-- Dependencies: 230
-- Name: location_location_id_seq; Type: SEQUENCE SET; Schema: public; Owner: postgres
--

SELECT pg_catalog.setval('public.location_location_id_seq', 1, false);


--
-- TOC entry 2618 (class 0 OID 17192)
-- Dependencies: 231
-- Data for Name: manufacturer; Type: TABLE DATA; Schema: public; Owner: postgres
--

COPY public.manufacturer (id, name) FROM stdin;
1	Organization/1                                                                                      
\.


--
-- TOC entry 2619 (class 0 OID 17195)
-- Dependencies: 232
-- Data for Name: marital_status; Type: TABLE DATA; Schema: public; Owner: postgres
--

COPY public.marital_status (code, display) FROM stdin;
A	Annulled
D	Divorced
I	Interlocutory
L	Legally Separated
M	Married
P	Polygamous
S	Never Married
T	Domestic partner
U	unmarried
W	Widowed
\.


--
-- TOC entry 2620 (class 0 OID 17198)
-- Dependencies: 233
-- Data for Name: medication; Type: TABLE DATA; Schema: public; Owner: postgres
--

COPY public.medication (id, med_code, med_isbrand, med_manufacturer, med_display, med_system, status, isoverthecounter, form, ingredient_item, ingredient_denominator, ingredient_numerator, package_container, package_batch, package_content_item, package_content_amount) FROM stdin;
1	582620	f	1	Nizatidine 15 MG/ML Oral Solution [Axid]                                                            	http://www.nlm.nih.gov/research/umls/rxnorm	ACTIVE	f	{\r\n        "system": "http://snomed.info/sct",\r\n        "code": "385219001",\r\n        "display": "Injection Solution (qualifier value)"\r\n      }	{\r\n            "system": "http://www.nlm.nih.gov/research/umls/rxnorm",\r\n            "code": "66955",\r\n            "display": "Vancomycin Hydrochloride"\r\n          }	{\r\n          "value": 10,\r\n          "system": "http://unitsofmeasure.org",\r\n          "code": "mL"\r\n        }	{\r\n          "value": 500,\r\n          "system": "http://unitsofmeasure.org",\r\n          "code": "mg"\r\n        }	{\r\n          "system": "http://snomed.info/sct",\r\n          "code": "415818006",\r\n          "display": "Vial"\r\n        }	{\r\n        "lotNumber": "9494788",\r\n        "expirationDate": "2017-05-22"\r\n      }	{\r\n              "system": "http://snomed.info/sct",\r\n              "code": "324337001",\r\n              "display": "Vancomycin 500mg powder for infusion solution vial (product)"\r\n            }	{\r\n          "value": 10,\r\n          "system": "http://unitsofmeasure.org",\r\n          "code": "mL"\r\n        }
\.


--
-- TOC entry 2621 (class 0 OID 17204)
-- Dependencies: 234
-- Data for Name: medication_administration; Type: TABLE DATA; Schema: public; Owner: postgres
--

COPY public.medication_administration (id, identifier_system, identifier_value, status, subject, prescription, notgiven, medicationcodeableconcept, medicationreference, dosage, definition, partof, category, context, supporting_info, effective, reasonnotgiven, performer_actor, performer_onbehalfof, reason_code) FROM stdin;
1	https://sitenv.org                                                                                  	7755                                                                                                	COMPLETED                                         	1	1	t	{"code":"103439","display":"Desonide 0.5 MG/ML Topical Cream"}	1	{"sitedisplay":"Parathyroid glans","code":"mg","system":"http://unitsofmeasure.org","value":80,"sitecode":"111002","unit":"mg"}	\N	\N	{\r\n        "system": "http://hl7.org/fhir/medication-admin-category",\r\n        "code": "inpatient",\r\n        "display": "Inpatient"\r\n      }	\N	\N	{\r\n    "start": "2015-01-15",\r\n    "end": "2015-01-15T14:30:00+01:00"\r\n  }	{\r\n          "system": "http://snomed.info/sct",\r\n          "code": "373147003",\r\n          "display": "Administration of medication not done due to a contraindication (situation)"\r\n        }	{\r\n        "reference": "Practitioner/6",\r\n        "display": "Paricker Order"\r\n      }	\N	{\r\n          "system": "http://hl7.org/fhir/reason-medication-given",\r\n          "code": "b",\r\n          "display": "Given as Ordered"\r\n        }
\.


--
-- TOC entry 2622 (class 0 OID 17210)
-- Dependencies: 235
-- Data for Name: medication_dispense; Type: TABLE DATA; Schema: public; Owner: postgres
--

COPY public.medication_dispense (id, identifier_system, identifier_value, patient, dispenser, authorizingprescription, medicationreference, dosageinstruction, status, medicationcodeableconcept) FROM stdin;
3	https://sitenv.org                                                                                  	6677                                                                                                	11	1	1	1	{"text":"10U every AM, 5U every PM, 5U at bedtime","timingstart":"2015-04-05","timingend":"2016-04-05","timingfrequency":"2","timingperiod":"1","timingperiodunits":"D","routecode":"C38288","routedisplay":"ORAL","dosevalue":"40","doseunit":"ml","dosecode":"ml"}	COMPLETED                                                                                           	{\r\n                            "system": "http://www.nlm.nih.gov/research/umls/rxnorm",\r\n                            "code": "311036",\r\n                            "display": "Humulin R (insulin regular, human) U100  100units/ml inj solution",\r\n                            "userSelected": false\r\n                        }
4	https://sitenv.org                                                                                  	6677                                                                                                	11	1	1	1	{"text":"30mg (3 tablets) by mouth once daily","timingstart":"2015-04-05","timingend":"2016-04-05","timingfrequency":"2","timingperiod":"1","timingperiodunits":"D","routecode":"C38288","routedisplay":"ORAL","dosevalue":"90","doseunit":"tablets","dosecode":"tablets"}	COMPLETED                                                                                           	{\r\n                            "system": "http://www.nlm.nih.gov/research/umls/rxnorm",\r\n                            "code": "314231",\r\n                            "display": "Simvastatin 10 MG Oral Tablet",\r\n                            "userSelected": false\r\n                        }
6	https://sitenv.org                                                                                  	6677                                                                                                	11	1	1	1	{"text":"Take 30mg  by mouth every morning.","timingstart":"2015-04-05","timingend":"2016-04-05","timingfrequency":"2","timingperiod":"1","timingperiodunits":"D","routecode":"C38288","routedisplay":"ORAL","dosevalue":"30","doseunit":"tablets","dosecode":"tablets"}	COMPLETED                                                                                           	{\r\n                            "system": "http://www.nlm.nih.gov/research/umls/rxnorm",\r\n                            "code": "198145",\r\n                            "display": "Prednisone 10 MG Oral Tablet",\r\n                            "userSelected": false\r\n                        }
7	https://sitenv.org                                                                                  	6677                                                                                                	11	1	1	1	{"text":"40mg (4 tablets) by mouth once daily","timingstart":"2015-04-05","timingend":"2016-04-05","timingfrequency":"2","timingperiod":"1","timingperiodunits":"D","routecode":"C38288","routedisplay":"ORAL","dosevalue":"120","doseunit":"tablets","dosecode":"tablets"}	COMPLETED                                                                                           	{\r\n                            "system": "http://www.nlm.nih.gov/research/umls/rxnorm",\r\n                            "code": "314231",\r\n                            "display": "Simvastatin 10 MG Oral Tablet",\r\n                            "userSelected": false\r\n                        }
9	https://sitenv.org                                                                                  	6677                                                                                                	11	1	1	1	{"text":"40mg by mouth once daily","timingstart":"2015-04-05","timingend":"2016-04-05","timingfrequency":"2","timingperiod":"1","timingperiodunits":"D","routecode":"C38288","routedisplay":"ORAL","dosevalue":"60","doseunit":"tablets","dosecode":"tablets"}	COMPLETED                                                                                           	{\r\n                            "system": "http://www.nlm.nih.gov/research/umls/rxnorm",\r\n                            "code": "104491",\r\n                            "display": "Simvastatin 20 MG Oral Tablet [Zocor]",\r\n                            "userSelected": false\r\n                        }
10	https://sitenv.org                                                                                  	6677                                                                                                	11	1	1	1	{"text":"40mg by mouth once daily","timingstart":"2015-04-05","timingend":"2016-04-05","timingfrequency":"2","timingperiod":"1","timingperiodunits":"D","routecode":"C38288","routedisplay":"ORAL","dosevalue":"60","doseunit":"tablets","dosecode":"tablets"}	COMPLETED                                                                                           	{\r\n                            "system": "http://www.nlm.nih.gov/research/umls/rxnorm",\r\n                            "code": "104491",\r\n                            "display": "Simvastatin 20 MG Oral Tablet [Zocor]",\r\n                            "userSelected": false\r\n                        }
12	https://sitenv.org                                                                                  	6677                                                                                                	12	1	1	1	{"text":"1 tablet (20mg) daily.","timingstart":"2015-04-05","timingend":"2016-04-05","timingfrequency":"2","timingperiod":"1","timingperiodunits":"D","routecode":"C38288","routedisplay":"ORAL","dosevalue":"90","doseunit":"tablets","dosecode":"tablets"}	COMPLETED                                                                                           	{\r\n                            "system": "http://www.nlm.nih.gov/research/umls/rxnorm",\r\n                            "code": "104378",\r\n                            "display": " Zestril 20 MG Oral Tablet",\r\n                            "userSelected": false\r\n                        }
13	https://sitenv.org                                                                                  	6677                                                                                                	12	1	1	1	{"text":"1 tablet (50mg) every morning.","timingstart":"2015-04-05","timingend":"2016-04-05","timingfrequency":"2","timingperiod":"1","timingperiodunits":"D","routecode":"C38288","routedisplay":"ORAL","dosevalue":"90","doseunit":"tablets","dosecode":"tablets"}	COMPLETED                                                                                           	{\r\n                            "system": "http://www.nlm.nih.gov/research/umls/rxnorm",\r\n                            "code": "197770",\r\n                            "display":  "Hydrochlorothiazide 50 MG Oral Tablet",\r\n                            "userSelected": false\r\n                        }
16	https://sitenv.org                                                                                  	6677                                                                                                	12	1	1	1	{"text":"1 tablet (50mg) every morning.","timingstart":"2015-04-05","timingend":"2016-04-05","timingfrequency":"2","timingperiod":"1","timingperiodunits":"D","routecode":"C38288","routedisplay":"ORAL","dosevalue":"90","doseunit":"tablets","dosecode":"tablets"}	COMPLETED                                                                                           	{\r\n                            "system": "http://www.nlm.nih.gov/research/umls/rxnorm",\r\n                            "code": "197770",\r\n                            "display":  "Hydrochlorothiazide 50 MG Oral Tablet",\r\n                            "userSelected": false\r\n                        }
17	https://sitenv.org                                                                                  	6677                                                                                                	13	1	1	1	{"text":"1 tablet daily","timingstart":"2015-04-05","timingend":"2016-04-05","timingfrequency":"2","timingperiod":"1","timingperiodunits":"D","routecode":"C38288","routedisplay":"ORAL","dosevalue":"90","doseunit":"tablets","dosecode":"tablets"}	COMPLETED                                                                                           	{\r\n                            "system": "http://www.nlm.nih.gov/research/umls/rxnorm",\r\n                            "code": "866516",\r\n                            "display": "Metoprolol Tartrate 50 MG Oral Tablet [Lopressor]",\r\n                            "userSelected": false\r\n                        }
19	https://sitenv.org                                                                                  	6677                                                                                                	13	1	1	1	{"text":"1 tablet every Tues, Thurs, Sat","timingstart":"2015-04-05","timingend":"2016-04-05","timingfrequency":"2","timingperiod":"1","timingperiodunits":"D","routecode":"C38288","routedisplay":"ORAL","dosevalue":"30","doseunit":"tablets","dosecode":"tablets"}	COMPLETED                                                                                           	{\r\n                            "system": "http://www.nlm.nih.gov/research/umls/rxnorm",\r\n                            "code": "855318",\r\n                            "display": "Warfarin Sodium 3 MG Oral Tablet",\r\n                            "userSelected": false\r\n                        }
20	https://sitenv.org                                                                                  	6677                                                                                                	13	1	1	1	{"text":"1 tablet daily","timingstart":"2015-04-05","timingend":"2016-04-05","timingfrequency":"2","timingperiod":"1","timingperiodunits":"D","routecode":"C38288","routedisplay":"ORAL","dosevalue":"90","doseunit":"tablets","dosecode":"tablets"}	COMPLETED                                                                                           	{\r\n                            "system": "http://www.nlm.nih.gov/research/umls/rxnorm",\r\n                            "code": "866516",\r\n                            "display": "Metoprolol Tartrate 50 MG Oral Tablet [Lopressor]",\r\n                            "userSelected": false\r\n                        }
22	https://sitenv.org                                                                                  	6677                                                                                                	13	1	1	1	{"text":"1 tablet every Tues, Thurs, Sat","timingstart":"2015-04-05","timingend":"2016-04-05","timingfrequency":"2","timingperiod":"1","timingperiodunits":"D","routecode":"C38288","routedisplay":"ORAL","dosevalue":"30","doseunit":"tablets","dosecode":"tablets"}	COMPLETED                                                                                           	{\r\n                            "system": "http://www.nlm.nih.gov/research/umls/rxnorm",\r\n                            "code": "855318",\r\n                            "display": "Warfarin Sodium 3 MG Oral Tablet",\r\n                            "userSelected": false\r\n                        }
23	https://sitenv.org                                                                                  	6677                                                                                                	14	1	1	1	{"text":"3 tablet (1500mg) three times a day after meals","timingstart":"2015-04-05","timingend":"2016-04-05","timingfrequency":"2","timingperiod":"1","timingperiodunits":"D","routecode":"C38288","routedisplay":"ORAL","dosevalue":"270","doseunit":"tablets","dosecode":"tablets"}	COMPLETED                                                                                           	{\r\n                            "system": "http://www.nlm.nih.gov/research/umls/rxnorm",\r\n                            "code": "724154",\r\n                            "display": "Sulfasalazine 500 MG Delayed Release Oral Tablet [Azulfidine] ",\r\n                            "userSelected": false\r\n                        }
25	https://sitenv.org                                                                                  	6677                                                                                                	14	1	1	1	{"text":"Take 7 and a half tablets (150mg) every morningfor 5 days.","timingstart":"2015-04-05","timingend":"2016-04-05","timingfrequency":"2","timingperiod":"1","timingperiodunits":"D","routecode":"C38288","routedisplay":"ORAL","dosevalue":"45","doseunit":"tablets","dosecode":"tablets"}	COMPLETED                                                                                           	{\r\n                            "system": "http://www.nlm.nih.gov/research/umls/rxnorm",\r\n                            "code": "312615",\r\n                            "display": "predniSONE 20 MG Oral Tablet ",\r\n                            "userSelected": false\r\n                        }
26	https://sitenv.org                                                                                  	6677                                                                                                	14	1	1	1	{"text":"3 tablet (1500mg) three times a day after meals","timingstart":"2015-04-05","timingend":"2016-04-05","timingfrequency":"2","timingperiod":"1","timingperiodunits":"D","routecode":"C38288","routedisplay":"ORAL","dosevalue":"270","doseunit":"tablets","dosecode":"tablets"}	COMPLETED                                                                                           	{\r\n                            "system": "http://www.nlm.nih.gov/research/umls/rxnorm",\r\n                            "code": "724154",\r\n                            "display": "Sulfasalazine 500 MG Delayed Release Oral Tablet [Azulfidine] ",\r\n                            "userSelected": false\r\n                        }
1	https://sitenv.org                                                                                  	6677                                                                                                	1	1	1	1	{"text":"10 mL bid","timingstart":"2008-04-05","timingend":"2009-04-05","timingfrequency":"2","timingperiod":"1","timingperiodunits":"D","routecode":"C38192","routedisplay":"AURICULAR","dosevalue":"10","doseunit":"mL","dosecode":"mL"}	COMPLETED                                                                                           	{\r\n                            "system": "http://www.nlm.nih.gov/research/umls/rxnorm",\r\n                            "code": "104491",\r\n                            "display": "Simvastatin 20 MG Oral Tablet [Zocor]",\r\n                            "userSelected": false\r\n                        }
2	https://sitenv.org                                                                                  	6677                                                                                                	11	1	1	1	{"text":"40mg by mouth once daily","timingstart":"2015-04-05","timingend":"2016-04-05","timingfrequency":"2","timingperiod":"1","timingperiodunits":"D","routecode":"C38288","routedisplay":"ORAL","dosevalue":"60","doseunit":"tablets","dosecode":"tablets"}	COMPLETED                                                                                           	{\r\n                            "system": "http://www.nlm.nih.gov/research/umls/rxnorm",\r\n                            "code": "104491",\r\n                            "display": "Simvastatin 20 MG Oral Tablet [Zocor]",\r\n                            "userSelected": false\r\n                        }
5	https://sitenv.org                                                                                  	6677                                                                                                	11	1	1	1	{"text":"400mg by mouth every 6 hours as needed for pain. Take with food only as I need. No more than 8 tablets per day.","timingstart":"2015-04-05","timingend":"2016-04-05","timingfrequency":"2","timingperiod":"1","timingperiodunits":"D","routecode":"C38288","routedisplay":"ORAL","dosevalue":"120","doseunit":"tablets","dosecode":"tablets"}	COMPLETED                                                                                           	{\r\n                            "system": "http://www.nlm.nih.gov/research/umls/rxnorm",\r\n                            "code": "201142",\r\n                            "display": "Ibuprofen 400 MG Oral Tablet [Motrin]",\r\n                            "userSelected": false\r\n                        }
8	https://sitenv.org                                                                                  	6677                                                                                                	11	1	1	1	{"text":"40mg by mouth once daily","timingstart":"2015-04-05","timingend":"2016-04-05","timingfrequency":"2","timingperiod":"1","timingperiodunits":"D","routecode":"C38288","routedisplay":"ORAL","dosevalue":"60","doseunit":"tablets","dosecode":"tablets"}	COMPLETED                                                                                           	{\r\n                            "system": "http://www.nlm.nih.gov/research/umls/rxnorm",\r\n                            "code": "104491",\r\n                            "display": "Simvastatin 20 MG Oral Tablet [Zocor]",\r\n                            "userSelected": false\r\n                        }
11	https://sitenv.org                                                                                  	6677                                                                                                	12	1	1	1	{"text":"1 tablet (400mg) every 6 hours for pain.","timingstart":"2015-04-05","timingend":"2016-04-05","timingfrequency":"2","timingperiod":"1","timingperiodunits":"D","routecode":"C38288","routedisplay":"ORAL","dosevalue":"100","doseunit":"tablets","dosecode":"tablets"}	COMPLETED                                                                                           	{\r\n                            "system": "http://www.nlm.nih.gov/research/umls/rxnorm",\r\n                            "code": "197805",\r\n                            "display": "Ibuprofen 400 MG Oral Tablet",\r\n                            "userSelected": false\r\n                        }
14	https://sitenv.org                                                                                  	6677                                                                                                	12	1	1	1	{"text":"1 tablet (400mg) every 6 hours for pain.","timingstart":"2015-04-05","timingend":"2016-04-05","timingfrequency":"2","timingperiod":"1","timingperiodunits":"D","routecode":"C38288","routedisplay":"ORAL","dosevalue":"100","doseunit":"tablets","dosecode":"tablets"}	COMPLETED                                                                                           	{\r\n                            "system": "http://www.nlm.nih.gov/research/umls/rxnorm",\r\n                            "code": "197805",\r\n                            "display": "Ibuprofen 400 MG Oral Tablet",\r\n                            "userSelected": false\r\n                        }
27	https://sitenv.org                                                                                  	6677                                                                                                	14	1	1	1	{"text":"4 tablets (200mg) daily.","timingstart":"2015-04-05","timingend":"2016-04-05","timingfrequency":"2","timingperiod":"1","timingperiodunits":"D","routecode":"C38288","routedisplay":"ORAL","dosevalue":"120","doseunit":"tablets","dosecode":"tablets"}	COMPLETED                                                                                           	{\r\n                            "system": "http://www.nlm.nih.gov/research/umls/rxnorm",\r\n                            "code": "105611",\r\n                            "display": "Azathioprine 50 MG Oral Tablet [Imuran]",\r\n                            "userSelected": false\r\n                        }
15	https://sitenv.org                                                                                  	6677                                                                                                	12	1	1	1	{"text":"1 tablet (20mg) daily.","timingstart":"2015-04-05","timingend":"2016-04-05","timingfrequency":"2","timingperiod":"1","timingperiodunits":"D","routecode":"C38288","routedisplay":"ORAL","dosevalue":"90","doseunit":"tablets","dosecode":"tablets"}	COMPLETED                                                                                           	{\r\n                            "system": "http://www.nlm.nih.gov/research/umls/rxnorm",\r\n                            "code": "104378",\r\n                            "display": " Zestril 20 MG Oral Tablet",\r\n                            "userSelected": false\r\n                        }
18	https://sitenv.org                                                                                  	6677                                                                                                	13	1	1	1	{"text":"1 tablet every Monday, Wed,Fri, Sun","timingstart":"2015-04-05","timingend":"2016-04-05","timingfrequency":"2","timingperiod":"1","timingperiodunits":"D","routecode":"C38288","routedisplay":"ORAL","dosevalue":"30","doseunit":"tablets","dosecode":"tablets"}	COMPLETED                                                                                           	{\r\n                            "system": "http://www.nlm.nih.gov/research/umls/rxnorm",\r\n                            "code": "855304",\r\n                            "display": "Warfarin Sodium 2 MG Oral Tablet [Coumadin]",\r\n                            "userSelected": false\r\n                        }
21	https://sitenv.org                                                                                  	6677                                                                                                	13	1	1	1	{"text":"2 tablet every Monday, Wed,Fri, Sun","timingstart":"2015-04-05","timingend":"2016-04-05","timingfrequency":"2","timingperiod":"1","timingperiodunits":"D","routecode":"C38288","routedisplay":"ORAL","dosevalue":"60","doseunit":"tablets","dosecode":"tablets"}	COMPLETED                                                                                           	{\r\n                            "system": "http://www.nlm.nih.gov/research/umls/rxnorm",\r\n                            "code": "855288",\r\n                            "display": "Warfarin Sodium 1 MG Oral Tablet",\r\n                            "userSelected": false\r\n                        }
24	https://sitenv.org                                                                                  	6677                                                                                                	14	1	1	1	{"text":"4 tablets (200mg) daily.","timingstart":"2015-04-05","timingend":"2016-04-05","timingfrequency":"2","timingperiod":"1","timingperiodunits":"D","routecode":"C38288","routedisplay":"ORAL","dosevalue":"120","doseunit":"tablets","dosecode":"tablets"}	COMPLETED                                                                                           	{\r\n                            "system": "http://www.nlm.nih.gov/research/umls/rxnorm",\r\n                            "code": "105611",\r\n                            "display": "Azathioprine 50 MG Oral Tablet [Imuran]",\r\n                            "userSelected": false\r\n                        }
\.


--
-- TOC entry 2623 (class 0 OID 17216)
-- Dependencies: 236
-- Data for Name: medication_request; Type: TABLE DATA; Schema: public; Owner: postgres
--

COPY public.medication_request (id, identifier, definition, basedon, groupidentifier, status, intent, category, priority, medication, subject, context, supportinginfo, authoredon, requester, recorder, reasoncode, reasonreference, notes, dosageinstruction, dispenserequest_period, dispenserequest_quantity, dispenserequest_supply, substitution, priorpresciption, detectedissue, eventhistory, medication_reference) FROM stdin;
1	{\r\n      "use": "official",\r\n      "system": "http://www.bmc.nl/portal/prescriptions",\r\n      "value": "12345"\r\n    }	\N	1	\N	ACTIVE	ORDER	\N	\N	{"code":"884308","system":"http://www.nlm.nih.gov/research/umls/rxnorm","display":"Nystatin 100UNT/MG Topical Ointment"}	1	\N	\N	2015-03-01	{\r\n      "reference": "Practitioner/f007",\r\n      "display": "Patrick Pump"\r\n    }	\N	{\r\n          "system": "http://snomed.info/sct",\r\n          "code": "59621000",\r\n          "display": "Essential hypertension (disorder)"\r\n        }	\N	\N	{\r\n      "sequence": 1,\r\n      "text": "Take one tablet daily as directed"\r\n    }	\N	\N	\N	\N	\N	\N	\N	\N
\.


--
-- TOC entry 2710 (class 0 OID 0)
-- Dependencies: 237
-- Name: medication_request_id_seq; Type: SEQUENCE SET; Schema: public; Owner: postgres
--

SELECT pg_catalog.setval('public.medication_request_id_seq', 1, false);


--
-- TOC entry 2625 (class 0 OID 17224)
-- Dependencies: 238
-- Data for Name: medication_statement; Type: TABLE DATA; Schema: public; Owner: postgres
--

COPY public.medication_statement (id, subject, effectiveperiod, medicationcodeableconcept, medicationreference, dosage, identifier_system, identifier_value, status, basedon, partof, category, information_source, context, derivedfrom, taken, reason_code, reason_reference, reasonnottaken) FROM stdin;
6	6	2008-08-09	{"code":"27658006","display":"Amoxicillin (product)", "system": "http://www.nlm.nih.gov/research/umls/rxnorm"}	1	{"timingstart":"2008-04-05","timingfrequency":"2","timingperiod":"1","timingperiodunits":"D","routecode":"C38192","routedisplay":"AURICULAR","quantityvalue":"1","quantityunit":"mL","quantitycode":"mL","dosagetext":"2 capsules daily by mouth"}	https://sitenv.org                                                                                  	7705                                                                                                	ACTIVE                                            	\N	\N	 {\r\n        "system": "http://hl7.org/fhir/medication-statement-category",\r\n        "code": "inpatient",\r\n        "display": "Inpatient"\r\n      }	\N	\N	\N	N	{\r\n          "system": "http://snomed.info/sct",\r\n          "code": "32914008",\r\n          "display": "Restless Legs"\r\n        }	\N	{\r\n          "system": "http://snomed.info/sct",\r\n          "code": "166643006",\r\n          "display": "Liver enzymes abnormal"\r\n        }
13	11	2016-01-20	{"code":"1187973","display":"Zocor Oral Product", "system": "http://www.nlm.nih.gov/research/umls/rxnorm"}	1	{"timingstart":"2016-01-20","timingfrequency":"3","timingperiod":"1","timingperiodunits":"D","routecode":"C38288","routedisplay":"ORAL","quantityvalue":"30","quantityunit":"mg","quantitycode":"mg","dosagetext":"30 mg once daily"}	https://sitenv.org                                                                                  	7707                                                                                                	ACTIVE                                            	\N	\N	 {\r\n        "system": "http://hl7.org/fhir/medication-statement-category",\r\n        "code": "inpatient",\r\n        "display": "Inpatient"\r\n      }	\N	\N	\N	N	{\r\n          "system": "http://snomed.info/sct",\r\n          "code": "32914008",\r\n          "display": "Restless Legs"\r\n        }	\N	{\r\n          "system": "http://snomed.info/sct",\r\n          "code": "166643006",\r\n          "display": "Liver enzymes abnormal"\r\n        }
12	11	2015-08-01	{"code":"311036","display":"Humulin R (insulin regular, human) U100  100units/ml inj solution", "system": "http://www.nlm.nih.gov/research/umls/rxnorm"}	1	{"timingstart":"2015-08-01","timingfrequency":"3","timingperiod":"1","timingperiodunits":"D","routecode":"C38288","routedisplay":"ORAL","quantityvalue":"10","quantityunit":"U","quantitycode":"U","dosagetext":" 10U every AM, 10U every PM, 5U at bedtime"}	https://sitenv.org                                                                                  	7707                                                                                                	ACTIVE                                            	\N	\N	 {\r\n        "system": "http://hl7.org/fhir/medication-statement-category",\r\n        "code": "inpatient",\r\n        "display": "Inpatient"\r\n      }	\N	\N	\N	Y	{\r\n          "system": "http://snomed.info/sct",\r\n          "code": "32914008",\r\n          "display": "Restless Legs"\r\n        }	\N	{\r\n          "system": "http://snomed.info/sct",\r\n          "code": "166643006",\r\n          "display": "Liver enzymes abnormal"\r\n        }
4	4	2012-12-13	{"code":"27658006","display":"Amoxicillin (product)", "system": "http://www.nlm.nih.gov/research/umls/rxnorm"}	1	{"timingstart":"2008-04-05","timingfrequency":"2","timingperiod":"1","timingperiodunits":"D","routecode":"C38192","routedisplay":"AURICULAR","quantityvalue":"1","quantityunit":"mL","quantitycode":"mL","dosagetext":" 10U every AM, 10U every PM, 5U at bedtime"}	https://sitenv.org                                                                                  	7703                                                                                                	ACTIVE                                            	\N	\N	 {\r\n        "system": "http://hl7.org/fhir/medication-statement-category",\r\n        "code": "inpatient",\r\n        "display": "Inpatient"\r\n      }	\N	\N	\N	Y	{\r\n          "system": "http://snomed.info/sct",\r\n          "code": "32914008",\r\n          "display": "Restless Legs"\r\n        }	\N	{\r\n          "system": "http://snomed.info/sct",\r\n          "code": "166643006",\r\n          "display": "Liver enzymes abnormal"\r\n        }
2	2	2015-02-01	{"code":"34246","display":"Polymyxin B / Trimethoprim Ophthalmic Solution", "system": "http://www.nlm.nih.gov/research/umls/rxnorm"}	1	{"timingstart":"2008-04-05","timingfrequency":"2","timingperiod":"1","timingperiodunits":"D","routecode":"C38192","routedisplay":"AURICULAR","quantityvalue":"1","quantityunit":"mL","quantitycode":"mL","dosagetext":"1ml intramuscularly every 3 weeks.  Notes:  Get at doctor's office every third Friday. Taking for my energy level and drive."}	https://sitenv.org                                                                                  	7701                                                                                                	ACTIVE                                            	\N	\N	 {\r\n        "system": "http://hl7.org/fhir/medication-statement-category",\r\n        "code": "inpatient",\r\n        "display": "Inpatient"\r\n      }	\N	\N	\N	N	{\r\n          "system": "http://snomed.info/sct",\r\n          "code": "32914008",\r\n          "display": "Restless Legs"\r\n        }	\N	{\r\n          "system": "http://snomed.info/sct",\r\n          "code": "166643006",\r\n          "display": "Liver enzymes abnormal"\r\n        }
22	12	2014-05-30	{"code":"197770","display":"Hydrochlorothiazide 50 MG Oral Tablet", "system": "http://www.nlm.nih.gov/research/umls/rxnorm"}	1	{"timingstart":"2014-05-30","timingfrequency":"3","timingperiod":"1","timingperiodunits":"D","routecode":"C38288","routedisplay":"ORAL","quantityvalue":"1","quantityunit":"mg","quantitycode":"mg","dosagetext":"1 tablet  daily. "}	https://sitenv.org                                                                                  	7707                                                                                                	ACTIVE                                            	\N	\N	 {\r\n        "system": "http://hl7.org/fhir/medication-statement-category",\r\n        "code": "inpatient",\r\n        "display": "Inpatient"\r\n      }	\N	\N	\N	Y	{\r\n          "system": "http://snomed.info/sct",\r\n          "code": "32914008",\r\n          "display": "Restless Legs"\r\n        }	\N	{\r\n          "system": "http://snomed.info/sct",\r\n          "code": "166643006",\r\n          "display": "Liver enzymes abnormal"\r\n        }
25	13	2016-07-01	{"code":"997501","display":"Fexofenadine hydrochloride 60 MG Oral Tablet", "system": "http://www.nlm.nih.gov/research/umls/rxnorm"}	1	{"timingstart":"2016-07-01","timingfrequency":"3","timingperiod":"1","timingperiodunits":"D","routecode":"C38288","routedisplay":"ORAL","quantityvalue":"1","quantityunit":"mg","quantitycode":"mg","dosagetext":" 1 tablet daily as needed for pollen allergy"}	https://sitenv.org                                                                                  	7707                                                                                                	ACTIVE                                            	\N	\N	 {\r\n        "system": "http://hl7.org/fhir/medication-statement-category",\r\n        "code": "inpatient",\r\n        "display": "Inpatient"\r\n      }	\N	\N	\N	N	{\r\n          "system": "http://snomed.info/sct",\r\n          "code": "32914008",\r\n          "display": "Restless Legs"\r\n        }	\N	{\r\n          "system": "http://snomed.info/sct",\r\n          "code": "166643006",\r\n          "display": "Liver enzymes abnormal"\r\n        }
16	12	2016-06-27	{"code":"1156277","display":"Ibuprofen Oral Product", "system": "http://www.nlm.nih.gov/research/umls/rxnorm"}	1	{"timingstart":"2016-06-27","timingfrequency":"3","timingperiod":"1","timingperiodunits":"D","routecode":"C38288","routedisplay":"ORAL","quantityvalue":"400","quantityunit":"mg","quantitycode":"mg","dosagetext":" 400mg every 6 hours for pain."}	https://sitenv.org                                                                                  	7707                                                                                                	ACTIVE                                            	\N	\N	 {\r\n        "system": "http://hl7.org/fhir/medication-statement-category",\r\n        "code": "inpatient",\r\n        "display": "Inpatient"\r\n      }	\N	\N	\N	Y	{\r\n          "system": "http://snomed.info/sct",\r\n          "code": "32914008",\r\n          "display": "Restless Legs"\r\n        }	\N	{\r\n          "system": "http://snomed.info/sct",\r\n          "code": "166643006",\r\n          "display": "Liver enzymes abnormal"\r\n        }
9	11	2016-09-01	{"code":"835829","display":"testosterone cypionate 100 MG/ML Injectable Solution", "system": "http://www.nlm.nih.gov/research/umls/rxnorm"}	1	{"timingstart":"2016-09-01","timingfrequency":"2","timingperiod":"1","timingperiodunits":"D","routecode":"C38288","routedisplay":"ORAL","quantityvalue":"1","quantityunit":"mL","quantitycode":"mL","dosagetext":"1ml intramuscularly every 3 weeks"}	https://sitenv.org                                                                                  	7707                                                                                                	ACTIVE                                            	\N	\N	 {\r\n        "system": "http://hl7.org/fhir/medication-statement-category",\r\n        "code": "inpatient",\r\n        "display": "Inpatient"\r\n      }	\N	\N	\N	Y	{\r\n          "system": "http://snomed.info/sct",\r\n          "code": "32914008",\r\n          "display": "Restless Legs"\r\n        }	\N	{\r\n          "system": "http://snomed.info/sct",\r\n          "code": "166643006",\r\n          "display": "Liver enzymes abnormal"\r\n        }
19	12	2015-05-17	{"code":"1157047","display":"ST. JOHN'S WORT EXTRACT Oral Product", "system": "http://www.nlm.nih.gov/research/umls/rxnorm"}	1	{"timingstart":"2015-05-17","timingfrequency":"3","timingperiod":"1","timingperiodunits":"D","routecode":"C38288","routedisplay":"ORAL","quantityvalue":"2","quantityunit":"mg","quantitycode":"mg","dosagetext":"2 capsules daily by mouth"}	https://sitenv.org                                                                                  	7707                                                                                                	ACTIVE                                            	\N	\N	 {\r\n        "system": "http://hl7.org/fhir/medication-statement-category",\r\n        "code": "inpatient",\r\n        "display": "Inpatient"\r\n      }	\N	\N	\N	N	{\r\n          "system": "http://snomed.info/sct",\r\n          "code": "32914008",\r\n          "display": "Restless Legs"\r\n        }	\N	{\r\n          "system": "http://snomed.info/sct",\r\n          "code": "166643006",\r\n          "display": "Liver enzymes abnormal"\r\n        }
23	12	2015-06-17	{"code":"1157047","display":"ST. JOHN'S WORT EXTRACT Oral Product", "system": "http://www.nlm.nih.gov/research/umls/rxnorm"}	1	{"timingstart":"2015-06-17","timingfrequency":"3","timingperiod":"1","timingperiodunits":"D","routecode":"C38288","routedisplay":"ORAL","quantityvalue":"3","quantityunit":"mg","quantitycode":"mg","dosagetext":"3 capsules daily by mouth"}	https://sitenv.org                                                                                  	7707                                                                                                	ACTIVE                                            	\N	\N	 {\r\n        "system": "http://hl7.org/fhir/medication-statement-category",\r\n        "code": "inpatient",\r\n        "display": "Inpatient"\r\n      }	\N	\N	\N	N	{\r\n          "system": "http://snomed.info/sct",\r\n          "code": "32914008",\r\n          "display": "Restless Legs"\r\n        }	\N	{\r\n          "system": "http://snomed.info/sct",\r\n          "code": "166643006",\r\n          "display": "Liver enzymes abnormal"\r\n        }
20	12	2016-07-27	{"code":"1156277","display":"Ibuprofen Oral Product", "system": "http://www.nlm.nih.gov/research/umls/rxnorm"}	1	{"timingstart":"2016-07-27","timingfrequency":"3","timingperiod":"1","timingperiodunits":"D","routecode":"C38288","routedisplay":"ORAL","quantityvalue":"600","quantityunit":"mg","quantitycode":"mg","dosagetext":"600mg every 6 hours for pain."}	https://sitenv.org                                                                                  	7707                                                                                                	ACTIVE                                            	\N	\N	 {\r\n        "system": "http://hl7.org/fhir/medication-statement-category",\r\n        "code": "inpatient",\r\n        "display": "Inpatient"\r\n      }	\N	\N	\N	N	{\r\n          "system": "http://snomed.info/sct",\r\n          "code": "32914008",\r\n          "display": "Restless Legs"\r\n        }	\N	{\r\n          "system": "http://snomed.info/sct",\r\n          "code": "166643006",\r\n          "display": "Liver enzymes abnormal"\r\n        }
15	12	2016-06-15	{"code":"201142","display":"Ibuprofen 400 MG Oral Tablet [Motrin]", "system": "http://www.nlm.nih.gov/research/umls/rxnorm"}	1	{"timingstart":"2016-06-15","timingfrequency":"3","timingperiod":"1","timingperiodunits":"D","routecode":"C38288","routedisplay":"ORAL","quantityvalue":"400","quantityunit":"mg","quantitycode":"mg","dosagetext":"400mg by mouth every 6 hours as needed for pain. Take with food only as I need it for my knee pain. No more than 8 tablets per day."}	https://sitenv.org                                                                                  	7707                                                                                                	ACTIVE                                            	\N	\N	 {\r\n        "system": "http://hl7.org/fhir/medication-statement-category",\r\n        "code": "inpatient",\r\n        "display": "Inpatient"\r\n      }	\N	\N	\N	N	{\r\n          "system": "http://snomed.info/sct",\r\n          "code": "32914008",\r\n          "display": "Restless Legs"\r\n        }	\N	{\r\n          "system": "http://snomed.info/sct",\r\n          "code": "166643006",\r\n          "display": "Liver enzymes abnormal"\r\n        }
11	11	2015-05-02	{"code":"284046","display":"ST. JOHN'S WORT EXTRACT 1000 MG Oral Capsule", "system": "http://www.nlm.nih.gov/research/umls/rxnorm"}	1	{"timingstart":"2015-05-02","timingfrequency":"3","timingperiod":"1","timingperiodunits":"D","routecode":"C38288","routedisplay":"ORAL","quantityvalue":"2","quantityunit":"mg","quantitycode":"mg","dosagetext":"2 capsules daily by mouth"}	https://sitenv.org                                                                                  	7707                                                                                                	ACTIVE                                            	\N	\N	 {\r\n        "system": "http://hl7.org/fhir/medication-statement-category",\r\n        "code": "inpatient",\r\n        "display": "Inpatient"\r\n      }	\N	\N	\N	N	{\r\n          "system": "http://snomed.info/sct",\r\n          "code": "32914008",\r\n          "display": "Restless Legs"\r\n        }	\N	{\r\n          "system": "http://snomed.info/sct",\r\n          "code": "166643006",\r\n          "display": "Liver enzymes abnormal"\r\n        }
3	3	2014-04-04	{"code":"34246","display":"Polymyxin B / Trimethoprim Ophthalmic Solution", "system": "http://www.nlm.nih.gov/research/umls/rxnorm"}	1	{"timingstart":"2008-04-05","timingfrequency":"2","timingperiod":"1","timingperiodunits":"D","routecode":"C38192","routedisplay":"AURICULAR","quantityvalue":"1","quantityunit":"mL","quantitycode":"mL","dosagetext":"2 capsules daily by mouth"}	https://sitenv.org                                                                                  	7702                                                                                                	ACTIVE                                            	\N	\N	 {\r\n        "system": "http://hl7.org/fhir/medication-statement-category",\r\n        "code": "inpatient",\r\n        "display": "Inpatient"\r\n      }	\N	\N	\N	N	{\r\n          "system": "http://snomed.info/sct",\r\n          "code": "32914008",\r\n          "display": "Restless Legs"\r\n        }	\N	{\r\n          "system": "http://snomed.info/sct",\r\n          "code": "166643006",\r\n          "display": "Liver enzymes abnormal"\r\n        }
24	13	2016-07-01	{"code":"997501","display":"Fexofenadine hydrochloride 60 MG Oral Tablet", "system": "http://www.nlm.nih.gov/research/umls/rxnorm"}	1	{"timingstart":"2016-07-01","timingfrequency":"3","timingperiod":"1","timingperiodunits":"D","routecode":"C38288","routedisplay":"ORAL","quantityvalue":"1","quantityunit":"mg","quantitycode":"mg","dosagetext":" 1 tablet daily as needed for pollen allergy"}	https://sitenv.org                                                                                  	7707                                                                                                	ACTIVE                                            	\N	\N	 {\r\n        "system": "http://hl7.org/fhir/medication-statement-category",\r\n        "code": "inpatient",\r\n        "display": "Inpatient"\r\n      }	\N	\N	\N	Y	{\r\n          "system": "http://snomed.info/sct",\r\n          "code": "32914008",\r\n          "display": "Restless Legs"\r\n        }	\N	{\r\n          "system": "http://snomed.info/sct",\r\n          "code": "166643006",\r\n          "display": "Liver enzymes abnormal"\r\n        }
8	8	2013-07-07	{"code":"34246","display":"Polymyxin B / Trimethoprim Ophthalmic Solution", "system": "http://www.nlm.nih.gov/research/umls/rxnorm"}	1	{"timingstart":"2008-04-05","timingfrequency":"2","timingperiod":"1","timingperiodunits":"D","routecode":"C38192","routedisplay":"AURICULAR","quantityvalue":"1","quantityunit":"mL","quantitycode":"mL","dosagetext":"400mg every 6 hours for pain."}	https://sitenv.org                                                                                  	7707                                                                                                	ACTIVE                                            	\N	\N	 {\r\n        "system": "http://hl7.org/fhir/medication-statement-category",\r\n        "code": "inpatient",\r\n        "display": "Inpatient"\r\n      }	\N	\N	\N	N	{\r\n          "system": "http://snomed.info/sct",\r\n          "code": "32914008",\r\n          "display": "Restless Legs"\r\n        }	\N	{\r\n          "system": "http://snomed.info/sct",\r\n          "code": "166643006",\r\n          "display": "Liver enzymes abnormal"\r\n        }
17	12	2014-05-11	{"code":"104378","display":"Zestril 20 MG Oral Tablet", "system": "http://www.nlm.nih.gov/research/umls/rxnorm"}	1	{"timingstart":"2014-05-11","timingfrequency":"3","timingperiod":"1","timingperiodunits":"D","routecode":"C38288","routedisplay":"ORAL","quantityvalue":"1","quantityunit":"mg","quantitycode":"mg","dosagetext":" 1 tablet  daily. "}	https://sitenv.org                                                                                  	7707                                                                                                	ACTIVE                                            	\N	\N	 {\r\n        "system": "http://hl7.org/fhir/medication-statement-category",\r\n        "code": "inpatient",\r\n        "display": "Inpatient"\r\n      }	\N	\N	\N	Y	{\r\n          "system": "http://snomed.info/sct",\r\n          "code": "32914008",\r\n          "display": "Restless Legs"\r\n        }	\N	{\r\n          "system": "http://snomed.info/sct",\r\n          "code": "166643006",\r\n          "display": "Liver enzymes abnormal"\r\n        }
7	7	2005-05-17	{"code":"27658006","display":"Amoxicillin (product)", "system": "http://www.nlm.nih.gov/research/umls/rxnorm"}	1	{"timingstart":"2008-04-05","timingfrequency":"2","timingperiod":"1","timingperiodunits":"D","routecode":"C38192","routedisplay":"AURICULAR","quantityvalue":"1","quantityunit":"mL","quantitycode":"mL","dosagetext":"400mg by mouth every 6 hours as needed for pain. Take with food only as I need it for my knee pain. No more than 8 tablets per day."}	https://sitenv.org                                                                                  	7706                                                                                                	ACTIVE                                            	\N	\N	 {\r\n        "system": "http://hl7.org/fhir/medication-statement-category",\r\n        "code": "inpatient",\r\n        "display": "Inpatient"\r\n      }	\N	\N	\N	Y	{\r\n          "system": "http://snomed.info/sct",\r\n          "code": "32914008",\r\n          "display": "Restless Legs"\r\n        }	\N	{\r\n          "system": "http://snomed.info/sct",\r\n          "code": "166643006",\r\n          "display": "Liver enzymes abnormal"\r\n        }
18	12	2014-05-11	{"code":"197770","display":"Hydrochlorothiazide 50 MG Oral Tablet", "system": "http://www.nlm.nih.gov/research/umls/rxnorm"}	1	{"timingstart":"2014-05-11","timingfrequency":"3","timingperiod":"1","timingperiodunits":"D","routecode":"C38288","routedisplay":"ORAL","quantityvalue":"1","quantityunit":"mg","quantitycode":"mg","dosagetext":"1 tablet  daily. "}	https://sitenv.org                                                                                  	7707                                                                                                	ACTIVE                                            	\N	\N	 {\r\n        "system": "http://hl7.org/fhir/medication-statement-category",\r\n        "code": "inpatient",\r\n        "display": "Inpatient"\r\n      }	\N	\N	\N	N	{\r\n          "system": "http://snomed.info/sct",\r\n          "code": "32914008",\r\n          "display": "Restless Legs"\r\n        }	\N	{\r\n          "system": "http://snomed.info/sct",\r\n          "code": "166643006",\r\n          "display": "Liver enzymes abnormal"\r\n        }
5	5	2010-05-25	{"code":"27658006","display":"Amoxicillin (product)", "system": "http://www.nlm.nih.gov/research/umls/rxnorm"}	1	{"timingstart":"2008-04-05","timingfrequency":"2","timingperiod":"1","timingperiodunits":"D","routecode":"C38192","routedisplay":"AURICULAR","quantityvalue":"1","quantityunit":"mL","quantitycode":"mL","dosagetext":"30 mg once daily"}	https://sitenv.org                                                                                  	7704                                                                                                	ACTIVE                                            	\N	\N	 {\r\n        "system": "http://hl7.org/fhir/medication-statement-category",\r\n        "code": "inpatient",\r\n        "display": "Inpatient"\r\n      }	\N	\N	\N	Y	{\r\n          "system": "http://snomed.info/sct",\r\n          "code": "32914008",\r\n          "display": "Restless Legs"\r\n        }	\N	{\r\n          "system": "http://snomed.info/sct",\r\n          "code": "166643006",\r\n          "display": "Liver enzymes abnormal"\r\n        }
1	1	2014-12-20	{"code":"34246","display":"Polymyxin B / Trimethoprim Ophthalmic Solution", "system": "http://www.nlm.nih.gov/research/umls/rxnorm"}	1	{"timingstart":"2008-04-05","timingfrequency":"2","timingperiod":"1","timingperiodunits":"D","routecode":"C38192","routedisplay":"AURICULAR","quantityvalue":"1","quantityunit":"mL","quantitycode":"mL","dosagetext":"1ml intramuscularly every 3 weeks"}	https://sitenv.org                                                                                  	7766                                                                                                	ACTIVE                                            	\N	\N	{\r\n        "system": "http://hl7.org/fhir/medication-statement-category",\r\n        "code": "inpatient",\r\n        "display": "Inpatient"\r\n      }	\N	\N	\N	Y	{\r\n          "system": "http://snomed.info/sct",\r\n          "code": "32914008",\r\n          "display": "Restless Legs"\r\n        }	\N	{\r\n          "system": "http://snomed.info/sct",\r\n          "code": "166643006",\r\n          "display": "Liver enzymes abnormal"\r\n        }
21	12	2014-05-30	{"code":"104378","display":"Zestril 20 MG Oral Tablet", "system": "http://www.nlm.nih.gov/research/umls/rxnorm"}	1	{"timingstart":"2014-05-30","timingfrequency":"3","timingperiod":"1","timingperiodunits":"D","routecode":"C38288","routedisplay":"ORAL","quantityvalue":"1","quantityunit":"mg","quantitycode":"mg","dosagetext":"1 tablet  daily. "}	https://sitenv.org                                                                                  	7707                                                                                                	ACTIVE                                            	\N	\N	 {\r\n        "system": "http://hl7.org/fhir/medication-statement-category",\r\n        "code": "inpatient",\r\n        "display": "Inpatient"\r\n      }	\N	\N	\N	Y	{\r\n          "system": "http://snomed.info/sct",\r\n          "code": "32914008",\r\n          "display": "Restless Legs"\r\n        }	\N	{\r\n          "system": "http://snomed.info/sct",\r\n          "code": "166643006",\r\n          "display": "Liver enzymes abnormal"\r\n        }
14	12	2015-05-02	{"code":"284046","display":"ST. JOHN'S WORT EXTRACT 1000 MG Oral Capsule", "system": "http://www.nlm.nih.gov/research/umls/rxnorm"}	1	{"timingstart":"2015-05-02","timingfrequency":"3","timingperiod":"1","timingperiodunits":"D","routecode":"C38288","routedisplay":"ORAL","quantityvalue":"2","quantityunit":"mg","quantitycode":"mg","dosagetext":"2 capsules daily by mouth"}	https://sitenv.org                                                                                  	7707                                                                                                	ACTIVE                                            	\N	\N	 {\r\n        "system": "http://hl7.org/fhir/medication-statement-category",\r\n        "code": "inpatient",\r\n        "display": "Inpatient"\r\n      }	\N	\N	\N	Y	{\r\n          "system": "http://snomed.info/sct",\r\n          "code": "32914008",\r\n          "display": "Restless Legs"\r\n        }	\N	{\r\n          "system": "http://snomed.info/sct",\r\n          "code": "166643006",\r\n          "display": "Liver enzymes abnormal"\r\n        }
10	11	2016-09-12	{"code":"835829","display":"testosterone cypionate 100 MG/ML Injectable Solution", "system": "http://www.nlm.nih.gov/research/umls/rxnorm"}	1	{"timingstart":"2016-09-12","timingfrequency":"3","timingperiod":"1","timingperiodunits":"D","routecode":"C38288","routedisplay":"ORAL","quantityvalue":"1","quantityunit":"mL","quantitycode":"mL","dosagetext":"1ml intramuscularly every 3 weeks.  Notes:  Get at doctor's office every third Friday. Taking for my energy level and drive."}	https://sitenv.org                                                                                  	7707                                                                                                	ACTIVE                                            	\N	\N	 {\r\n        "system": "http://hl7.org/fhir/medication-statement-category",\r\n        "code": "inpatient",\r\n        "display": "Inpatient"\r\n      }	\N	\N	\N	N	{\r\n          "system": "http://snomed.info/sct",\r\n          "code": "32914008",\r\n          "display": "Restless Legs"\r\n        }	\N	{\r\n          "system": "http://snomed.info/sct",\r\n          "code": "166643006",\r\n          "display": "Liver enzymes abnormal"\r\n        }
\.


--
-- TOC entry 2626 (class 0 OID 17230)
-- Dependencies: 239
-- Data for Name: observation; Type: TABLE DATA; Schema: public; Owner: postgres
--

COPY public.observation (id, code, code_system, code_display, code_text, cat_code, cat_system, cat_display, cat_text, val_code, val_system, val_display, val_text, status, patient, last_updated_ts, val_quan_value, val_quan_sys, val_quan_unit, effective_date, val_quan_code, bp_code, issued_date, identifier_system, identifier_value, reference_low, reference_high, related) FROM stdin;
10	\N	\N	\N	\N	\N	\N	\N	\N	8480-6	http://loinc.org	Systolic blood pressure	Systolic blood pressure	\N	\N	2016-03-24 14:08:28.084	109	http://unitsofmeasure.org	mmHg	\N	mmHg	55284-4	\N	\N	\N	\N	\N	\N
11	\N	\N	\N	\N	\N	\N	\N	\N	8462-4	http://loinc.org	Diastolic blood pressure	Diastolic blood pressure	\N	\N	2016-03-24 14:08:28.084	44	http://unitsofmeasure.org	mmHg	\N	mmHg	55284-4	\N	\N	\N	\N	\N	\N
1	72166-2	http://loinc.org	Tobacco smoking status	Tobacco smoking status	social-history	http://hl7.org/fhir/observation-category	Social History	SOCIAL_HISTORY	428041000124106	http://snomed.info/sct	Current some day smoker	Current some day smoker	FINAL	1	2016-02-19 09:57:20.15	\N	\N	\N	2005-07-04 00:00:00	\N	\N	\N	https://sitenv.org	6677	\N	\N	\N
2	2951-2	http://loinc.org	Sodium	Sodium	laboratory	http://hl7.org/fhir/observation-category	Laboratory	Laboratory	\N	\N	\N	\N	FINAL	1	2016-03-24 10:37:12.734	138	http://unitsofmeasure.org	mmol/L	2005-07-04 00:00:00	\N	\N	\N	https://sitenv.org	7799	\N	\N	\N
7	2339-0	http://loinc.org	Glucose [Mass/volume] in Blood	Glucose [Mass/volume] in Blood	laboratory	http://hl7.org/fhir/observation-category	Laboratory	Laboratory	\N	\N	\N	\N	FINAL	1	2016-03-24 14:08:28.084	76	http://unitsofmeasure.org	mg/dL	2005-07-05 00:00:00	mg/dL	\N	\N	https://sitenv.org	6655	\N	\N	\N
8	25428-4	http://loinc.org	Glucose [Presence] in Urine by Test strip	Glucose	laboratory	http://hl7.org/fhir/observation-category	Laboratory	Laboratory	\N	\N	\N	\N	FINAL	1	2016-03-24 14:08:28.084	109	http://unitsofmeasure.org	mg/dL	2005-07-05 00:00:00	mg/dL	\N	\N	https://sitenv.org	4565	\N	\N	\N
9	2514-8	http://loinc.org	Ketones [Presence] in Urine by Test strip	Ketones	laboratory	http://hl7.org/fhir/observation-category	Laboratory	Laboratory	\N	\N	\N	\N	FINAL	1	2016-03-24 14:08:28.084	40	http://unitsofmeasure.org	mg/dL	2005-07-05 00:00:00	mg/dL	\N	\N	https://sitenv.org	6969	\N	\N	\N
17	2339-0	http://loinc.org	Glucose Bld-mCnc	Glucose Bld-mCnc	laboratory	http://hl7.org/fhir/observation-category	Laboratory	Laboratory	\N	\N	\N	\N	FINAL	7	2016-08-30 11:03:03.307	71	"http://unitsofmeasure.org"	mg/dL	2006-07-14 00:00:00	mg/dL	\N	\N	https://sitenv.org	7706	\N	\N	\N
14	11555-0	http://loinc.org	Base excess Bld-sCnc	Base excess Bld-sCnc	laboratory	http://hl7.org/fhir/observation-category	Laboratory	Laboratory	\N	\N	\N	\N	FINAL	4	2016-08-30 10:47:02.423	6	http://unitsofmeasure.org	mmol/L	2005-07-04 00:00:00	mmol/L	\N	\N	https://sitenv.org	7703	\N	\N	\N
12	72166-2	http://loinc.org	Tobacco smoking status	Tobacco smoking status	social-history	http://hl7.org/fhir/observation-category	Social History	SOCIAL_HISTORY	8517006	http://snomed.info/sct	Former smoker	Former smoker	FINAL	2	2016-08-30 10:43:04.811	\N	\N	\N	2005-07-05 00:00:00	\N	\N	\N	https://sitenv.org	7701	\N	\N	\N
13	72166-2	http://loinc.org	Tobacco smoking status	Tobacco smoking status	social-history	http://hl7.org/fhir/observation-category	Social History	SOCIAL_HISTORY	266927001	http://snomed.info/sct	Unknown if ever smoked	Unknown if ever smoked	FINAL	3	2016-08-30 10:45:05.776	\N	\N	\N	2006-08-08 00:00:00	\N	\N	\N	https://sitenv.org	7702	\N	\N	\N
18	1959-6	http://loinc.org	HCO3 Bld-sCnc	HCO3 Bld-sCnc	laboratory	http://hl7.org/fhir/observation-category	Laboratory	Laboratory	\N	\N	\N	\N	FINAL	8	2016-08-30 11:05:40.097	23.100000000000001	"http://unitsofmeasure.org"	mmol/L	2006-07-22 00:00:00	mmol/L	\N	\N	https://sitenv.org	7707	\N	\N	\N
16	2713-6	http://loinc.org	SaO2% from pO2 Bld	SaO2% from pO2 Bld	laboratory	http://hl7.org/fhir/observation-category	Laboratory	Laboratory	\N	\N	\N	\N	FINAL	6	2016-08-30 11:01:34.491	92	"http://unitsofmeasure.org"	%	2006-07-02 00:00:00	%	\N	\N	https://sitenv.org	7705	\N	\N	\N
15	20565-8	http://loinc.org	CO2 Bld-sCnc	CO2 Bld-sCnc	laboratory	http://hl7.org/fhir/observation-category	Laboratory	Laboratory	\N	\N	\N	\N	FINAL	5	2016-08-30 10:51:53.144	24	"http://unitsofmeasure.org"	mmol/L	2005-07-02 00:00:00	mmol/L	\N	\N	https://sitenv.org	7704	\N	\N	\N
3	8310-5	http://loinc.org	Body Temperature	Body Temperature	vital-signs	http://hl7.org/fhir/observation-category	Vital Signs	Vital Signs	8310-5	http://loinc.org	Body Temperature	Body Temperature	FINAL	1	2016-03-24 14:08:28.084	38	http://unitsofmeasure.org	Cel	2005-07-05 00:00:00	Cel	\N	\N	https://sitenv.org	7788	{\r\n        "value": 6.5,\r\n        "unit": "g/dl",\r\n        "system": "http://unitsofmeasure.org",\r\n        "code": "g/dL"\r\n      }	{\r\n        "value": 10,\r\n        "unit": "g/dl",\r\n        "system": "http://unitsofmeasure.org",\r\n        "code": "g/dL"\r\n      }	{\r\n\t\t"type": "has-member",\r\n        "reference": "Observation/body-temperature",\r\n        "display": "Body Temperature"\r\n      }
4	8867-4	http://loinc.org	Heart rate	Heart rate	vital-signs	http://hl7.org/fhir/observation-category	VItal Signs	Vital Signs	8867-4	http://loinc.org	Heart rate	Heart rate	FINAL	1	2016-03-24 14:08:28.084	70	http://unitsofmeasure.org	/min	2005-07-05 00:00:00	/min	\N	\N	https://sitenv.org	7755	{\r\n        "value": 7.5,\r\n        "unit": "g/dl",\r\n        "system": "http://unitsofmeasure.org",\r\n        "code": "g/dL"\r\n      }	{\r\n        "value": 10,\r\n        "unit": "g/dl",\r\n        "system": "http://unitsofmeasure.org",\r\n        "code": "g/dL"\r\n      }	{\r\n\t  "type": "has-member",\r\n        "reference": "Observation/blood-pressure",\r\n        "display": "Blood Pressure"\r\n      }
5	9279-1	http://loinc.org	Respiratory rate	Respiratory rate	vital-signs	http://hl7.org/fhir/observation-category	VItal Signs	Vital Signs	9279-1	http://loinc.org	Respiratory rate	Respiratory rate	FINAL	1	2016-03-24 14:08:28.084	60	http://unitsofmeasure.org	/min	2005-07-06 00:00:00	/min	\N	\N	https://sitenv.org	5566	{\r\n        "value":8.5,\r\n        "unit": "g/dl",\r\n        "system": "http://unitsofmeasure.org",\r\n        "code": "g/dL"\r\n      }	{\r\n        "value": 10,\r\n        "unit": "g/dl",\r\n        "system": "http://unitsofmeasure.org",\r\n        "code": "g/dL"\r\n      }	{\r\n\t\t"type": "has-member",\r\n        "reference": "Observation/heart-rate",\r\n        "display": "Heart Rate"\r\n      }
6	55284-4	http://loinc.org	Blood pressure systolic and diastolic	Blood pressure systolic and diastolic	vital-signs	http://hl7.org/fhir/observation-category	VItal Signs	Vital Signs	55284-4	http://loinc.org	Blood pressure systolic and diastolic	Blood pressure systolic and diastolic	FINAL	1	2016-03-24 14:08:28.084	120	http://unitsofmeasure.org	/min	2005-07-07 00:00:00	/min	\N	\N	https://sitenv.org	7766	{\r\n        "value": 6.5,\r\n        "unit": "g/dl",\r\n        "system": "http://unitsofmeasure.org",\r\n        "code": "g/dL"\r\n      }	{\r\n        "value": 10,\r\n        "unit": "g/dl",\r\n        "system": "http://unitsofmeasure.org",\r\n        "code": "g/dL"\r\n      }	{\r\n\t\t"type": "has-member",\r\n        "reference": "Observation/respiratory-rate",\r\n        "display": "Respiratory Rate"\r\n      }
\.


--
-- TOC entry 2711 (class 0 OID 0)
-- Dependencies: 240
-- Name: observation_id_seq; Type: SEQUENCE SET; Schema: public; Owner: postgres
--

SELECT pg_catalog.setval('public.observation_id_seq', 5, true);


--
-- TOC entry 2628 (class 0 OID 17239)
-- Dependencies: 241
-- Data for Name: organization; Type: TABLE DATA; Schema: public; Owner: postgres
--

COPY public.organization (id, identifier, active, telecom, type, address, name) FROM stdin;
1	{"type":"SS","system":"https://sitenv.org","value":"211-778-2345"}	t	{"use":"HOME","system": "PHONE", "value": "301-889-8767" }	\N	{\r\n    "line": "425 West Side dr",\r\n    "city": "Gaithersburg",\r\n    "state": "MD",\r\n    "postalCode": "20878",\r\n    "country": "USA"\r\n}	ONC Argonaut
\.


--
-- TOC entry 2629 (class 0 OID 17245)
-- Dependencies: 242
-- Data for Name: patient; Type: TABLE DATA; Schema: public; Owner: postgres
--

COPY public.patient (id, identifier_system, identifier_value, name) FROM stdin;
1	SITE	211-778-2345	Jon Doe
2	SITE	1032702	Jacob Taylor
3	SITE	1081332	Ava Addison
4	SITE	109866	Anna Sophia
5	SITE	1134281	Mathe Hayden
6	SITE	1137192	Mia George
7	SITE	1157764	Smith Williams
8	SITE	1186747	Philip Hughes
9	SITE	1213208	Evelyn Grace
10	SITE	1272431	Stephen Hopkins
11	SITE	211-778-2345	Brian Z
12	SITE	211-778-2345	Mary A
13	SITE	211-778-2345	Jose C
14	SITE	211-778-2345	George W
\.


--
-- TOC entry 2630 (class 0 OID 17248)
-- Dependencies: 243
-- Data for Name: patient_contact; Type: TABLE DATA; Schema: public; Owner: postgres
--

COPY public.patient_contact (id, patient_id, relationship, contact_name, phone, address_use, address_line_1, address_line_2, address_city, address_state, address_zip, address_country) FROM stdin;
1	1	family	JOHN	301-911-9111	HOME	20104 Gunners Terr	Apt # 200	Germantown	MD	20876	US
\.


--
-- TOC entry 2712 (class 0 OID 0)
-- Dependencies: 244
-- Name: patient_contact_id_seq; Type: SEQUENCE SET; Schema: public; Owner: postgres
--

SELECT pg_catalog.setval('public.patient_contact_id_seq', 5, true);


--
-- TOC entry 2713 (class 0 OID 0)
-- Dependencies: 246
-- Name: patient_id_seq; Type: SEQUENCE SET; Schema: public; Owner: postgres
--

SELECT pg_catalog.setval('public.patient_id_seq', 2, true);


--
-- TOC entry 2714 (class 0 OID 0)
-- Dependencies: 247
-- Name: patient_id_seq1; Type: SEQUENCE SET; Schema: public; Owner: postgres
--

SELECT pg_catalog.setval('public.patient_id_seq1', 15, false);


--
-- TOC entry 2632 (class 0 OID 17256)
-- Dependencies: 245
-- Data for Name: patient_json; Type: TABLE DATA; Schema: public; Owner: postgres
--

COPY public.patient_json (id, identifier, full_name, telecom, gender, birth_date, marital_status, active, race, ethnicity, religion, mothers_maiden_name, address_line1, address_line2, address_city, address_state, address_zip, address_country, family_name, given_name, birth_place, birthsex, link, general_practitioner, communication_language) FROM stdin;
4	{"type":"SS","system":"https://sitenv.org","value":"109866"}	Anna Sophia	{"use":"HOME","system": "PHONE", "value": "800-960-6664" }	FEMALE	1953-10-27	M	t	1002-5	2135-2	1001	Jane	42 Parks Street	Apt #10	Bixbi	OK	74008	US	Anna	Sophia	{"resourceType" : "Address", "use" : "home", "line1":"2110 Silverspring Rd","line2":"Apt #10", "city" : "Bixbi", "state" : "OK", "postalCode" : "74008", "country" : "US"}	F	\N	\N	{"display":"ENGLISH","code":"en","system":"urn:ietf:bcp:47"}
6	{"type":"SS","system":"https://sitenv.org","value":"1137192"}	Mia George	{"use":"HOME","system": "PHONE", "value": "800-232-5751" }	FEMALE	1954-08-21	M	t	1002-5	2135-2	1001	Jane	96 East Road	Apt #243	Tulsa	OK	74108	US	Mia	George	{"resourceType" : "Address", "use" : "home", "line1":"24 East Road","line2":"Apt #243", "city" : "Tulsa", "state" : "OK", "postalCode" : "74108", "country" : "US"}	F	\N	\N	{"display":"ENGLISH","code":"en","system":"urn:ietf:bcp:47"}
7	{"type":"SS","system":"https://sitenv.org","value":"1157764"}	Smith Williams	{"use":"HOME","system": "PHONE", "value": "800-971-5383" }	MALE	1949-11-04	M	t	1002-5	2135-2	1001	Jane	36 House Street	Apt #2	Tulsa	OK	74108	US	Smith	Williams	{"resourceType" : "Address", "use" : "home", "line1":"42 Street Road","line2":"Apt #2", "city" : "Tulsa", "state" : "OK", "postalCode" : "74108", "country" : "US"}	M	\N	\N	{"display":"ENGLISH","code":"en","system":"urn:ietf:bcp:47"}
8	{"type":"SS","system":"https://sitenv.org","value":"1186747"}	Philip Hughes	{"use":"HOME","system": "PHONE", "value": "800-504-6466" }	MALE	1995-07-22	M	t	1002-5	2135-2	1001	Jane	2 Main Avenue	Apt #134	Broken Arrow	OK	74014	US	Philip	Hughes	{"resourceType" : "Address", "use" : "home", "line1":"2 Avenue Road","line2":"Apt #2", "city" : "Tulsa", "state" : "OK", "postalCode" : "74108", "country" : "US"}	M	\N	\N	{"display":"ENGLISH","code":"en","system":"urn:ietf:bcp:47"}
9	{"type":"SS","system":"https://sitenv.org","value":"1213208"}	Evelyn Grace	{"use":"HOME","system": "PHONE", "value": "800-504-7344" }	FEMALE	1965-06-22	M	t	1002-5	2135-2	1001	Jane	25 Church Street	Apt #5	Bixbi	OK	74008	US	Evelyn	Grace	{"resourceType" : "Address", "use" : "home", "line1":"24 Avenue Road","line2":"Apt #2", "city" : "Tulsa", "state" : "OK", "postalCode" : "74108", "country" : "US"}	F	\N	\N	{"display":"ENGLISH","code":"en","system":"urn:ietf:bcp:47"}
10	{"type":"SS","system":"https://sitenv.org","value":"1272431"}	Stephen Hopkins	{"use":"HOME","system": "PHONE", "value": "800-504-7300" }	MALE	1945-05-01	M	t	1002-5	2135-2	1001	Jane	27 Park Road	Apt #17	Mounds	OK	74047	US	Stephen	Hopkins	{"resourceType" : "Address", "use" : "home", "line1":"24 street","line2":"Apt #2", "city" : "Tulsa", "state" : "OK", "postalCode" : "74108", "country" : "US"}	M	\N	\N	{"display":"ENGLISH","code":"en","system":"urn:ietf:bcp:47"}
5	{"type":"SS","system":"https://sitenv.org","value":"1134281"}	Mathew Hayden	{"use":"HOME","system": "PHONE", "value": "800-539-3986" }	MALE	2004-10-15	S	t	1002-5	2135-2	1001	Jane	24 Pine Road	Apt #3	Bixbi	OK	74008	US	Mathew	Hayden	{"resourceType" : "Address", "use" : "home", "line1":"25 Pine Road","line2":"Apt #3", "city" : "Bixbi", "state" : "OK", "postalCode" : "74008", "country" : "US"}	M	\N	\N	{"display":"ENGLISH","code":"en","system":"urn:ietf:bcp:47"}
3	{"type":"SS","system":"https://sitenv.org","value":"1081332"}	Ava Addison	{"use":"HOME","system": "PHONE", "value": "800-960-9294" }	FEMALE	2003-10-02	S	t	1002-5	2135-2	1001	Jane	19 Church Street	Apt #29	Tulsa	OK	74108	US	Ava	Addison	{"resourceType" : "Address", "use" : "home", "line1":"2110 Silverspring Rd","line2":"Apt #29", "city" : "Tulsa", "state" : "OK", "postalCode" : "74108", "country" : "US"}	F	\N	\N	{"display":"ENGLISH","code":"en","system":"urn:ietf:bcp:47"}
2	{"type":"SS","system":"https://sitenv.org","value":"1032702"}	Jacob Taylor	{"use":"HOME","system": "PHONE", "value": "800-782-768" }	MALE	2007-03-20	S	t	1002-5	2135-2	1001	Jane	49 Meadow Street	Apt #01	Mounds	OK	74047	US	Jacob	Taylor	{"resourceType" : "Address", "use" : "home", "line1":"2110 Silverspring Rd","line2":"Block #2", "city" : "Mounds", "state" : "OK", "postalCode" : "74046", "country" : "US"}	M	\N	\N	{"display":"ENGLISH","code":"en","system":"urn:ietf:bcp:47"}
1	{"type":"SS","system": "https://sitenv.org", "value": "211-778-2345" }	JOHN Doe	{"use":"HOME","system": "PHONE", "value": "301-889-8767" }	MALE	1980-01-01	M	t	1002-5	2135-2	1001	Jane	425 West Side dr	Apt #101	Gaithersburg	MD	20878	US	John	Doe	{"resourceType" : "Address", "use" : "home", "line1":"2110 Silverspring Rd","line2":"Block #2", "city" : "New York", "state" : "NY", "postalCode" : "07882", "country" : "US"}	M	\N	\N	{"display":"ENGLISH","code":"en","system":"urn:ietf:bcp:47"}
11	{"type":"SS","system":"https://sitenv.org","value":"1134281"}	Brian Z	{"use":"HOME","system": "PHONE", "value": "800-539-3986" }	MALE	1964-01-05	S	t	1002-5	2135-2	1001	Jane	24 Pine Road	Apt #3	Bixbi	OK	74008	US	Brian	Z	{"resourceType" : "Address", "use" : "home", "line1":"25 Pine Road","line2":"Apt #3", "city" : "Bixbi", "state" : "OK", "postalCode" : "74008", "country" : "US"}	M	\N	\N	{"display":"ENGLISH","code":"en","system":"urn:ietf:bcp:47"}
12	{"type":"SS","system":"https://sitenv.org","value":"1081332"}	Mary A	{"use":"HOME","system": "PHONE", "value": "800-960-9294" }	FEMALE	1944-03-01	S	t	1002-5	2135-2	1001	Jane	19 Church Street	Apt #29	Tulsa	OK	74108	US	Mary	A	{"resourceType" : "Address", "use" : "home", "line1":"2110 Silverspring Rd","line2":"Apt #29", "city" : "Tulsa", "state" : "OK", "postalCode" : "74108", "country" : "US"}	F	\N	\N	{"display":"ENGLISH","code":"en","system":"urn:ietf:bcp:47"}
13	{"type":"SS","system":"https://sitenv.org","value":"1032702"}	Jose C	{"use":"HOME","system": "PHONE", "value": "800-782-768" }	MALE	1958-05-01	S	t	1002-5	2135-2	1001	Jane	49 Meadow Street	Apt #01	Mounds	OK	74047	US	Jose	C	{"resourceType" : "Address", "use" : "home", "line1":"2110 Silverspring Rd","line2":"Block #2", "city" : "Mounds", "state" : "OK", "postalCode" : "74046", "country" : "US"}	M	\N	\N	{"display":"ENGLISH","code":"en","system":"urn:ietf:bcp:47"}
14	{"type":"SS","system": "https://sitenv.org", "value": "211-778-2345" }	George W	{"use":"HOME","system": "PHONE", "value": "301-889-8767" }	MALE	1987-06-01	M	t	1002-5	2135-2	1001	Jane	425 West Side dr	Apt #101	Gaithersburg	MD	20878	US	George	W	{"resourceType" : "Address", "use" : "home", "line1":"2110 Silverspring Rd","line2":"Block #2", "city" : "New York", "state" : "NY", "postalCode" : "07882", "country" : "US"}	M	\N	\N	{"display":"ENGLISH","code":"en","system":"urn:ietf:bcp:47"}
\.


--
-- TOC entry 2635 (class 0 OID 17266)
-- Dependencies: 248
-- Data for Name: practitioner; Type: TABLE DATA; Schema: public; Owner: postgres
--

COPY public.practitioner (id, telecom, practitionerrole, text, identifier, family_name, given_name) FROM stdin;
1	{"use":"HOME","system": "PHONE", "value": "301-889-8767" }	DOCTOR	{"status":"GENERATED","div":"<div>Seven, Henry. SSN:\\n            333333333</div>"}	{"system":"https://sitenv.org","value":"222-338-1234"}	Mike	Mike Adams
2	{"use":"HOME","system": "PHONE", "value": "301-889-8767" }	DOCTOR	{"status":"GENERATED","div":"<div>Seven, Henry. SSN:\\n            333333333</div>"}	{"system":"https://sitenv.org","value":"222-338-1234"}	Cayr	Dr. Cayr (BMC PCP)
3	{"use":"HOME","system": "PHONE", "value": "301-889-8767" }	DOCTOR	{"status":"GENERATED","div":"<div>Seven, Henry. SSN:\\n            333333333</div>"}	{"system":"https://sitenv.org","value":"222-338-1234"}	Cryn	Dr. Cryn (BMC Endo)
4	{"use":"HOME","system": "PHONE", "value": "301-889-8767" }	DOCTOR	{"status":"GENERATED","div":"<div>Seven, Henry. SSN:\\n            333333333</div>"}	{"system":"https://sitenv.org","value":"222-338-1234"}	Athrocin	Dr. Athrocin (DHH Ortho)
5	{"use":"HOME","system": "PHONE", "value": "301-889-8767" }	DOCTOR	{"status":"GENERATED","div":"<div>Seven, Henry. SSN:\\n            333333333</div>"}	{"system":"https://sitenv.org","value":"222-338-1234"}	Prikar	Dr. Prikar Order:BMC
6	{"use":"HOME","system": "PHONE", "value": "301-889-8767" }	DOCTOR	{"status":"GENERATED","div":"<div>Seven, Henry. SSN:\\n            333333333</div>"}	{"system":"https://sitenv.org","value":"222-338-1234"}	Respa	Dr. Respa Order:DHH Resp Clinic
7	{"use":"HOME","system": "PHONE", "value": "301-889-8767" }	DOCTOR	{"status":"GENERATED","div":"<div>Seven, Henry. SSN:\\n            333333333</div>"}	{"system":"https://sitenv.org","value":"222-338-1234"}	Synapz	Dr. Synapz Order: UNC
8	{"use":"HOME","system": "PHONE", "value": "301-889-8767" }	DOCTOR	{"status":"GENERATED","div":"<div>Seven, Henry. SSN:\\n            333333333</div>"}	{"system":"https://sitenv.org","value":"222-338-1234"}	Primster	Dr. Primster Order: BMC
9	{"use":"HOME","system": "PHONE", "value": "301-889-8767" }	DOCTOR	{"status":"GENERATED","div":"<div>Seven, Henry. SSN:\\n            333333333</div>"}	{"system":"https://sitenv.org","value":"222-338-1234"}	Kardin	Dr. Kardin Order: DHH Cardiology
10	{"use":"HOME","system": "PHONE", "value": "301-889-8767" }	DOCTOR	{"status":"GENERATED","div":"<div>Seven, Henry. SSN:\\n            333333333</div>"}	{"system":"https://sitenv.org","value":"222-338-1234"}	Gutzheimer	Dr. Gutzheimer Order: DHH
\.


--
-- TOC entry 2636 (class 0 OID 17272)
-- Dependencies: 249
-- Data for Name: procedure; Type: TABLE DATA; Schema: public; Owner: postgres
--

COPY public.procedure (procedure_id, identifier, subject, status, category, code, notperformed, reasonnotperformed, bodysite, reason, performer_actor, performer_role, encounter, location, outcome, report, complication, followup, request, notes, focaldevice, used, performed, used_code) FROM stdin;
1	\N	1	COMPLETED	\N	{\r\n        "system": "http://snomed.info/sct",\r\n        "code": "90105005",\r\n        "display": "Biopsy of soft tissue of forearm (Procedure)"\r\n      }	\N	{\r\n    "text": "Dark lesion l) forearm. getting darker last 3 months."\r\n  }	{\r\n          "system": "http://snomed.info/sct",\r\n          "code": "368225008",\r\n          "display": "Entire Left Forearm",\r\n          "text": "Left forearm"\r\n        }	{\r\n      "text": "Dark lesion l) forearm. getting darker last 3 months."\r\n    }	{\r\n        "reference": "Practitioner/2",\r\n        "display": "Dr Cayrr"\r\n      }	\N	\N	\N	\N	\N	{\r\n          "system": "http://snomed.info/sct",\r\n          "code": "67750007",\r\n          "display": "Ineffective airway clearance (finding)",\r\n    "text": "Ineffective airway clearance"\r\n        }	{\r\n      "text": "Review in clinic"\r\n    }	\N	Standard Biopsy	\N	\N	2014-02-03	{\r\n  "system": "http://snomed.info/sct",\r\n  "code": "79068005",\r\n  "display": "Needle, device (physical object)",\r\n  "text": "30-guage needle"\r\n}
\.


--
-- TOC entry 2715 (class 0 OID 0)
-- Dependencies: 250
-- Name: procedure_procedure_id_seq; Type: SEQUENCE SET; Schema: public; Owner: postgres
--

SELECT pg_catalog.setval('public.procedure_procedure_id_seq', 1, false);


--
-- TOC entry 2638 (class 0 OID 17280)
-- Dependencies: 251
-- Data for Name: questionnaire; Type: TABLE DATA; Schema: public; Owner: postgres
--

COPY public.questionnaire (id, questionnaire) FROM stdin;
\.


--
-- TOC entry 2716 (class 0 OID 0)
-- Dependencies: 252
-- Name: questionnaire_id_seq; Type: SEQUENCE SET; Schema: public; Owner: postgres
--

SELECT pg_catalog.setval('public.questionnaire_id_seq', 1, false);


--
-- TOC entry 2640 (class 0 OID 17288)
-- Dependencies: 253
-- Data for Name: questionnaireresponse; Type: TABLE DATA; Schema: public; Owner: postgres
--

COPY public.questionnaireresponse (qr_id, questionnaire_id, questionnaire_response) FROM stdin;
\.


--
-- TOC entry 2717 (class 0 OID 0)
-- Dependencies: 254
-- Name: questionnaireresponse_qr_id_seq; Type: SEQUENCE SET; Schema: public; Owner: postgres
--

SELECT pg_catalog.setval('public.questionnaireresponse_qr_id_seq', 1, false);


--
-- TOC entry 2642 (class 0 OID 17296)
-- Dependencies: 255
-- Data for Name: register; Type: TABLE DATA; Schema: public; Owner: postgres
--

COPY public.register (id, client_id, client_secret, contact_mail, contact_name, name, org_name, redirect_uri, register_token, scope) FROM stdin;
\.


--
-- TOC entry 2718 (class 0 OID 0)
-- Dependencies: 256
-- Name: register_id_seq; Type: SEQUENCE SET; Schema: public; Owner: postgres
--

SELECT pg_catalog.setval('public.register_id_seq', 1, false);


--
-- TOC entry 2644 (class 0 OID 17304)
-- Dependencies: 257
-- Data for Name: us_core_birthsex; Type: TABLE DATA; Schema: public; Owner: postgres
--

COPY public.us_core_birthsex (code, display, code_system) FROM stdin;
F	Female	http://hl7.org/fhir/v3/AdministrativeGender
M	Male	http://hl7.org/fhir/v3/AdministrativeGender
UNK	Unknown	http://hl7.org/fhir/v3/NullFlavor
\.


--
-- TOC entry 2645 (class 0 OID 17307)
-- Dependencies: 258
-- Data for Name: us_core_ethnicity; Type: TABLE DATA; Schema: public; Owner: postgres
--

COPY public.us_core_ethnicity (code, display) FROM stdin;
2135-2	Hispanic or Latino
2137-8	Spaniard
2186-5	Not Hispanic or Latino
\.


--
-- TOC entry 2646 (class 0 OID 17310)
-- Dependencies: 259
-- Data for Name: us_core_race; Type: TABLE DATA; Schema: public; Owner: postgres
--

COPY public.us_core_race (code, display) FROM stdin;
1002-5	American Indian or Alaska Native
2028-9	Asian
2054-5	Black or African American
2076-8	Native Hawaiian or Other Pacific Islander
2106-3	White
\.


--
-- TOC entry 2647 (class 0 OID 17313)
-- Dependencies: 260
-- Data for Name: us_core_religion; Type: TABLE DATA; Schema: public; Owner: postgres
--

COPY public.us_core_religion (code, display) FROM stdin;
1001	Adventist
1002	African Religions
1003	Afro-Caribbean Religions
1004	Agnosticism
1005	Anglican
1006	Animism
1007	Atheism
1008	Babi & Baha'I faiths
1009	Baptist
1010	Bon
1011	Cao Dai
1012	Celticism
1013	Christian (non-Catholic, non-specific)
1014	Confucianism
1015	Cyberculture Religions
1016	Divination
1017	Fourth Way
1018	Free Daism
1019	Gnosis
1020	Hinduism
1021	Humanism
1022	Independent
1023	Islam
1024	Jainism
1025	Jehovah's Witnesses
1026	Judaism
1027	Latter Day Saints
1028	Lutheran
1029	Mahayana
1030	Meditation
1031	Messianic Judaism
1032	Mitraism
1033	New Age
1034	non-Roman Catholic
1035	Occult
1036	Orthodox
1037	Paganism
1038	Pentecostal
1039	Process, The
1040	Reformed/Presbyterian
1041	Roman Catholic Church
1042	Satanism
1043	Scientology
1044	Shamanism
1045	Shiite (Islam)
1046	Shinto
1047	Sikism
1048	Spiritualism
1049	Sunni (Islam)
1050	Taoism
1051	Theravada
1052	Unitarian-Universalism
1053	Universal Life Church
1054	Vajrayana (Tibetan)
1055	Veda
1056	Voodoo
1057	Wicca
1058	Yaohushua
1059	Zen Buddhism
1060	Zoroastrianism
1061	Assembly of God
1062	Brethren
1063	Christian Scientist
1064	Church of Christ
1065	Church of God
1066	Congregational
1067	Disciples of Christ
1068	Eastern Orthodox
1069	Episcopalian
1070	Evangelical Covenant
1071	Friends
1072	Full Gospel
1073	Methodist
1074	Native American
1075	Nazarene
1076	Presbyterian
1077	Protestant
1078	Protestant, No Denomination
1079	Reformed
1080	Salvation Army
1081	Unitarian Universalist
1082	United Church of Christ
\.


--
-- TOC entry 2648 (class 0 OID 17316)
-- Dependencies: 261
-- Data for Name: users; Type: TABLE DATA; Schema: public; Owner: postgres
--

COPY public.users (user_id, user_name, user_email, user_full_name, user_password, last_updated_ts) FROM stdin;
1	demouser	demouser@sitenv.org	Demo User	X+zyYwGOEw44HEp8JBBkJg==	2017-06-22 21:03:49.930187
\.


--
-- TOC entry 2719 (class 0 OID 0)
-- Dependencies: 262
-- Name: users_user_id_seq; Type: SEQUENCE SET; Schema: public; Owner: postgres
--

SELECT pg_catalog.setval('public.users_user_id_seq', 49, true);


--
-- TOC entry 2310 (class 2606 OID 17358)
-- Name: allergy_intolerance allergy_intolerance_pkey; Type: CONSTRAINT; Schema: public; Owner: postgres
--

ALTER TABLE ONLY public.allergy_intolerance
    ADD CONSTRAINT allergy_intolerance_pkey PRIMARY KEY (id);


--
-- TOC entry 2312 (class 2606 OID 17360)
-- Name: auth_temp auth_temp_pkey; Type: CONSTRAINT; Schema: public; Owner: postgres
--

ALTER TABLE ONLY public.auth_temp
    ADD CONSTRAINT auth_temp_pkey PRIMARY KEY (id);


--
-- TOC entry 2315 (class 2606 OID 17362)
-- Name: authenticator authenticator_pkey; Type: CONSTRAINT; Schema: public; Owner: postgres
--

ALTER TABLE ONLY public.authenticator
    ADD CONSTRAINT authenticator_pkey PRIMARY KEY (id);


--
-- TOC entry 2317 (class 2606 OID 17364)
-- Name: author author_pkey; Type: CONSTRAINT; Schema: public; Owner: postgres
--

ALTER TABLE ONLY public.author
    ADD CONSTRAINT author_pkey PRIMARY KEY (id);


--
-- TOC entry 2323 (class 2606 OID 17366)
-- Name: careteam_participant careteam_participant_pkey; Type: CONSTRAINT; Schema: public; Owner: postgres
--

ALTER TABLE ONLY public.careteam_participant
    ADD CONSTRAINT careteam_participant_pkey PRIMARY KEY (id);


--
-- TOC entry 2319 (class 2606 OID 17368)
-- Name: careplan careteam_pkey; Type: CONSTRAINT; Schema: public; Owner: postgres
--

ALTER TABLE ONLY public.careplan
    ADD CONSTRAINT careteam_pkey PRIMARY KEY (id);


--
-- TOC entry 2321 (class 2606 OID 17370)
-- Name: careteam careteam_pkey1; Type: CONSTRAINT; Schema: public; Owner: postgres
--

ALTER TABLE ONLY public.careteam
    ADD CONSTRAINT careteam_pkey1 PRIMARY KEY (id);


--
-- TOC entry 2325 (class 2606 OID 17372)
-- Name: clients clients_pkey; Type: CONSTRAINT; Schema: public; Owner: postgres
--

ALTER TABLE ONLY public.clients
    ADD CONSTRAINT clients_pkey PRIMARY KEY (id);


--
-- TOC entry 2328 (class 2606 OID 17374)
-- Name: condition condition_pkey; Type: CONSTRAINT; Schema: public; Owner: postgres
--

ALTER TABLE ONLY public.condition
    ADD CONSTRAINT condition_pkey PRIMARY KEY (id);


--
-- TOC entry 2330 (class 2606 OID 17376)
-- Name: confidentiality confidentiality_pkey; Type: CONSTRAINT; Schema: public; Owner: postgres
--

ALTER TABLE ONLY public.confidentiality
    ADD CONSTRAINT confidentiality_pkey PRIMARY KEY (id);


--
-- TOC entry 2332 (class 2606 OID 17378)
-- Name: content content_pkey; Type: CONSTRAINT; Schema: public; Owner: postgres
--

ALTER TABLE ONLY public.content
    ADD CONSTRAINT content_pkey PRIMARY KEY (id);


--
-- TOC entry 2334 (class 2606 OID 17380)
-- Name: context_event context_event_pkey; Type: CONSTRAINT; Schema: public; Owner: postgres
--

ALTER TABLE ONLY public.context_event
    ADD CONSTRAINT context_event_pkey PRIMARY KEY (id);


--
-- TOC entry 2336 (class 2606 OID 17382)
-- Name: context_facility_type context_facility_type_pkey; Type: CONSTRAINT; Schema: public; Owner: postgres
--

ALTER TABLE ONLY public.context_facility_type
    ADD CONSTRAINT context_facility_type_pkey PRIMARY KEY (id);


--
-- TOC entry 2338 (class 2606 OID 17384)
-- Name: context_period context_period_pkey; Type: CONSTRAINT; Schema: public; Owner: postgres
--

ALTER TABLE ONLY public.context_period
    ADD CONSTRAINT context_period_pkey PRIMARY KEY (id);


--
-- TOC entry 2340 (class 2606 OID 17386)
-- Name: custodian custodian_pkey; Type: CONSTRAINT; Schema: public; Owner: postgres
--

ALTER TABLE ONLY public.custodian
    ADD CONSTRAINT custodian_pkey PRIMARY KEY (id);


--
-- TOC entry 2342 (class 2606 OID 17388)
-- Name: device device_pkey; Type: CONSTRAINT; Schema: public; Owner: postgres
--

ALTER TABLE ONLY public.device
    ADD CONSTRAINT device_pkey PRIMARY KEY (id);


--
-- TOC entry 2344 (class 2606 OID 17390)
-- Name: diagnosticreport diagnosticreport_pkey; Type: CONSTRAINT; Schema: public; Owner: postgres
--

ALTER TABLE ONLY public.diagnosticreport
    ADD CONSTRAINT diagnosticreport_pkey PRIMARY KEY (id);


--
-- TOC entry 2347 (class 2606 OID 17392)
-- Name: doc_class_codes doc_class_codes_pkey; Type: CONSTRAINT; Schema: public; Owner: postgres
--

ALTER TABLE ONLY public.doc_class_codes
    ADD CONSTRAINT doc_class_codes_pkey PRIMARY KEY (id);


--
-- TOC entry 2349 (class 2606 OID 17394)
-- Name: doc_type_codes doc_type_codes_pkey; Type: CONSTRAINT; Schema: public; Owner: postgres
--

ALTER TABLE ONLY public.doc_type_codes
    ADD CONSTRAINT doc_type_codes_pkey PRIMARY KEY (id);


--
-- TOC entry 2353 (class 2606 OID 17396)
-- Name: document_reference_json document_reference_json_pkey; Type: CONSTRAINT; Schema: public; Owner: postgres
--

ALTER TABLE ONLY public.document_reference_json
    ADD CONSTRAINT document_reference_json_pkey PRIMARY KEY (id);


--
-- TOC entry 2351 (class 2606 OID 17398)
-- Name: document_reference document_reference_pkey; Type: CONSTRAINT; Schema: public; Owner: postgres
--

ALTER TABLE ONLY public.document_reference
    ADD CONSTRAINT document_reference_pkey PRIMARY KEY (id);


--
-- TOC entry 2355 (class 2606 OID 17400)
-- Name: goals goals_pkey; Type: CONSTRAINT; Schema: public; Owner: postgres
--

ALTER TABLE ONLY public.goals
    ADD CONSTRAINT goals_pkey PRIMARY KEY (id);


--
-- TOC entry 2357 (class 2606 OID 17402)
-- Name: immunization immunization_pkey; Type: CONSTRAINT; Schema: public; Owner: postgres
--

ALTER TABLE ONLY public.immunization
    ADD CONSTRAINT immunization_pkey PRIMARY KEY (id);


--
-- TOC entry 2359 (class 2606 OID 17404)
-- Name: location location_pkey; Type: CONSTRAINT; Schema: public; Owner: postgres
--

ALTER TABLE ONLY public.location
    ADD CONSTRAINT location_pkey PRIMARY KEY (location_id);


--
-- TOC entry 2362 (class 2606 OID 17406)
-- Name: manufacturer manufacturer_pkey; Type: CONSTRAINT; Schema: public; Owner: postgres
--

ALTER TABLE ONLY public.manufacturer
    ADD CONSTRAINT manufacturer_pkey PRIMARY KEY (id);


--
-- TOC entry 2364 (class 2606 OID 17408)
-- Name: marital_status marital_status_pkey; Type: CONSTRAINT; Schema: public; Owner: postgres
--

ALTER TABLE ONLY public.marital_status
    ADD CONSTRAINT marital_status_pkey PRIMARY KEY (code);


--
-- TOC entry 2369 (class 2606 OID 17410)
-- Name: medication_administration medication_administration_pkey; Type: CONSTRAINT; Schema: public; Owner: postgres
--

ALTER TABLE ONLY public.medication_administration
    ADD CONSTRAINT medication_administration_pkey PRIMARY KEY (id);


--
-- TOC entry 2372 (class 2606 OID 17412)
-- Name: medication_dispense medication_dispense_pkey; Type: CONSTRAINT; Schema: public; Owner: postgres
--

ALTER TABLE ONLY public.medication_dispense
    ADD CONSTRAINT medication_dispense_pkey PRIMARY KEY (id);


--
-- TOC entry 2366 (class 2606 OID 17414)
-- Name: medication medication_pkey; Type: CONSTRAINT; Schema: public; Owner: postgres
--

ALTER TABLE ONLY public.medication
    ADD CONSTRAINT medication_pkey PRIMARY KEY (id);


--
-- TOC entry 2374 (class 2606 OID 17416)
-- Name: medication_request medication_request_pkey; Type: CONSTRAINT; Schema: public; Owner: postgres
--

ALTER TABLE ONLY public.medication_request
    ADD CONSTRAINT medication_request_pkey PRIMARY KEY (id);


--
-- TOC entry 2377 (class 2606 OID 17418)
-- Name: medication_statement medication_statement_pkey; Type: CONSTRAINT; Schema: public; Owner: postgres
--

ALTER TABLE ONLY public.medication_statement
    ADD CONSTRAINT medication_statement_pkey PRIMARY KEY (id);


--
-- TOC entry 2379 (class 2606 OID 17420)
-- Name: observation observation_pkey; Type: CONSTRAINT; Schema: public; Owner: postgres
--

ALTER TABLE ONLY public.observation
    ADD CONSTRAINT observation_pkey PRIMARY KEY (id);


--
-- TOC entry 2382 (class 2606 OID 17422)
-- Name: organization organization_pkey; Type: CONSTRAINT; Schema: public; Owner: postgres
--

ALTER TABLE ONLY public.organization
    ADD CONSTRAINT organization_pkey PRIMARY KEY (id);


--
-- TOC entry 2388 (class 2606 OID 17424)
-- Name: patient_contact patient_contact_pkey; Type: CONSTRAINT; Schema: public; Owner: postgres
--

ALTER TABLE ONLY public.patient_contact
    ADD CONSTRAINT patient_contact_pkey PRIMARY KEY (id);


--
-- TOC entry 2385 (class 2606 OID 17426)
-- Name: patient patient_doc_pkey; Type: CONSTRAINT; Schema: public; Owner: postgres
--

ALTER TABLE ONLY public.patient
    ADD CONSTRAINT patient_doc_pkey PRIMARY KEY (id);


--
-- TOC entry 2390 (class 2606 OID 17428)
-- Name: patient_json patient_pkey; Type: CONSTRAINT; Schema: public; Owner: postgres
--

ALTER TABLE ONLY public.patient_json
    ADD CONSTRAINT patient_pkey PRIMARY KEY (id);


--
-- TOC entry 2392 (class 2606 OID 17430)
-- Name: practitioner practitioner_pkey; Type: CONSTRAINT; Schema: public; Owner: postgres
--

ALTER TABLE ONLY public.practitioner
    ADD CONSTRAINT practitioner_pkey PRIMARY KEY (id);


--
-- TOC entry 2394 (class 2606 OID 17432)
-- Name: procedure procedure_pkey; Type: CONSTRAINT; Schema: public; Owner: postgres
--

ALTER TABLE ONLY public.procedure
    ADD CONSTRAINT procedure_pkey PRIMARY KEY (procedure_id);


--
-- TOC entry 2397 (class 2606 OID 17434)
-- Name: questionnaire questionnaire_pkey; Type: CONSTRAINT; Schema: public; Owner: postgres
--

ALTER TABLE ONLY public.questionnaire
    ADD CONSTRAINT questionnaire_pkey PRIMARY KEY (id);


--
-- TOC entry 2400 (class 2606 OID 17436)
-- Name: questionnaireresponse questionnaireresponse_pkey; Type: CONSTRAINT; Schema: public; Owner: postgres
--

ALTER TABLE ONLY public.questionnaireresponse
    ADD CONSTRAINT questionnaireresponse_pkey PRIMARY KEY (qr_id);


--
-- TOC entry 2403 (class 2606 OID 17438)
-- Name: register register_pkey; Type: CONSTRAINT; Schema: public; Owner: postgres
--

ALTER TABLE ONLY public.register
    ADD CONSTRAINT register_pkey PRIMARY KEY (id);


--
-- TOC entry 2405 (class 2606 OID 17440)
-- Name: us_core_birthsex us_core_birthsex_pkey; Type: CONSTRAINT; Schema: public; Owner: postgres
--

ALTER TABLE ONLY public.us_core_birthsex
    ADD CONSTRAINT us_core_birthsex_pkey PRIMARY KEY (code);


--
-- TOC entry 2407 (class 2606 OID 17442)
-- Name: us_core_ethnicity us_core_ethnicity_pkey; Type: CONSTRAINT; Schema: public; Owner: postgres
--

ALTER TABLE ONLY public.us_core_ethnicity
    ADD CONSTRAINT us_core_ethnicity_pkey PRIMARY KEY (code);


--
-- TOC entry 2409 (class 2606 OID 17444)
-- Name: us_core_race us_core_race_pkey; Type: CONSTRAINT; Schema: public; Owner: postgres
--

ALTER TABLE ONLY public.us_core_race
    ADD CONSTRAINT us_core_race_pkey PRIMARY KEY (code);


--
-- TOC entry 2411 (class 2606 OID 17446)
-- Name: us_core_religion us_core_religion_pkey; Type: CONSTRAINT; Schema: public; Owner: postgres
--

ALTER TABLE ONLY public.us_core_religion
    ADD CONSTRAINT us_core_religion_pkey PRIMARY KEY (code);


--
-- TOC entry 2413 (class 2606 OID 17448)
-- Name: users users_pkey; Type: CONSTRAINT; Schema: public; Owner: postgres
--

ALTER TABLE ONLY public.users
    ADD CONSTRAINT users_pkey PRIMARY KEY (user_id);


--
-- TOC entry 2367 (class 1259 OID 17449)
-- Name: fki_medication_administration_prescription_fkey; Type: INDEX; Schema: public; Owner: postgres
--

CREATE INDEX fki_medication_administration_prescription_fkey ON public.medication_administration USING btree (prescription);


--
-- TOC entry 2370 (class 1259 OID 17450)
-- Name: fki_medication_dispense_authorizingprescription_fkey; Type: INDEX; Schema: public; Owner: postgres
--

CREATE INDEX fki_medication_dispense_authorizingprescription_fkey ON public.medication_dispense USING btree (authorizingprescription);


--
-- TOC entry 2386 (class 1259 OID 17451)
-- Name: fki_pk_patient; Type: INDEX; Schema: public; Owner: postgres
--

CREATE INDEX fki_pk_patient ON public.patient_contact USING btree (patient_id);


--
-- TOC entry 2313 (class 1259 OID 17452)
-- Name: xpkauth_temp; Type: INDEX; Schema: public; Owner: postgres
--

CREATE UNIQUE INDEX xpkauth_temp ON public.auth_temp USING btree (id);


--
-- TOC entry 2326 (class 1259 OID 17453)
-- Name: xpkclients; Type: INDEX; Schema: public; Owner: postgres
--

CREATE UNIQUE INDEX xpkclients ON public.clients USING btree (id);


--
-- TOC entry 2345 (class 1259 OID 17454)
-- Name: xpkdiagnosticreport; Type: INDEX; Schema: public; Owner: postgres
--

CREATE UNIQUE INDEX xpkdiagnosticreport ON public.diagnosticreport USING btree (id);


--
-- TOC entry 2360 (class 1259 OID 17455)
-- Name: xpklocation; Type: INDEX; Schema: public; Owner: postgres
--

CREATE UNIQUE INDEX xpklocation ON public.location USING btree (location_id);


--
-- TOC entry 2375 (class 1259 OID 17456)
-- Name: xpkmedicationrequest; Type: INDEX; Schema: public; Owner: postgres
--

CREATE UNIQUE INDEX xpkmedicationrequest ON public.medication_request USING btree (id);


--
-- TOC entry 2380 (class 1259 OID 17457)
-- Name: xpkobservation; Type: INDEX; Schema: public; Owner: postgres
--

CREATE UNIQUE INDEX xpkobservation ON public.observation USING btree (id);


--
-- TOC entry 2383 (class 1259 OID 17458)
-- Name: xpkorganization; Type: INDEX; Schema: public; Owner: postgres
--

CREATE UNIQUE INDEX xpkorganization ON public.organization USING btree (id);


--
-- TOC entry 2395 (class 1259 OID 17459)
-- Name: xpkprocedure; Type: INDEX; Schema: public; Owner: postgres
--

CREATE UNIQUE INDEX xpkprocedure ON public.procedure USING btree (procedure_id);


--
-- TOC entry 2398 (class 1259 OID 17460)
-- Name: xpkquestionnaire; Type: INDEX; Schema: public; Owner: postgres
--

CREATE UNIQUE INDEX xpkquestionnaire ON public.questionnaire USING btree (id);


--
-- TOC entry 2401 (class 1259 OID 17461)
-- Name: xpkquestionnaireresponse; Type: INDEX; Schema: public; Owner: postgres
--

CREATE UNIQUE INDEX xpkquestionnaireresponse ON public.questionnaireresponse USING btree (qr_id);


--
-- TOC entry 2414 (class 1259 OID 17462)
-- Name: xpkusers; Type: INDEX; Schema: public; Owner: postgres
--

CREATE UNIQUE INDEX xpkusers ON public.users USING btree (user_id);


--
-- TOC entry 2415 (class 2606 OID 17463)
-- Name: allergy_intolerance allergy_intolerance_patient_fkey; Type: FK CONSTRAINT; Schema: public; Owner: postgres
--

ALTER TABLE ONLY public.allergy_intolerance
    ADD CONSTRAINT allergy_intolerance_patient_fkey FOREIGN KEY (patient) REFERENCES public.patient(id);


--
-- TOC entry 2416 (class 2606 OID 17468)
-- Name: allergy_intolerance allergy_intolerance_recorder_fkey; Type: FK CONSTRAINT; Schema: public; Owner: postgres
--

ALTER TABLE ONLY public.allergy_intolerance
    ADD CONSTRAINT allergy_intolerance_recorder_fkey FOREIGN KEY (recorder) REFERENCES public.practitioner(id);


--
-- TOC entry 2417 (class 2606 OID 17473)
-- Name: careplan careteam_fkey; Type: FK CONSTRAINT; Schema: public; Owner: postgres
--

ALTER TABLE ONLY public.careplan
    ADD CONSTRAINT careteam_fkey FOREIGN KEY (patient) REFERENCES public.patient(id);


--
-- TOC entry 2419 (class 2606 OID 17478)
-- Name: careteam_participant careteam_participant_fkey; Type: FK CONSTRAINT; Schema: public; Owner: postgres
--

ALTER TABLE ONLY public.careteam_participant
    ADD CONSTRAINT careteam_participant_fkey FOREIGN KEY (careteam) REFERENCES public.careplan(id);


--
-- TOC entry 2418 (class 2606 OID 17483)
-- Name: careteam careteam_subject_fkey; Type: FK CONSTRAINT; Schema: public; Owner: postgres
--

ALTER TABLE ONLY public.careteam
    ADD CONSTRAINT careteam_subject_fkey FOREIGN KEY (subject) REFERENCES public.patient(id);


--
-- TOC entry 2421 (class 2606 OID 17488)
-- Name: condition condition_asserter_fkey; Type: FK CONSTRAINT; Schema: public; Owner: postgres
--

ALTER TABLE ONLY public.condition
    ADD CONSTRAINT condition_asserter_fkey FOREIGN KEY (asserter) REFERENCES public.practitioner(id);


--
-- TOC entry 2422 (class 2606 OID 17493)
-- Name: condition condition_patient_fkey; Type: FK CONSTRAINT; Schema: public; Owner: postgres
--

ALTER TABLE ONLY public.condition
    ADD CONSTRAINT condition_patient_fkey FOREIGN KEY (subject) REFERENCES public.patient(id);


--
-- TOC entry 2423 (class 2606 OID 17498)
-- Name: diagnosticreport d_1; Type: FK CONSTRAINT; Schema: public; Owner: postgres
--

ALTER TABLE ONLY public.diagnosticreport
    ADD CONSTRAINT d_1 FOREIGN KEY (subject) REFERENCES public.patient(id);


--
-- TOC entry 2424 (class 2606 OID 17503)
-- Name: diagnosticreport d_3; Type: FK CONSTRAINT; Schema: public; Owner: postgres
--

ALTER TABLE ONLY public.diagnosticreport
    ADD CONSTRAINT d_3 FOREIGN KEY (result) REFERENCES public.observation(id);


--
-- TOC entry 2425 (class 2606 OID 17508)
-- Name: document_reference fk_1q8mubdgsfl88xgdt750e560x; Type: FK CONSTRAINT; Schema: public; Owner: postgres
--

ALTER TABLE ONLY public.document_reference
    ADD CONSTRAINT fk_1q8mubdgsfl88xgdt750e560x FOREIGN KEY (custodian) REFERENCES public.author(id);


--
-- TOC entry 2426 (class 2606 OID 17513)
-- Name: document_reference fk_1tahe0pbr48tgj7xc4ulobsig; Type: FK CONSTRAINT; Schema: public; Owner: postgres
--

ALTER TABLE ONLY public.document_reference
    ADD CONSTRAINT fk_1tahe0pbr48tgj7xc4ulobsig FOREIGN KEY (context_facility_type) REFERENCES public.context_facility_type(id);


--
-- TOC entry 2427 (class 2606 OID 17518)
-- Name: document_reference fk_3gk0pg0vulct3w40wi905ks16; Type: FK CONSTRAINT; Schema: public; Owner: postgres
--

ALTER TABLE ONLY public.document_reference
    ADD CONSTRAINT fk_3gk0pg0vulct3w40wi905ks16 FOREIGN KEY (content) REFERENCES public.content(id);


--
-- TOC entry 2428 (class 2606 OID 17523)
-- Name: document_reference fk_3t1eqf1xm3b8lmxkpwnnp59gd; Type: FK CONSTRAINT; Schema: public; Owner: postgres
--

ALTER TABLE ONLY public.document_reference
    ADD CONSTRAINT fk_3t1eqf1xm3b8lmxkpwnnp59gd FOREIGN KEY (subject) REFERENCES public.patient(id);


--
-- TOC entry 2429 (class 2606 OID 17528)
-- Name: document_reference fk_42jdseen1dnvmjflubsm8rwi7; Type: FK CONSTRAINT; Schema: public; Owner: postgres
--

ALTER TABLE ONLY public.document_reference
    ADD CONSTRAINT fk_42jdseen1dnvmjflubsm8rwi7 FOREIGN KEY (author) REFERENCES public.author(id);


--
-- TOC entry 2448 (class 2606 OID 17533)
-- Name: patient_json fk_58gwuapkd08tmx6uf5k1cig59; Type: FK CONSTRAINT; Schema: public; Owner: postgres
--

ALTER TABLE ONLY public.patient_json
    ADD CONSTRAINT fk_58gwuapkd08tmx6uf5k1cig59 FOREIGN KEY (religion) REFERENCES public.us_core_religion(code);


--
-- TOC entry 2430 (class 2606 OID 17538)
-- Name: document_reference fk_bm380fauc5j7uwk7lqrodgs23; Type: FK CONSTRAINT; Schema: public; Owner: postgres
--

ALTER TABLE ONLY public.document_reference
    ADD CONSTRAINT fk_bm380fauc5j7uwk7lqrodgs23 FOREIGN KEY (type) REFERENCES public.doc_type_codes(id);


--
-- TOC entry 2431 (class 2606 OID 17543)
-- Name: document_reference fk_c4l8hv3yg0v441sgp9qinq5rf; Type: FK CONSTRAINT; Schema: public; Owner: postgres
--

ALTER TABLE ONLY public.document_reference
    ADD CONSTRAINT fk_c4l8hv3yg0v441sgp9qinq5rf FOREIGN KEY (context_event) REFERENCES public.context_event(id);


--
-- TOC entry 2432 (class 2606 OID 17548)
-- Name: document_reference fk_cn20r185drl23h6pu3unu1b5s; Type: FK CONSTRAINT; Schema: public; Owner: postgres
--

ALTER TABLE ONLY public.document_reference
    ADD CONSTRAINT fk_cn20r185drl23h6pu3unu1b5s FOREIGN KEY (context_period) REFERENCES public.context_period(id);


--
-- TOC entry 2433 (class 2606 OID 17553)
-- Name: document_reference fk_driop6965u0ksfbo97k3cidxx; Type: FK CONSTRAINT; Schema: public; Owner: postgres
--

ALTER TABLE ONLY public.document_reference
    ADD CONSTRAINT fk_driop6965u0ksfbo97k3cidxx FOREIGN KEY (class_code) REFERENCES public.doc_class_codes(id);


--
-- TOC entry 2434 (class 2606 OID 17558)
-- Name: document_reference fk_ev4f774kix0uty1dv54iscodl; Type: FK CONSTRAINT; Schema: public; Owner: postgres
--

ALTER TABLE ONLY public.document_reference
    ADD CONSTRAINT fk_ev4f774kix0uty1dv54iscodl FOREIGN KEY (authenticator) REFERENCES public.authenticator(id);


--
-- TOC entry 2435 (class 2606 OID 17563)
-- Name: document_reference fk_l9kjioygwvrangj6e6bupdtf3; Type: FK CONSTRAINT; Schema: public; Owner: postgres
--

ALTER TABLE ONLY public.document_reference
    ADD CONSTRAINT fk_l9kjioygwvrangj6e6bupdtf3 FOREIGN KEY (confidentiality) REFERENCES public.confidentiality(id);


--
-- TOC entry 2449 (class 2606 OID 17568)
-- Name: patient_json fk_pjbofgtkq12fic92k5jfma1j0; Type: FK CONSTRAINT; Schema: public; Owner: postgres
--

ALTER TABLE ONLY public.patient_json
    ADD CONSTRAINT fk_pjbofgtkq12fic92k5jfma1j0 FOREIGN KEY (marital_status) REFERENCES public.marital_status(code);


--
-- TOC entry 2450 (class 2606 OID 17573)
-- Name: patient_json fk_pvkw0gqb5hv0ilubxj2hr1y0k; Type: FK CONSTRAINT; Schema: public; Owner: postgres
--

ALTER TABLE ONLY public.patient_json
    ADD CONSTRAINT fk_pvkw0gqb5hv0ilubxj2hr1y0k FOREIGN KEY (ethnicity) REFERENCES public.us_core_ethnicity(code);


--
-- TOC entry 2451 (class 2606 OID 17578)
-- Name: patient_json fk_rvpuetwi19rnx82s8a9n9130m; Type: FK CONSTRAINT; Schema: public; Owner: postgres
--

ALTER TABLE ONLY public.patient_json
    ADD CONSTRAINT fk_rvpuetwi19rnx82s8a9n9130m FOREIGN KEY (race) REFERENCES public.us_core_race(code);


--
-- TOC entry 2452 (class 2606 OID 17583)
-- Name: patient_json fk_usbirthsex; Type: FK CONSTRAINT; Schema: public; Owner: postgres
--

ALTER TABLE ONLY public.patient_json
    ADD CONSTRAINT fk_usbirthsex FOREIGN KEY (birthsex) REFERENCES public.us_core_birthsex(code) ON DELETE CASCADE;


--
-- TOC entry 2437 (class 2606 OID 17588)
-- Name: medication_administration medication_administration_medicationreference_fkey; Type: FK CONSTRAINT; Schema: public; Owner: postgres
--

ALTER TABLE ONLY public.medication_administration
    ADD CONSTRAINT medication_administration_medicationreference_fkey FOREIGN KEY (medicationreference) REFERENCES public.medication(id);


--
-- TOC entry 2438 (class 2606 OID 17593)
-- Name: medication_administration medication_administration_patient_fkey; Type: FK CONSTRAINT; Schema: public; Owner: postgres
--

ALTER TABLE ONLY public.medication_administration
    ADD CONSTRAINT medication_administration_patient_fkey FOREIGN KEY (subject) REFERENCES public.patient(id);


--
-- TOC entry 2439 (class 2606 OID 17598)
-- Name: medication_administration medication_administration_prescription_fkey; Type: FK CONSTRAINT; Schema: public; Owner: postgres
--

ALTER TABLE ONLY public.medication_administration
    ADD CONSTRAINT medication_administration_prescription_fkey FOREIGN KEY (prescription) REFERENCES public.medication_request(id);


--
-- TOC entry 2440 (class 2606 OID 17603)
-- Name: medication_dispense medication_dispense_authorizingprescription_fkey; Type: FK CONSTRAINT; Schema: public; Owner: postgres
--

ALTER TABLE ONLY public.medication_dispense
    ADD CONSTRAINT medication_dispense_authorizingprescription_fkey FOREIGN KEY (authorizingprescription) REFERENCES public.medication_request(id);


--
-- TOC entry 2441 (class 2606 OID 17608)
-- Name: medication_dispense medication_dispense_dispenser_fkey; Type: FK CONSTRAINT; Schema: public; Owner: postgres
--

ALTER TABLE ONLY public.medication_dispense
    ADD CONSTRAINT medication_dispense_dispenser_fkey FOREIGN KEY (dispenser) REFERENCES public.practitioner(id);


--
-- TOC entry 2442 (class 2606 OID 17613)
-- Name: medication_dispense medication_dispense_medicationreference_fkey; Type: FK CONSTRAINT; Schema: public; Owner: postgres
--

ALTER TABLE ONLY public.medication_dispense
    ADD CONSTRAINT medication_dispense_medicationreference_fkey FOREIGN KEY (medicationreference) REFERENCES public.medication(id);


--
-- TOC entry 2443 (class 2606 OID 17618)
-- Name: medication_dispense medication_dispense_patient_fkey; Type: FK CONSTRAINT; Schema: public; Owner: postgres
--

ALTER TABLE ONLY public.medication_dispense
    ADD CONSTRAINT medication_dispense_patient_fkey FOREIGN KEY (patient) REFERENCES public.patient(id);


--
-- TOC entry 2436 (class 2606 OID 17623)
-- Name: medication medication_med_manufacturer_fkey; Type: FK CONSTRAINT; Schema: public; Owner: postgres
--

ALTER TABLE ONLY public.medication
    ADD CONSTRAINT medication_med_manufacturer_fkey FOREIGN KEY (med_manufacturer) REFERENCES public.manufacturer(id);


--
-- TOC entry 2444 (class 2606 OID 17628)
-- Name: medication_statement medication_statement_medicationreference_fkey; Type: FK CONSTRAINT; Schema: public; Owner: postgres
--

ALTER TABLE ONLY public.medication_statement
    ADD CONSTRAINT medication_statement_medicationreference_fkey FOREIGN KEY (medicationreference) REFERENCES public.medication(id);


--
-- TOC entry 2445 (class 2606 OID 17633)
-- Name: medication_statement medication_statement_patient_fkey; Type: FK CONSTRAINT; Schema: public; Owner: postgres
--

ALTER TABLE ONLY public.medication_statement
    ADD CONSTRAINT medication_statement_patient_fkey FOREIGN KEY (subject) REFERENCES public.patient(id);


--
-- TOC entry 2446 (class 2606 OID 17638)
-- Name: observation o_1; Type: FK CONSTRAINT; Schema: public; Owner: postgres
--

ALTER TABLE ONLY public.observation
    ADD CONSTRAINT o_1 FOREIGN KEY (patient) REFERENCES public.patient(id);


--
-- TOC entry 2453 (class 2606 OID 17643)
-- Name: procedure p_1; Type: FK CONSTRAINT; Schema: public; Owner: postgres
--

ALTER TABLE ONLY public.procedure
    ADD CONSTRAINT p_1 FOREIGN KEY (subject) REFERENCES public.patient(id);


--
-- TOC entry 2447 (class 2606 OID 17648)
-- Name: patient_contact pk_patient; Type: FK CONSTRAINT; Schema: public; Owner: postgres
--

ALTER TABLE ONLY public.patient_contact
    ADD CONSTRAINT pk_patient FOREIGN KEY (patient_id) REFERENCES public.patient_json(id);


--
-- TOC entry 2454 (class 2606 OID 17653)
-- Name: questionnaireresponse r_1; Type: FK CONSTRAINT; Schema: public; Owner: postgres
--

ALTER TABLE ONLY public.questionnaireresponse
    ADD CONSTRAINT r_1 FOREIGN KEY (questionnaire_id) REFERENCES public.questionnaire(id);


--
-- TOC entry 2420 (class 2606 OID 17658)
-- Name: clients r_1; Type: FK CONSTRAINT; Schema: public; Owner: postgres
--

ALTER TABLE ONLY public.clients
    ADD CONSTRAINT r_1 FOREIGN KEY (user_id) REFERENCES public.users(user_id);


-- Completed on 2018-06-27 20:41:21

--
-- PostgreSQL database dump complete
--

